-- phpMyAdmin SQL Dump
-- version 5.2.2
-- https://www.phpmyadmin.net/
--
-- Host: localhost
-- Generation Time: Apr 20, 2025 at 05:37 AM
-- Server version: 10.4.28-MariaDB
-- PHP Version: 8.2.4

use Eduverse_12;

SET SQL_MODE = "NO_AUTO_VALUE_ON_ZERO";
START TRANSACTION;
SET time_zone = "+00:00";


/*!40101 SET @OLD_CHARACTER_SET_CLIENT=@@CHARACTER_SET_CLIENT */;
/*!40101 SET @OLD_CHARACTER_SET_RESULTS=@@CHARACTER_SET_RESULTS */;
/*!40101 SET @OLD_COLLATION_CONNECTION=@@COLLATION_CONNECTION */;
/*!40101 SET NAMES utf8mb4 */;

--
-- Database: `Eduverse-12`
--

-- --------------------------------------------------------

--
-- Table structure for table `Content`
--

CREATE TABLE `Content` (
  `ContentID` int(11) NOT NULL,
  `SectionID` int(11) NOT NULL,
  `Title` varchar(100) NOT NULL,
  `Description` text DEFAULT NULL,
  `FilePath` varchar(255) DEFAULT NULL,
  `UploadDate` datetime DEFAULT current_timestamp(),
  `ContentType` varchar(20) NOT NULL DEFAULT 'Assignment',
  `IsStudentUpload` tinyint(1) DEFAULT 0
) ENGINE=InnoDB DEFAULT CHARSET=utf8mb4 COLLATE=utf8mb4_general_ci;

--
-- Dumping data for table `Content`
--

INSERT INTO `Content` (`ContentID`, `SectionID`, `Title`, `Description`, `FilePath`, `UploadDate`, `ContentType`, `IsStudentUpload`) VALUES
(2, 3, 'HW1', 'This is just a test', '680440b8451ea_CS 4341- Spring 2025- Assignment#3.pdf', '2025-04-19 19:32:56', 'Assignment', 0),
(4, 3, 'Test2', 'Test2', '6804491c917d3_Screenshot 2025-04-18 at 8.30.21 PM.png', '2025-04-19 20:08:44', 'Assignment', 1);

-- --------------------------------------------------------

--
-- Table structure for table `Course`
--

CREATE TABLE `Course` (
  `Course_ID` varchar(10) NOT NULL,
  `C_Name` varchar(100) NOT NULL,
  `Department` varchar(50) NOT NULL
) ENGINE=InnoDB DEFAULT CHARSET=utf8mb4 COLLATE=utf8mb4_general_ci;

--
-- Dumping data for table `Course`
--

INSERT INTO `Course` (`Course_ID`, `C_Name`, `Department`) VALUES
('CS 1111', 'Add Course Testing', 'Computer Science'),
('CS 1134', 'CS 1134', 'Computer Science'),
('CS 1136', 'CS 1136', 'Computer Science'),
('CS 1200', 'CS 1200', 'Computer Science'),
('CS 1324', 'CS 1324', 'Computer Science'),
('CS 1325', 'CS 1325', 'Computer Science'),
('CS 1334', 'CS 1334', 'Computer Science'),
('CS 1335', 'CS 1335', 'Computer Science'),
('CS 1336', 'CS 1336', 'Computer Science'),
('CS 1337', 'CS 1337', 'Computer Science'),
('CS 1436', 'CS 1436', 'Computer Science'),
('CS 2305', 'CS 2305', 'Computer Science'),
('CS 2335', 'CS 2335', 'Computer Science'),
('CS 2336', 'CS 2336', 'Computer Science'),
('CS 2337', 'CS 2337', 'Computer Science'),
('CS 2340', 'CS 2340', 'Computer Science'),
('CS 3149', 'CS 3149', 'Computer Science'),
('CS 3162', 'CS 3162', 'Computer Science'),
('CS 3305', 'CS 3305', 'Computer Science'),
('CS 3333', 'CS 3333', 'Data Science'),
('CS 3341', 'CS 3341', 'Computer Science'),
('CS 3345', 'CS 3345', 'Data Science'),
('CS 3349', 'CS 3349', 'Computer Science'),
('CS 3354', 'CS 3354', 'Computer Science'),
('CS 3360', 'CS 3360', 'Computer Science'),
('CS 3377', 'CS 3377', 'Computer Science'),
('CS 4141', 'CS 4141', 'Computer Science'),
('CS 4301', 'CS 4301', 'Computer Science'),
('CS 4314', 'CS 4314', 'Computer Science'),
('CS 4315', 'CS 4315', 'Computer Science'),
('CS 4334', 'CS 4334', 'Computer Science'),
('CS 4336', 'CS 4336', 'Computer Science'),
('CS 4337', 'CS 4337', 'Computer Science'),
('CS 4341', 'CS 4341', 'Computer Science'),
('CS 4347', 'CS 4347', 'Data Science'),
('CS 4348', 'CS 4348', 'Computer Science'),
('CS 4349', 'CS 4349', 'Computer Science'),
('CS 4352', 'CS 4352', 'Computer Science'),
('CS 4353', 'CS 4353', 'Computer Science'),
('CS 4361', 'CS 4361', 'Computer Science'),
('CS 4365', 'CS 4365', 'Computer Science'),
('CS 4375', 'CS 4375', 'Data Science'),
('CS 4376', 'CS 4376', 'Computer Science'),
('CS 4384', 'CS 4384', 'Computer Science'),
('CS 4386', 'CS 4386', 'Computer Science'),
('CS 4389', 'CS 4389', 'Cybersecurity'),
('CS 4390', 'CS 4390', 'Cybersecurity'),
('CS 4391', 'CS 4391', 'Computer Science'),
('CS 4392', 'CS 4392', 'Computer Science'),
('CS 4393', 'CS 4393', 'Cybersecurity'),
('CS 4394', 'CS 4394', 'Computer Science'),
('CS 4395', 'CS 4395', 'Computer Science'),
('CS 4396', 'CS 4396', 'Cybersecurity'),
('CS 4397', 'CS 4397', 'Computer Science'),
('CS 4398', 'CS 4398', 'Computer Science'),
('CS 4399', 'CS 4399', 'Computer Science'),
('CS 4459', 'CS 4459', 'Computer Science'),
('CS 4485', 'CS 4485', 'Computer Science'),
('CS 4V95', 'CS 4V95', 'Computer Science'),
('CS 4V98', 'CS 4V98', 'Computer Science'),
('ITSS 3300', 'ITSS 3300', 'Information Technology'),
('ITSS 3311', 'ITSS 3311', 'Information Technology'),
('ITSS 3312', 'ITSS 3312', 'Information Technology'),
('ITSS 3370', 'ITSS 3370', 'Information Technology'),
('ITSS 3390', 'ITSS 3390', 'Information Technology'),
('ITSS 4090', 'ITSS 4090', 'Information Technology'),
('ITSS 4300', 'ITSS 4300', 'Information Technology'),
('ITSS 4301', 'ITSS 4301', 'Information Technology'),
('ITSS 4312', 'ITSS 4312', 'Information Technology'),
('ITSS 4320', 'ITSS 4320', 'Information Technology'),
('ITSS 4330', 'ITSS 4330', 'Information Technology'),
('ITSS 4340', 'ITSS 4340', 'Information Technology'),
('ITSS 4342', 'ITSS 4342', 'Information Technology'),
('ITSS 4343', 'ITSS 4343', 'Information Technology'),
('ITSS 4344', 'ITSS 4344', 'Information Technology'),
('ITSS 4351', 'ITSS 4351', 'Information Technology'),
('ITSS 4352', 'ITSS 4352', 'Information Technology'),
('ITSS 4353', 'ITSS 4353', 'Information Technology'),
('ITSS 4354', 'ITSS 4354', 'Information Technology'),
('ITSS 4355', 'ITSS 4355', 'Information Technology'),
('ITSS 4356', 'ITSS 4356', 'Information Technology'),
('ITSS 4360', 'ITSS 4360', 'Information Technology'),
('ITSS 4361', 'ITSS 4361', 'Information Technology'),
('ITSS 4362', 'ITSS 4362', 'Information Technology'),
('ITSS 4370', 'ITSS 4370', 'Information Technology'),
('ITSS 4371', 'ITSS 4371', 'Information Technology'),
('ITSS 4380', 'ITSS 4380', 'Information Technology'),
('ITSS 4381', 'ITSS 4381', 'Information Technology'),
('ITSS 4382', 'ITSS 4382', 'Information Technology'),
('ITSS 4383', 'ITSS 4383', 'Information Technology'),
('ITSS 4395', 'ITSS 4395', 'Information Technology'),
('ITSS 4V81', 'ITSS 4V81', 'Information Technology'),
('ITSS 4V90', 'ITSS 4V90', 'Information Technology'),
('ITSS 4V95', 'ITSS 4V95', 'Information Technology'),
('SE 3162', 'SE 3162', 'Software Engineering'),
('SE 3306', 'SE 3306', 'Software Engineering'),
('SE 3341', 'SE 3341', 'Software Engineering'),
('SE 3345', 'SE 3345', 'Data Science'),
('SE 3354', 'SE 3354', 'Software Engineering'),
('SE 3377', 'SE 3377', 'Software Engineering'),
('SE 4347', 'SE 4347', 'Data Science'),
('SE 4348', 'SE 4348', 'Software Engineering'),
('SE 4351', 'SE 4351', 'Software Engineering'),
('SE 4352', 'SE 4352', 'Software Engineering'),
('SE 4367', 'SE 4367', 'Software Engineering'),
('SE 4376', 'SE 4376', 'Software Engineering'),
('SE 4381', 'SE 4381', 'Software Engineering'),
('SE 4399', 'SE 4399', 'Software Engineering'),
('SE 4485', 'SE 4485', 'Software Engineering');

-- --------------------------------------------------------

--
-- Table structure for table `Department`
--

CREATE TABLE `Department` (
  `Dname` varchar(50) NOT NULL,
  `Dphone` varchar(10) DEFAULT NULL,
  `Doffice` varchar(50) DEFAULT NULL
) ENGINE=InnoDB DEFAULT CHARSET=utf8mb4 COLLATE=utf8mb4_general_ci;

--
-- Dumping data for table `Department`
--

INSERT INTO `Department` (`Dname`, `Dphone`, `Doffice`) VALUES
('Computer Science', '8086502444', 'ECSS 1\r'),
('Cybersecurity', '9386117287', 'ECSW 3\r'),
('Data Science', '0375935068', 'ECSN 3\r'),
('Information Technology', '3836793719', 'ECSN 1\r'),
('Nanoscience and Technology', '7095808352', 'ECSW 1\r'),
('Software Engineering', '3514484286', 'ECSW 4\r');

-- --------------------------------------------------------

--
-- Table structure for table `Major`
--

CREATE TABLE `Major` (
  `StudentSSN` char(9) NOT NULL,
  `Department` varchar(50) NOT NULL
) ENGINE=InnoDB DEFAULT CHARSET=utf8mb4 COLLATE=utf8mb4_general_ci;

--
-- Dumping data for table `Major`
--

INSERT INTO `Major` (`StudentSSN`, `Department`) VALUES
('100000002', 'Computer Science'),
('100000003', 'Software Engineering'),
('100000004', 'Data Science'),
('100000005', 'Software Engineering'),
('100000006', 'Information Technology'),
('100000007', 'Computer Science'),
('100000008', 'Data Science'),
('100000009', 'Computer Science'),
('100000010', 'Software Engineering'),
('100000011', 'Information Technology'),
('100000012', 'Data Science'),
('100000013', 'Computer Science'),
('100000014', 'Data Science'),
('100000015', 'Information Technology'),
('100000016', 'Information Technology'),
('100000017', 'Information Technology'),
('100000018', 'Computer Science'),
('100000019', 'Information Technology'),
('100000020', 'Software Engineering'),
('100000021', 'Data Science'),
('100000022', 'Information Technology'),
('100000023', 'Information Technology'),
('100000024', 'Computer Science'),
('100000025', 'Data Science'),
('100000026', 'Information Technology'),
('100000027', 'Software Engineering'),
('100000028', 'Information Technology'),
('100000029', 'Software Engineering'),
('100000030', 'Software Engineering'),
('100000031', 'Information Technology'),
('100000032', 'Data Science'),
('100000033', 'Software Engineering'),
('100000034', 'Software Engineering'),
('100000035', 'Data Science'),
('100000036', 'Data Science'),
('100000037', 'Computer Science'),
('100000038', 'Data Science'),
('100000039', 'Data Science'),
('100000040', 'Software Engineering'),
('100000041', 'Computer Science'),
('100000042', 'Information Technology'),
('100000043', 'Software Engineering'),
('100000044', 'Data Science'),
('100000045', 'Information Technology'),
('100000046', 'Information Technology'),
('100000047', 'Software Engineering'),
('100000048', 'Computer Science'),
('100000049', 'Software Engineering'),
('100000050', 'Data Science'),
('100000051', 'Computer Science'),
('100000052', 'Computer Science'),
('100000053', 'Information Technology'),
('100000054', 'Computer Science'),
('100000055', 'Computer Science'),
('100000056', 'Computer Science'),
('100000057', 'Information Technology'),
('100000058', 'Data Science'),
('100000059', 'Data Science'),
('100000060', 'Software Engineering'),
('100000061', 'Computer Science'),
('100000062', 'Software Engineering'),
('100000063', 'Data Science'),
('100000064', 'Software Engineering'),
('100000065', 'Information Technology'),
('100000066', 'Information Technology'),
('100000067', 'Software Engineering'),
('100000068', 'Data Science'),
('100000069', 'Information Technology'),
('100000070', 'Information Technology'),
('100000071', 'Software Engineering'),
('100000072', 'Software Engineering'),
('100000073', 'Information Technology'),
('100000074', 'Information Technology'),
('100000075', 'Software Engineering'),
('100000076', 'Software Engineering'),
('100000077', 'Computer Science'),
('100000078', 'Data Science'),
('100000079', 'Software Engineering'),
('100000080', 'Data Science'),
('100000081', 'Software Engineering'),
('100000082', 'Computer Science'),
('100000083', 'Information Technology'),
('100000084', 'Information Technology'),
('100000085', 'Software Engineering'),
('100000086', 'Software Engineering'),
('100000087', 'Information Technology'),
('100000088', 'Software Engineering'),
('100000089', 'Information Technology'),
('100000090', 'Data Science'),
('100000091', 'Data Science'),
('100000092', 'Software Engineering'),
('100000093', 'Computer Science'),
('100000094', 'Information Technology'),
('100000095', 'Software Engineering'),
('100000096', 'Information Technology'),
('100000097', 'Information Technology'),
('100000098', 'Software Engineering'),
('101193188', 'Computer Science'),
('101739660', 'Software Engineering'),
('102283760', 'Computer Science'),
('107110226', 'Software Engineering'),
('109730698', 'Computer Science'),
('113129880', 'Computer Science'),
('113446224', 'Software Engineering'),
('114203867', 'Software Engineering'),
('115774329', 'Data Science'),
('117355142', 'Information Technology'),
('119669553', 'Data Science'),
('119931620', 'Data Science'),
('120915055', 'Data Science'),
('122610077', 'Information Technology'),
('122766420', 'Software Engineering'),
('123155514', 'Data Science'),
('125220880', 'Software Engineering'),
('126201917', 'Software Engineering'),
('126297191', 'Software Engineering'),
('126902403', 'Information Technology'),
('127440715', 'Data Science'),
('127623110', 'Data Science'),
('129280263', 'Computer Science'),
('129474045', 'Computer Science'),
('130849538', 'Information Technology'),
('134245824', 'Information Technology'),
('135467474', 'Computer Science'),
('139620818', 'Software Engineering'),
('139675375', 'Software Engineering'),
('140357503', 'Information Technology'),
('140504709', 'Computer Science'),
('140514537', 'Information Technology'),
('140854214', 'Information Technology'),
('140885336', 'Information Technology'),
('143525711', 'Computer Science'),
('145050736', 'Software Engineering'),
('148738946', 'Information Technology'),
('149973719', 'Software Engineering'),
('150590028', 'Information Technology'),
('153530670', 'Data Science'),
('155022875', 'Data Science'),
('155884239', 'Data Science'),
('156438046', 'Software Engineering'),
('156526146', 'Information Technology'),
('159057629', 'Computer Science'),
('159228671', 'Data Science'),
('163144477', 'Computer Science'),
('164683291', 'Data Science'),
('165090933', 'Software Engineering'),
('166137407', 'Software Engineering'),
('170752202', 'Software Engineering'),
('170915019', 'Information Technology'),
('171799316', 'Computer Science'),
('172507097', 'Software Engineering'),
('172615399', 'Computer Science'),
('172759481', 'Computer Science'),
('172798883', 'Computer Science'),
('173005297', 'Data Science'),
('173346369', 'Computer Science'),
('174332696', 'Data Science'),
('174631601', 'Data Science'),
('175673079', 'Computer Science'),
('175768293', 'Information Technology'),
('175992227', 'Computer Science'),
('176301316', 'Software Engineering'),
('177664067', 'Data Science'),
('182466487', 'Information Technology'),
('183408154', 'Software Engineering'),
('185164376', 'Software Engineering'),
('185437537', 'Information Technology'),
('186302892', 'Information Technology'),
('187377213', 'Computer Science'),
('187823540', 'Computer Science'),
('188522794', 'Data Science'),
('188645228', 'Software Engineering'),
('191247014', 'Data Science'),
('194417344', 'Software Engineering'),
('194548435', 'Data Science'),
('196397813', 'Computer Science'),
('197458669', 'Information Technology'),
('197937220', 'Data Science'),
('198132165', 'Information Technology'),
('199147070', 'Information Technology'),
('199727143', 'Computer Science'),
('200311227', 'Information Technology'),
('200326629', 'Computer Science'),
('200700144', 'Information Technology'),
('201684871', 'Computer Science'),
('202313370', 'Information Technology'),
('202440930', 'Computer Science'),
('202448052', 'Information Technology'),
('204569801', 'Information Technology'),
('204673498', 'Data Science'),
('208221954', 'Computer Science'),
('208560084', 'Computer Science'),
('209345817', 'Computer Science'),
('212932310', 'Data Science'),
('213046640', 'Information Technology'),
('213910249', 'Data Science'),
('214783445', 'Data Science'),
('219696871', 'Computer Science'),
('220660195', 'Data Science'),
('221268808', 'Data Science'),
('222025475', 'Data Science'),
('222772332', 'Data Science'),
('223383941', 'Computer Science'),
('224163916', 'Data Science'),
('224675218', 'Information Technology'),
('225683584', 'Software Engineering'),
('226323832', 'Computer Science'),
('230419529', 'Data Science'),
('231748591', 'Data Science'),
('231865958', 'Software Engineering'),
('232463973', 'Information Technology'),
('233591784', 'Data Science'),
('235684437', 'Data Science'),
('236904003', 'Software Engineering'),
('238352398', 'Data Science'),
('239723563', 'Software Engineering'),
('239970027', 'Computer Science'),
('244310583', 'Data Science'),
('245120297', 'Software Engineering'),
('246310500', 'Computer Science'),
('246499922', 'Software Engineering'),
('246613425', 'Information Technology'),
('247902318', 'Computer Science'),
('248395736', 'Software Engineering'),
('248946972', 'Data Science'),
('249080948', 'Software Engineering'),
('249430699', 'Data Science'),
('249898537', 'Software Engineering'),
('251880287', 'Computer Science'),
('252628024', 'Data Science'),
('252681093', 'Information Technology'),
('254162963', 'Information Technology'),
('256215940', 'Computer Science'),
('256338470', 'Software Engineering'),
('268473315', 'Software Engineering'),
('270848482', 'Information Technology'),
('272062947', 'Data Science'),
('272348825', 'Data Science'),
('273069947', 'Information Technology'),
('274293039', 'Information Technology'),
('275469003', 'Software Engineering'),
('278385512', 'Data Science'),
('279162546', 'Information Technology'),
('283239270', 'Computer Science'),
('285603712', 'Data Science'),
('286814571', 'Data Science'),
('287768702', 'Software Engineering'),
('287986033', 'Data Science'),
('288234191', 'Data Science'),
('288593626', 'Computer Science'),
('288595635', 'Data Science'),
('289329422', 'Computer Science'),
('289460316', 'Information Technology'),
('289875157', 'Data Science'),
('290277089', 'Software Engineering'),
('290953684', 'Computer Science'),
('291301763', 'Information Technology'),
('293010195', 'Computer Science'),
('293186456', 'Software Engineering'),
('294163442', 'Information Technology'),
('295296741', 'Information Technology'),
('296542833', 'Information Technology'),
('297149847', 'Software Engineering'),
('299279223', 'Information Technology'),
('300026832', 'Data Science'),
('300178145', 'Data Science'),
('304665873', 'Computer Science'),
('305548431', 'Computer Science'),
('305615009', 'Data Science'),
('306164905', 'Computer Science'),
('309825939', 'Software Engineering'),
('310626467', 'Computer Science'),
('311401416', 'Data Science'),
('313349492', 'Information Technology'),
('313716645', 'Software Engineering'),
('315727734', 'Software Engineering'),
('315730461', 'Software Engineering'),
('315859447', 'Software Engineering'),
('316405161', 'Software Engineering'),
('317026478', 'Computer Science'),
('317423834', 'Software Engineering'),
('318224165', 'Data Science'),
('318653319', 'Data Science'),
('321518394', 'Software Engineering'),
('322635152', 'Computer Science'),
('322731832', 'Data Science'),
('325266190', 'Software Engineering'),
('327094002', 'Information Technology'),
('327476774', 'Data Science'),
('328297191', 'Data Science'),
('328304786', 'Computer Science'),
('329661340', 'Information Technology'),
('331433842', 'Software Engineering'),
('335306418', 'Information Technology'),
('335667229', 'Data Science'),
('338354016', 'Computer Science'),
('338638698', 'Software Engineering'),
('339113928', 'Information Technology'),
('339708300', 'Computer Science'),
('340433888', 'Data Science'),
('344954523', 'Computer Science'),
('347842732', 'Data Science'),
('348188268', 'Data Science'),
('348996489', 'Software Engineering'),
('350825420', 'Software Engineering'),
('350916127', 'Information Technology'),
('351166872', 'Computer Science'),
('351694746', 'Data Science'),
('352674156', 'Software Engineering'),
('354735680', 'Data Science'),
('354894823', 'Computer Science'),
('354896138', 'Software Engineering'),
('354976571', 'Information Technology'),
('359196383', 'Information Technology'),
('359578474', 'Information Technology'),
('360696328', 'Computer Science'),
('360724385', 'Software Engineering'),
('360845038', 'Information Technology'),
('360937419', 'Software Engineering'),
('361400779', 'Information Technology'),
('364395136', 'Computer Science'),
('365328759', 'Data Science'),
('368852692', 'Information Technology'),
('370375018', 'Data Science'),
('370546816', 'Data Science'),
('371408622', 'Information Technology'),
('371770700', 'Data Science'),
('372414748', 'Software Engineering'),
('372736581', 'Computer Science'),
('372745862', 'Information Technology'),
('375352489', 'Information Technology'),
('376226153', 'Data Science'),
('376664011', 'Data Science'),
('377199028', 'Computer Science'),
('377839834', 'Computer Science'),
('378099207', 'Information Technology'),
('378100947', 'Data Science'),
('378688376', 'Information Technology'),
('378989510', 'Computer Science'),
('379308077', 'Information Technology'),
('380068897', 'Information Technology'),
('380576265', 'Data Science'),
('380910782', 'Data Science'),
('381627527', 'Software Engineering'),
('381743739', 'Information Technology'),
('382309263', 'Software Engineering'),
('382344942', 'Computer Science'),
('382992890', 'Software Engineering'),
('383669257', 'Information Technology'),
('384921160', 'Data Science'),
('385332923', 'Information Technology'),
('386707720', 'Information Technology'),
('387564166', 'Computer Science'),
('387611836', 'Software Engineering'),
('387675834', 'Information Technology'),
('388211450', 'Software Engineering'),
('390538610', 'Information Technology'),
('390716057', 'Software Engineering'),
('390818213', 'Data Science'),
('392661016', 'Information Technology'),
('392926531', 'Computer Science'),
('394365269', 'Data Science'),
('396683565', 'Software Engineering'),
('397267491', 'Computer Science'),
('397874025', 'Software Engineering'),
('398186645', 'Data Science'),
('398241407', 'Computer Science'),
('398790005', 'Data Science'),
('399265425', 'Information Technology'),
('399433889', 'Data Science'),
('400536409', 'Information Technology'),
('403181647', 'Software Engineering'),
('405644051', 'Software Engineering'),
('406730036', 'Information Technology'),
('407746958', 'Information Technology'),
('408879995', 'Computer Science'),
('411620820', 'Data Science'),
('412722540', 'Information Technology'),
('415343665', 'Data Science'),
('415718967', 'Software Engineering'),
('416892316', 'Information Technology'),
('418256535', 'Computer Science'),
('418461660', 'Software Engineering'),
('418483364', 'Data Science'),
('418617026', 'Computer Science'),
('420861378', 'Information Technology'),
('420943618', 'Computer Science'),
('421168155', 'Computer Science'),
('421176673', 'Data Science'),
('421550895', 'Software Engineering'),
('422039599', 'Computer Science'),
('422926638', 'Data Science'),
('423003161', 'Information Technology'),
('424527880', 'Computer Science'),
('426920038', 'Computer Science'),
('427362965', 'Software Engineering'),
('427441052', 'Software Engineering'),
('428474999', 'Software Engineering'),
('431903294', 'Computer Science'),
('432790588', 'Information Technology'),
('433200315', 'Software Engineering'),
('434921694', 'Software Engineering'),
('435837039', 'Data Science'),
('438701890', 'Software Engineering'),
('439516495', 'Computer Science'),
('444199247', 'Data Science'),
('444364698', 'Computer Science'),
('444794052', 'Computer Science'),
('446449911', 'Software Engineering'),
('448517496', 'Information Technology'),
('448757944', 'Software Engineering'),
('448950483', 'Software Engineering'),
('450010674', 'Data Science'),
('450195244', 'Data Science'),
('451218285', 'Software Engineering'),
('452026043', 'Information Technology'),
('452066640', 'Data Science'),
('452186693', 'Computer Science'),
('452353461', 'Information Technology'),
('454374104', 'Software Engineering'),
('455496409', 'Computer Science'),
('455628746', 'Software Engineering'),
('456341239', 'Software Engineering'),
('456744286', 'Software Engineering'),
('457703052', 'Software Engineering'),
('457743532', 'Computer Science'),
('458509960', 'Information Technology'),
('459155804', 'Computer Science'),
('459333929', 'Computer Science'),
('459870631', 'Software Engineering'),
('460841569', 'Computer Science'),
('461444858', 'Software Engineering'),
('463885038', 'Data Science'),
('464786411', 'Data Science'),
('464987893', 'Computer Science'),
('465507294', 'Computer Science'),
('465735607', 'Data Science'),
('468496763', 'Information Technology'),
('469182121', 'Data Science'),
('469430660', 'Computer Science'),
('469554539', 'Data Science'),
('472021651', 'Computer Science'),
('472427205', 'Computer Science'),
('478532241', 'Data Science'),
('479364124', 'Information Technology'),
('479632461', 'Computer Science'),
('480134868', 'Information Technology'),
('481585099', 'Software Engineering'),
('481870443', 'Information Technology'),
('483166548', 'Information Technology'),
('484315908', 'Computer Science'),
('487452265', 'Computer Science'),
('487456546', 'Data Science'),
('489757320', 'Software Engineering'),
('489953771', 'Data Science'),
('490512206', 'Software Engineering'),
('490512774', 'Data Science'),
('491523061', 'Software Engineering'),
('492199490', 'Software Engineering'),
('492303831', 'Data Science'),
('492915814', 'Information Technology'),
('492965119', 'Information Technology'),
('493112501', 'Information Technology'),
('493184669', 'Data Science'),
('496644618', 'Software Engineering'),
('497423343', 'Data Science'),
('498274608', 'Software Engineering'),
('499812945', 'Data Science'),
('500019392', 'Computer Science'),
('501266473', 'Computer Science'),
('502366097', 'Computer Science'),
('504448684', 'Information Technology'),
('506083695', 'Information Technology'),
('506902216', 'Data Science'),
('507461788', 'Software Engineering'),
('508046778', 'Software Engineering'),
('508175756', 'Computer Science'),
('508652510', 'Information Technology'),
('508700448', 'Information Technology'),
('509240053', 'Software Engineering'),
('509690476', 'Data Science'),
('509736956', 'Information Technology'),
('511379958', 'Data Science'),
('511830307', 'Software Engineering'),
('512038250', 'Data Science'),
('512679911', 'Computer Science'),
('513973005', 'Data Science'),
('514086103', 'Data Science'),
('514515992', 'Data Science'),
('515307307', 'Software Engineering'),
('515366444', 'Software Engineering'),
('515957515', 'Data Science'),
('518135220', 'Computer Science'),
('519233506', 'Software Engineering'),
('521254384', 'Information Technology'),
('523698157', 'Computer Science'),
('524078148', 'Computer Science'),
('524160345', 'Data Science'),
('525204661', 'Information Technology'),
('525268183', 'Information Technology'),
('527064819', 'Software Engineering'),
('528602885', 'Information Technology'),
('531962051', 'Information Technology'),
('532010062', 'Computer Science'),
('532373775', 'Computer Science'),
('532823545', 'Data Science'),
('533603124', 'Computer Science'),
('535585025', 'Software Engineering'),
('536540870', 'Software Engineering'),
('536887669', 'Information Technology'),
('537163809', 'Data Science'),
('538279222', 'Data Science'),
('538711442', 'Information Technology'),
('540421525', 'Software Engineering'),
('540566016', 'Software Engineering'),
('541880068', 'Information Technology'),
('541893793', 'Software Engineering'),
('542384857', 'Computer Science'),
('542536212', 'Software Engineering'),
('543468696', 'Data Science'),
('545254572', 'Software Engineering'),
('545649191', 'Software Engineering'),
('545686211', 'Data Science'),
('545726850', 'Data Science'),
('546222657', 'Software Engineering'),
('546664614', 'Information Technology'),
('546964605', 'Software Engineering'),
('547635042', 'Information Technology'),
('548952570', 'Information Technology'),
('550141983', 'Data Science'),
('551041612', 'Computer Science'),
('551230821', 'Data Science'),
('552297348', 'Information Technology'),
('552411116', 'Software Engineering'),
('552839373', 'Computer Science'),
('553115802', 'Data Science'),
('553827906', 'Software Engineering'),
('555638528', 'Information Technology'),
('555794856', 'Data Science'),
('555946347', 'Information Technology'),
('556795788', 'Information Technology'),
('557024415', 'Software Engineering'),
('557548716', 'Data Science'),
('557793935', 'Software Engineering'),
('557935007', 'Data Science'),
('558020914', 'Data Science'),
('559519684', 'Software Engineering'),
('560458287', 'Software Engineering'),
('562361311', 'Software Engineering'),
('562898293', 'Software Engineering'),
('563951297', 'Data Science'),
('564813482', 'Data Science'),
('567401867', 'Information Technology'),
('567424996', 'Software Engineering'),
('568629556', 'Software Engineering'),
('568885552', 'Data Science'),
('569317071', 'Data Science'),
('569379641', 'Computer Science'),
('569423933', 'Computer Science'),
('569709267', 'Software Engineering'),
('571243192', 'Computer Science'),
('571320781', 'Data Science'),
('571673439', 'Software Engineering'),
('572224617', 'Information Technology'),
('574300329', 'Data Science'),
('575250883', 'Information Technology'),
('576687226', 'Computer Science'),
('576714281', 'Information Technology'),
('577221295', 'Data Science'),
('577483577', 'Software Engineering'),
('578425364', 'Computer Science'),
('578896162', 'Information Technology'),
('579406719', 'Information Technology'),
('581097716', 'Information Technology'),
('584937760', 'Software Engineering'),
('586537724', 'Computer Science'),
('586864135', 'Software Engineering'),
('586894827', 'Data Science'),
('587348156', 'Computer Science'),
('589805086', 'Software Engineering'),
('592515220', 'Software Engineering'),
('592694106', 'Data Science'),
('594735641', 'Software Engineering'),
('596087488', 'Data Science'),
('596877282', 'Software Engineering'),
('597091595', 'Software Engineering'),
('597574672', 'Information Technology'),
('598032398', 'Software Engineering'),
('598157287', 'Computer Science'),
('599212518', 'Computer Science'),
('599489305', 'Data Science'),
('600016458', 'Information Technology'),
('602696012', 'Computer Science'),
('605425137', 'Data Science'),
('606978642', 'Information Technology'),
('607152926', 'Software Engineering'),
('607222274', 'Software Engineering'),
('607818708', 'Information Technology'),
('608651863', 'Computer Science'),
('609492883', 'Software Engineering'),
('610363248', 'Data Science'),
('610807352', 'Information Technology'),
('612632242', 'Computer Science'),
('613091281', 'Information Technology'),
('614231199', 'Data Science'),
('616819312', 'Software Engineering'),
('617819228', 'Computer Science'),
('618045282', 'Information Technology'),
('619319418', 'Computer Science'),
('619554042', 'Data Science'),
('621493035', 'Information Technology'),
('622244780', 'Data Science'),
('622507523', 'Data Science'),
('622966093', 'Computer Science'),
('623463642', 'Data Science'),
('626067603', 'Software Engineering'),
('626176346', 'Computer Science'),
('626390105', 'Data Science'),
('627311685', 'Computer Science'),
('627362409', 'Data Science'),
('627517641', 'Software Engineering'),
('628758312', 'Data Science'),
('629067319', 'Computer Science'),
('630144281', 'Computer Science'),
('630763594', 'Data Science'),
('632058071', 'Information Technology'),
('632698840', 'Data Science'),
('634276401', 'Information Technology'),
('634577579', 'Software Engineering'),
('635926566', 'Computer Science'),
('637015424', 'Information Technology'),
('638029666', 'Data Science'),
('639158373', 'Computer Science'),
('639433342', 'Information Technology'),
('641748253', 'Software Engineering'),
('642064066', 'Data Science'),
('643323582', 'Information Technology'),
('643940275', 'Data Science'),
('643941209', 'Software Engineering'),
('644201171', 'Software Engineering'),
('645926739', 'Data Science'),
('647506395', 'Data Science'),
('649526960', 'Data Science'),
('651384401', 'Software Engineering'),
('651780571', 'Information Technology'),
('652611160', 'Data Science'),
('653139111', 'Computer Science'),
('653796008', 'Computer Science'),
('654609222', 'Computer Science'),
('655410585', 'Software Engineering'),
('655470897', 'Information Technology'),
('655500756', 'Information Technology'),
('656843612', 'Data Science'),
('657500988', 'Data Science'),
('657564362', 'Information Technology'),
('659413809', 'Data Science'),
('660296604', 'Data Science'),
('660809440', 'Data Science'),
('664982578', 'Software Engineering'),
('665084529', 'Computer Science'),
('665782379', 'Data Science'),
('665866163', 'Computer Science'),
('666849402', 'Data Science'),
('667047595', 'Information Technology'),
('667242478', 'Computer Science'),
('669393590', 'Information Technology'),
('670178227', 'Data Science'),
('672131534', 'Software Engineering'),
('673535978', 'Data Science'),
('673823620', 'Software Engineering'),
('675078454', 'Data Science'),
('675345800', 'Computer Science'),
('675981741', 'Data Science'),
('679411264', 'Computer Science'),
('681019725', 'Computer Science'),
('684634282', 'Computer Science'),
('684848478', 'Computer Science'),
('686895345', 'Computer Science'),
('688615296', 'Software Engineering'),
('688777625', 'Computer Science'),
('689586330', 'Data Science'),
('690275357', 'Software Engineering'),
('690651636', 'Data Science'),
('691369051', 'Software Engineering'),
('692505615', 'Information Technology'),
('693105427', 'Information Technology'),
('693959601', 'Data Science'),
('695317014', 'Software Engineering'),
('695437289', 'Information Technology'),
('695459820', 'Computer Science'),
('695769552', 'Computer Science'),
('696379272', 'Information Technology'),
('697479426', 'Information Technology'),
('699678615', 'Information Technology'),
('700696802', 'Software Engineering'),
('702699563', 'Computer Science'),
('702951002', 'Data Science'),
('703371040', 'Computer Science'),
('704371183', 'Information Technology'),
('704418877', 'Computer Science'),
('705281293', 'Software Engineering'),
('705384871', 'Data Science'),
('705919886', 'Computer Science'),
('706572534', 'Information Technology'),
('707493216', 'Data Science'),
('708666525', 'Data Science'),
('709205744', 'Computer Science'),
('709464906', 'Information Technology'),
('710143224', 'Information Technology'),
('711096461', 'Software Engineering'),
('712848348', 'Software Engineering'),
('713710184', 'Computer Science'),
('713964741', 'Information Technology'),
('714516838', 'Software Engineering'),
('717034347', 'Computer Science'),
('717232379', 'Software Engineering'),
('717760785', 'Data Science'),
('717996677', 'Data Science'),
('719207995', 'Information Technology'),
('721899056', 'Data Science'),
('724134517', 'Software Engineering'),
('726172298', 'Software Engineering'),
('727209592', 'Information Technology'),
('728533392', 'Data Science'),
('730232380', 'Data Science'),
('730822342', 'Data Science'),
('731921613', 'Computer Science'),
('731941847', 'Information Technology'),
('732002800', 'Software Engineering'),
('732191692', 'Data Science'),
('733700590', 'Software Engineering'),
('734381336', 'Computer Science'),
('734475637', 'Software Engineering'),
('735366050', 'Software Engineering'),
('736252074', 'Software Engineering'),
('737182473', 'Computer Science'),
('738787985', 'Information Technology'),
('743234410', 'Data Science'),
('744675232', 'Data Science'),
('746423780', 'Data Science'),
('747380244', 'Data Science'),
('749894730', 'Computer Science'),
('749942194', 'Software Engineering'),
('750176742', 'Computer Science'),
('750793970', 'Computer Science'),
('751972468', 'Information Technology'),
('756676077', 'Computer Science'),
('758496807', 'Software Engineering'),
('759603011', 'Data Science'),
('760821508', 'Information Technology'),
('763508124', 'Software Engineering'),
('763845353', 'Data Science'),
('764007942', 'Computer Science'),
('767348248', 'Information Technology'),
('768048671', 'Information Technology'),
('768332960', 'Data Science'),
('769085819', 'Data Science'),
('771769527', 'Information Technology'),
('772580855', 'Data Science'),
('773852123', 'Information Technology'),
('773993718', 'Data Science'),
('774550255', 'Information Technology'),
('774811004', 'Software Engineering'),
('775632900', 'Data Science'),
('775699667', 'Data Science'),
('775852716', 'Information Technology'),
('780161480', 'Computer Science'),
('784151492', 'Computer Science'),
('784358717', 'Computer Science'),
('785418685', 'Software Engineering'),
('785725811', 'Software Engineering'),
('786041237', 'Data Science'),
('787354962', 'Computer Science'),
('787560780', 'Data Science'),
('789059957', 'Computer Science'),
('789244692', 'Information Technology'),
('789313016', 'Data Science'),
('789471894', 'Information Technology'),
('792385108', 'Data Science'),
('792516743', 'Computer Science'),
('792693264', 'Information Technology'),
('796693260', 'Computer Science'),
('796710786', 'Information Technology'),
('796740966', 'Computer Science'),
('797964938', 'Software Engineering'),
('798092785', 'Computer Science'),
('798378606', 'Software Engineering'),
('799907038', 'Data Science'),
('801414156', 'Computer Science'),
('802730088', 'Software Engineering'),
('804055173', 'Data Science'),
('806336128', 'Software Engineering'),
('806708098', 'Computer Science'),
('806990222', 'Software Engineering'),
('807783937', 'Information Technology'),
('808966474', 'Software Engineering'),
('809227630', 'Software Engineering'),
('810893430', 'Information Technology'),
('811579203', 'Software Engineering'),
('811705918', 'Computer Science'),
('815498989', 'Computer Science'),
('816334009', 'Information Technology'),
('816946341', 'Information Technology'),
('817303771', 'Computer Science'),
('817949260', 'Data Science'),
('818021944', 'Data Science'),
('818977738', 'Computer Science'),
('820299962', 'Software Engineering'),
('820310423', 'Information Technology'),
('821230172', 'Information Technology'),
('823810119', 'Computer Science'),
('824566824', 'Information Technology'),
('826354697', 'Information Technology'),
('827264059', 'Information Technology'),
('828130093', 'Software Engineering'),
('829954517', 'Software Engineering'),
('833125144', 'Information Technology'),
('834112233', 'Software Engineering'),
('834118527', 'Software Engineering'),
('834932210', 'Information Technology'),
('837349019', 'Data Science'),
('837765707', 'Information Technology'),
('841368422', 'Information Technology'),
('842727338', 'Software Engineering'),
('843456677', 'Data Science'),
('843504044', 'Software Engineering'),
('843683820', 'Information Technology'),
('845761039', 'Information Technology'),
('845842315', 'Data Science'),
('846285935', 'Software Engineering'),
('846802993', 'Computer Science'),
('846986397', 'Data Science'),
('847262215', 'Software Engineering'),
('848463319', 'Data Science'),
('848500860', 'Software Engineering'),
('850748445', 'Data Science'),
('853677263', 'Software Engineering'),
('854481856', 'Information Technology'),
('854562728', 'Data Science'),
('854602537', 'Information Technology'),
('854960070', 'Information Technology'),
('855319285', 'Information Technology'),
('855786372', 'Information Technology'),
('857149319', 'Information Technology'),
('857184401', 'Software Engineering'),
('857940763', 'Information Technology'),
('857969521', 'Information Technology'),
('858237987', 'Information Technology'),
('858977303', 'Data Science'),
('859707809', 'Information Technology'),
('860135887', 'Software Engineering'),
('860738998', 'Software Engineering'),
('860858292', 'Data Science'),
('863327710', 'Information Technology'),
('863425755', 'Data Science'),
('863861244', 'Data Science'),
('865728004', 'Computer Science'),
('865941906', 'Data Science'),
('868356701', 'Computer Science'),
('869974689', 'Computer Science'),
('870542815', 'Software Engineering'),
('871575955', 'Software Engineering'),
('872197714', 'Data Science'),
('872400342', 'Software Engineering'),
('872890293', 'Software Engineering'),
('873784666', 'Software Engineering'),
('875217551', 'Software Engineering'),
('877831367', 'Software Engineering'),
('878113706', 'Information Technology'),
('878686104', 'Data Science'),
('878784565', 'Computer Science'),
('878803525', 'Computer Science'),
('885256329', 'Software Engineering'),
('885740203', 'Software Engineering'),
('887079062', 'Data Science'),
('894194477', 'Computer Science'),
('894584013', 'Software Engineering'),
('895629150', 'Information Technology'),
('896453458', 'Information Technology'),
('903552170', 'Data Science'),
('903587690', 'Data Science'),
('905807520', 'Information Technology'),
('907934014', 'Information Technology'),
('907951242', 'Data Science'),
('907966255', 'Computer Science'),
('910024652', 'Computer Science'),
('911614083', 'Data Science'),
('911971956', 'Data Science'),
('912615981', 'Information Technology'),
('912730850', 'Computer Science'),
('912841141', 'Computer Science'),
('913261728', 'Computer Science'),
('913825748', 'Data Science'),
('914408084', 'Information Technology'),
('915440837', 'Software Engineering'),
('915553981', 'Data Science'),
('916952800', 'Information Technology'),
('917119093', 'Data Science'),
('917134528', 'Computer Science'),
('918163362', 'Computer Science'),
('918394307', 'Computer Science'),
('920002561', 'Software Engineering'),
('920150314', 'Data Science'),
('920850538', 'Software Engineering'),
('922625532', 'Computer Science'),
('925018754', 'Software Engineering'),
('927304408', 'Computer Science'),
('927626135', 'Information Technology'),
('929699153', 'Computer Science'),
('929736750', 'Data Science'),
('930901196', 'Information Technology'),
('931138684', 'Computer Science'),
('931829666', 'Computer Science'),
('932555948', 'Information Technology'),
('932770935', 'Computer Science'),
('935311638', 'Information Technology'),
('936096402', 'Information Technology'),
('936650072', 'Computer Science'),
('937564802', 'Data Science'),
('939171260', 'Information Technology'),
('939233821', 'Data Science'),
('940867683', 'Software Engineering'),
('941330580', 'Information Technology'),
('941338455', 'Computer Science'),
('944318588', 'Computer Science'),
('944480866', 'Software Engineering'),
('945332547', 'Data Science'),
('945623225', 'Computer Science'),
('946552908', 'Information Technology'),
('946556527', 'Software Engineering'),
('947378132', 'Software Engineering'),
('948088395', 'Computer Science'),
('949654912', 'Data Science'),
('950296005', 'Information Technology'),
('950907610', 'Data Science'),
('951297565', 'Software Engineering'),
('951367056', 'Computer Science'),
('951402384', 'Data Science'),
('951667280', 'Software Engineering'),
('954328143', 'Computer Science'),
('954729948', 'Information Technology'),
('959151452', 'Information Technology'),
('959441262', 'Data Science'),
('961243520', 'Computer Science'),
('962003519', 'Software Engineering'),
('962139099', 'Computer Science'),
('964885267', 'Software Engineering'),
('967195265', 'Data Science'),
('968684148', 'Information Technology'),
('968805149', 'Data Science'),
('968964215', 'Software Engineering'),
('969182868', 'Data Science'),
('969872661', 'Information Technology'),
('971003255', 'Computer Science'),
('972109917', 'Information Technology'),
('974650131', 'Software Engineering'),
('976061078', 'Software Engineering'),
('976178206', 'Software Engineering'),
('976248110', 'Data Science'),
('977618865', 'Data Science'),
('978250576', 'Information Technology'),
('978950152', 'Data Science'),
('979347367', 'Computer Science'),
('979966424', 'Software Engineering'),
('980343898', 'Data Science'),
('981066616', 'Computer Science'),
('981073463', 'Software Engineering'),
('984951643', 'Software Engineering'),
('985075643', 'Computer Science'),
('985381569', 'Data Science'),
('986741551', 'Software Engineering'),
('987260886', 'Computer Science'),
('988405591', 'Information Technology'),
('989610007', 'Computer Science'),
('989916266', 'Data Science'),
('992249922', 'Software Engineering'),
('992315967', 'Data Science'),
('992677232', 'Information Technology'),
('992888150', 'Data Science'),
('997926025', 'Data Science');

-- --------------------------------------------------------

--
-- Table structure for table `Minor`
--

CREATE TABLE `Minor` (
  `StudentSSN` char(9) NOT NULL,
  `Department` varchar(50) NOT NULL
) ENGINE=InnoDB DEFAULT CHARSET=utf8mb4 COLLATE=utf8mb4_general_ci;

--
-- Dumping data for table `Minor`
--

INSERT INTO `Minor` (`StudentSSN`, `Department`) VALUES
('100000005', 'Nanoscience and Technology'),
('100000006', 'Computer Science'),
('100000007', 'Nanoscience and Technology'),
('100000008', 'Nanoscience and Technology'),
('100000009', 'Computer Science'),
('100000012', 'Computer Science'),
('100000013', 'Software Engineering'),
('100000017', 'Software Engineering'),
('100000018', 'Nanoscience and Technology'),
('100000019', 'Software Engineering'),
('100000021', 'Software Engineering'),
('100000025', 'Software Engineering'),
('100000026', 'Cybersecurity'),
('100000028', 'Computer Science'),
('100000029', 'Cybersecurity'),
('100000030', 'Cybersecurity'),
('100000031', 'Computer Science'),
('100000032', 'Computer Science'),
('100000033', 'Cybersecurity'),
('100000036', 'Computer Science'),
('100000044', 'Nanoscience and Technology'),
('100000046', 'Computer Science'),
('100000047', 'Nanoscience and Technology'),
('100000049', 'Computer Science'),
('100000050', 'Software Engineering'),
('100000051', 'Nanoscience and Technology'),
('100000052', 'Nanoscience and Technology'),
('100000054', 'Nanoscience and Technology'),
('100000056', 'Cybersecurity'),
('100000059', 'Nanoscience and Technology'),
('100000060', 'Software Engineering'),
('100000061', 'Cybersecurity'),
('100000062', 'Nanoscience and Technology'),
('100000065', 'Nanoscience and Technology'),
('100000067', 'Software Engineering'),
('100000068', 'Cybersecurity'),
('100000076', 'Nanoscience and Technology'),
('100000078', 'Cybersecurity'),
('100000081', 'Nanoscience and Technology'),
('100000082', 'Cybersecurity'),
('100000086', 'Nanoscience and Technology'),
('100000087', 'Cybersecurity'),
('100000088', 'Computer Science'),
('100000089', 'Cybersecurity'),
('100000091', 'Computer Science'),
('100000093', 'Cybersecurity'),
('100000096', 'Software Engineering'),
('107110226', 'Cybersecurity'),
('109730698', 'Cybersecurity'),
('113129880', 'Software Engineering'),
('114203867', 'Cybersecurity'),
('117355142', 'Computer Science'),
('120915055', 'Computer Science'),
('122610077', 'Computer Science'),
('123155514', 'Nanoscience and Technology'),
('126201917', 'Cybersecurity'),
('126902403', 'Nanoscience and Technology'),
('127440715', 'Cybersecurity'),
('129280263', 'Software Engineering'),
('135467474', 'Nanoscience and Technology'),
('139620818', 'Computer Science'),
('139675375', 'Computer Science'),
('140504709', 'Software Engineering'),
('140514537', 'Cybersecurity'),
('140854214', 'Nanoscience and Technology'),
('148738946', 'Nanoscience and Technology'),
('149973719', 'Cybersecurity'),
('165090933', 'Computer Science'),
('170752202', 'Cybersecurity'),
('173346369', 'Cybersecurity'),
('174332696', 'Computer Science'),
('174631601', 'Nanoscience and Technology'),
('175673079', 'Cybersecurity'),
('175992227', 'Computer Science'),
('182466487', 'Computer Science'),
('185437537', 'Cybersecurity'),
('197458669', 'Computer Science'),
('197937220', 'Software Engineering'),
('200326629', 'Computer Science'),
('200700144', 'Nanoscience and Technology'),
('204569801', 'Cybersecurity'),
('204673498', 'Nanoscience and Technology'),
('208560084', 'Computer Science'),
('209345817', 'Software Engineering'),
('213046640', 'Computer Science'),
('220660195', 'Nanoscience and Technology'),
('222025475', 'Computer Science'),
('222772332', 'Software Engineering'),
('226323832', 'Nanoscience and Technology'),
('230419529', 'Nanoscience and Technology'),
('231748591', 'Software Engineering'),
('232463973', 'Computer Science'),
('236904003', 'Computer Science'),
('239723563', 'Software Engineering'),
('245120297', 'Computer Science'),
('246310500', 'Software Engineering'),
('246499922', 'Software Engineering'),
('247902318', 'Computer Science'),
('248946972', 'Nanoscience and Technology'),
('249430699', 'Computer Science'),
('252681093', 'Computer Science'),
('256215940', 'Cybersecurity'),
('272348825', 'Nanoscience and Technology'),
('273069947', 'Computer Science'),
('278385512', 'Nanoscience and Technology'),
('287986033', 'Software Engineering'),
('288593626', 'Software Engineering'),
('289329422', 'Computer Science'),
('291301763', 'Software Engineering'),
('293186456', 'Nanoscience and Technology'),
('295296741', 'Cybersecurity'),
('296542833', 'Software Engineering'),
('300178145', 'Software Engineering'),
('305548431', 'Computer Science'),
('305615009', 'Nanoscience and Technology'),
('311401416', 'Cybersecurity'),
('315727734', 'Nanoscience and Technology'),
('315730461', 'Computer Science'),
('317026478', 'Nanoscience and Technology'),
('318653319', 'Cybersecurity'),
('325266190', 'Cybersecurity'),
('327094002', 'Computer Science'),
('339708300', 'Cybersecurity'),
('347842732', 'Computer Science'),
('350825420', 'Software Engineering'),
('350916127', 'Cybersecurity'),
('351694746', 'Computer Science'),
('354735680', 'Nanoscience and Technology'),
('354896138', 'Cybersecurity'),
('359196383', 'Software Engineering'),
('365328759', 'Cybersecurity'),
('370546816', 'Nanoscience and Technology'),
('371770700', 'Nanoscience and Technology'),
('372736581', 'Nanoscience and Technology'),
('372745862', 'Software Engineering'),
('375352489', 'Cybersecurity'),
('376664011', 'Software Engineering'),
('378100947', 'Nanoscience and Technology'),
('378989510', 'Computer Science'),
('380068897', 'Nanoscience and Technology'),
('381743739', 'Cybersecurity'),
('382309263', 'Cybersecurity'),
('384921160', 'Software Engineering'),
('385332923', 'Cybersecurity'),
('388211450', 'Software Engineering'),
('390716057', 'Nanoscience and Technology'),
('394365269', 'Computer Science'),
('396683565', 'Software Engineering'),
('398790005', 'Cybersecurity'),
('399265425', 'Cybersecurity'),
('400536409', 'Cybersecurity'),
('412722540', 'Software Engineering'),
('415343665', 'Computer Science'),
('418256535', 'Nanoscience and Technology'),
('420943618', 'Computer Science'),
('421168155', 'Software Engineering'),
('423003161', 'Computer Science'),
('424527880', 'Software Engineering'),
('427441052', 'Cybersecurity'),
('428474999', 'Nanoscience and Technology'),
('433200315', 'Software Engineering'),
('438701890', 'Software Engineering'),
('439516495', 'Cybersecurity'),
('444199247', 'Cybersecurity'),
('444364698', 'Computer Science'),
('444794052', 'Nanoscience and Technology'),
('448517496', 'Computer Science'),
('448757944', 'Computer Science'),
('448950483', 'Software Engineering'),
('450010674', 'Nanoscience and Technology'),
('451218285', 'Nanoscience and Technology'),
('452066640', 'Software Engineering'),
('455496409', 'Software Engineering'),
('456744286', 'Nanoscience and Technology'),
('459333929', 'Cybersecurity'),
('459870631', 'Cybersecurity'),
('468496763', 'Computer Science'),
('469554539', 'Cybersecurity'),
('481585099', 'Software Engineering'),
('484315908', 'Nanoscience and Technology'),
('490512206', 'Computer Science'),
('490512774', 'Cybersecurity'),
('492915814', 'Computer Science'),
('492965119', 'Software Engineering'),
('493112501', 'Nanoscience and Technology'),
('497423343', 'Cybersecurity'),
('501266473', 'Software Engineering'),
('508175756', 'Computer Science'),
('509240053', 'Software Engineering'),
('511379958', 'Computer Science'),
('518135220', 'Computer Science'),
('519233506', 'Cybersecurity'),
('523698157', 'Nanoscience and Technology'),
('525268183', 'Nanoscience and Technology'),
('528602885', 'Cybersecurity'),
('532010062', 'Nanoscience and Technology'),
('532373775', 'Cybersecurity'),
('532823545', 'Cybersecurity'),
('538279222', 'Computer Science'),
('542384857', 'Nanoscience and Technology'),
('545686211', 'Nanoscience and Technology'),
('546222657', 'Software Engineering'),
('546664614', 'Cybersecurity'),
('547635042', 'Software Engineering'),
('548952570', 'Software Engineering'),
('550141983', 'Cybersecurity'),
('552297348', 'Software Engineering'),
('553115802', 'Nanoscience and Technology'),
('555638528', 'Software Engineering'),
('557024415', 'Computer Science'),
('558020914', 'Software Engineering'),
('559519684', 'Software Engineering'),
('562361311', 'Nanoscience and Technology'),
('562898293', 'Computer Science'),
('563951297', 'Nanoscience and Technology'),
('564813482', 'Computer Science'),
('567401867', 'Cybersecurity'),
('568885552', 'Cybersecurity'),
('569379641', 'Cybersecurity'),
('572224617', 'Computer Science'),
('575250883', 'Nanoscience and Technology'),
('576687226', 'Cybersecurity'),
('577483577', 'Nanoscience and Technology'),
('578896162', 'Software Engineering'),
('581097716', 'Software Engineering'),
('586894827', 'Software Engineering'),
('589805086', 'Computer Science'),
('592515220', 'Software Engineering'),
('592694106', 'Nanoscience and Technology'),
('598032398', 'Cybersecurity'),
('602696012', 'Cybersecurity'),
('605425137', 'Computer Science'),
('608651863', 'Computer Science'),
('609492883', 'Computer Science'),
('610363248', 'Cybersecurity'),
('610807352', 'Computer Science'),
('614231199', 'Computer Science'),
('617819228', 'Software Engineering'),
('619319418', 'Software Engineering'),
('622244780', 'Computer Science'),
('626067603', 'Computer Science'),
('627517641', 'Cybersecurity'),
('629067319', 'Computer Science'),
('630763594', 'Cybersecurity'),
('632058071', 'Computer Science'),
('634276401', 'Nanoscience and Technology'),
('634577579', 'Cybersecurity'),
('642064066', 'Nanoscience and Technology'),
('643323582', 'Cybersecurity'),
('643940275', 'Nanoscience and Technology'),
('644201171', 'Computer Science'),
('652611160', 'Computer Science'),
('653139111', 'Computer Science'),
('655470897', 'Nanoscience and Technology'),
('656843612', 'Software Engineering'),
('659413809', 'Computer Science'),
('664982578', 'Software Engineering'),
('665084529', 'Computer Science'),
('665866163', 'Software Engineering'),
('667047595', 'Software Engineering'),
('670178227', 'Nanoscience and Technology'),
('673823620', 'Cybersecurity'),
('675345800', 'Nanoscience and Technology'),
('679411264', 'Nanoscience and Technology'),
('684848478', 'Computer Science'),
('686895345', 'Cybersecurity'),
('688777625', 'Software Engineering'),
('689586330', 'Nanoscience and Technology'),
('691369051', 'Cybersecurity'),
('692505615', 'Software Engineering'),
('693959601', 'Computer Science'),
('695769552', 'Software Engineering'),
('696379272', 'Computer Science'),
('697479426', 'Cybersecurity'),
('699678615', 'Nanoscience and Technology'),
('702951002', 'Nanoscience and Technology'),
('704371183', 'Cybersecurity'),
('704418877', 'Nanoscience and Technology'),
('705281293', 'Computer Science'),
('709464906', 'Software Engineering'),
('713964741', 'Nanoscience and Technology'),
('719207995', 'Software Engineering'),
('721899056', 'Software Engineering'),
('724134517', 'Cybersecurity'),
('727209592', 'Computer Science'),
('728533392', 'Software Engineering'),
('731921613', 'Software Engineering'),
('734381336', 'Computer Science'),
('734475637', 'Nanoscience and Technology'),
('736252074', 'Computer Science'),
('744675232', 'Computer Science'),
('747380244', 'Computer Science'),
('750176742', 'Cybersecurity'),
('750793970', 'Software Engineering'),
('764007942', 'Nanoscience and Technology'),
('768048671', 'Cybersecurity'),
('768332960', 'Nanoscience and Technology'),
('771769527', 'Nanoscience and Technology'),
('772580855', 'Nanoscience and Technology'),
('775699667', 'Nanoscience and Technology'),
('780161480', 'Computer Science'),
('784151492', 'Cybersecurity'),
('784358717', 'Nanoscience and Technology'),
('787560780', 'Software Engineering'),
('789244692', 'Cybersecurity'),
('789313016', 'Computer Science'),
('792385108', 'Cybersecurity'),
('792516743', 'Nanoscience and Technology'),
('796710786', 'Cybersecurity'),
('797964938', 'Computer Science'),
('798378606', 'Cybersecurity'),
('808966474', 'Computer Science'),
('809227630', 'Cybersecurity'),
('811705918', 'Cybersecurity'),
('816946341', 'Cybersecurity'),
('817303771', 'Cybersecurity'),
('817949260', 'Software Engineering'),
('818021944', 'Computer Science'),
('818977738', 'Nanoscience and Technology'),
('824566824', 'Software Engineering'),
('826354697', 'Computer Science'),
('828130093', 'Cybersecurity'),
('833125144', 'Software Engineering'),
('834118527', 'Nanoscience and Technology'),
('837349019', 'Software Engineering'),
('841368422', 'Nanoscience and Technology'),
('842727338', 'Nanoscience and Technology'),
('848463319', 'Computer Science'),
('848500860', 'Cybersecurity'),
('853677263', 'Software Engineering'),
('854562728', 'Cybersecurity'),
('854960070', 'Software Engineering'),
('855319285', 'Computer Science'),
('858977303', 'Cybersecurity'),
('859707809', 'Nanoscience and Technology'),
('863425755', 'Cybersecurity'),
('863861244', 'Cybersecurity'),
('865728004', 'Cybersecurity'),
('868356701', 'Computer Science'),
('872197714', 'Nanoscience and Technology'),
('872400342', 'Software Engineering'),
('873784666', 'Software Engineering'),
('877831367', 'Nanoscience and Technology'),
('878113706', 'Computer Science'),
('878686104', 'Computer Science'),
('878803525', 'Software Engineering'),
('903552170', 'Cybersecurity'),
('907951242', 'Cybersecurity'),
('912615981', 'Software Engineering'),
('917119093', 'Cybersecurity'),
('918394307', 'Nanoscience and Technology'),
('920150314', 'Computer Science'),
('920850538', 'Software Engineering'),
('922625532', 'Computer Science'),
('925018754', 'Cybersecurity'),
('929736750', 'Nanoscience and Technology'),
('931138684', 'Computer Science'),
('931829666', 'Computer Science'),
('932555948', 'Nanoscience and Technology'),
('932770935', 'Cybersecurity'),
('935311638', 'Nanoscience and Technology'),
('936096402', 'Software Engineering'),
('936650072', 'Software Engineering'),
('939233821', 'Cybersecurity'),
('941330580', 'Software Engineering'),
('941338455', 'Software Engineering'),
('944480866', 'Nanoscience and Technology'),
('947378132', 'Software Engineering'),
('949654912', 'Nanoscience and Technology'),
('951367056', 'Cybersecurity'),
('951402384', 'Software Engineering'),
('954328143', 'Cybersecurity'),
('954729948', 'Software Engineering'),
('959151452', 'Cybersecurity'),
('959441262', 'Computer Science'),
('961243520', 'Cybersecurity'),
('962003519', 'Computer Science'),
('962139099', 'Cybersecurity'),
('969182868', 'Cybersecurity'),
('969872661', 'Computer Science'),
('972109917', 'Nanoscience and Technology'),
('974650131', 'Cybersecurity'),
('976061078', 'Software Engineering'),
('980343898', 'Software Engineering'),
('981073463', 'Software Engineering'),
('984951643', 'Nanoscience and Technology'),
('985075643', 'Software Engineering'),
('985381569', 'Computer Science'),
('988405591', 'Computer Science'),
('989916266', 'Cybersecurity'),
('992315967', 'Computer Science'),
('992677232', 'Software Engineering');

-- --------------------------------------------------------

--
-- Table structure for table `Person`
--

CREATE TABLE `Person` (
  `SSN` char(9) NOT NULL,
  `F_Name` varchar(50) NOT NULL,
  `M_Initial` char(1) DEFAULT NULL,
  `L_Name` varchar(50) NOT NULL,
  `Sex` char(1) NOT NULL,
  `Enrollment_Date` varchar(20) DEFAULT NULL,
  `Building_Number` varchar(10) DEFAULT NULL,
  `Street` varchar(50) DEFAULT NULL,
  `Apt_Number` varchar(10) DEFAULT NULL,
  `City` varchar(50) DEFAULT NULL,
  `State` char(2) DEFAULT NULL,
  `Zip` varchar(10) DEFAULT NULL,
  `UserID` int(11) DEFAULT NULL
) ENGINE=InnoDB DEFAULT CHARSET=utf8mb4 COLLATE=utf8mb4_general_ci;

--
-- Dumping data for table `Person`
--

INSERT INTO `Person` (`SSN`, `F_Name`, `M_Initial`, `L_Name`, `Sex`, `Enrollment_Date`, `Building_Number`, `Street`, `Apt_Number`, `City`, `State`, `Zip`, `UserID`) VALUES
('100000000', 'Grace', 'A', 'Martinez', 'F', '4/11/2023', '7030', 'Astro Way', '815', 'Richardson', 'TX', '75045', 812),
('100000001', 'Bob', 'I', 'Martinez', 'M', '5/5/2023', '7334', 'Orbit Dr', '234', 'Richardson', 'TX', '75055', 939),
('100000002', 'Carol', 'H', 'Martinez', 'F', '2/20/2023', '9578', 'Orbit Dr', '298', 'Richardson', 'TX', '75035', 13),
('100000003', 'Bob', 'E', 'Smith', 'F', '8/22/2020', '155', 'Astro Way', '764', 'Richardson', 'TX', '75031', 16),
('100000004', 'Eva', 'F', 'Martinez', 'F', '4/24/2024', '5025', 'Comet Ln', '478', 'Richardson', 'TX', '75012', 17),
('100000005', 'Alice', 'C', 'Jones', 'M', '9/23/2020', '7413', 'Nebula St', '189', 'Richardson', 'TX', '75051', 25),
('100000006', 'Frank', 'I', 'Martinez', 'M', '1/9/2024', '333', 'Astro Way', '101', 'Richardson', 'TX', '75081', 57),
('100000007', 'David', 'D', 'Davis', 'M', '12/10/2020', '5308', 'Galaxy Blvd', '972', 'Richardson', 'TX', '75025', 74),
('100000008', 'Henry', 'D', 'Martinez', 'M', '9/4/2021', '3839', 'Nebula St', '399', 'Richardson', 'TX', '75034', 99),
('100000009', 'Alice', 'J', 'Brown', 'M', '2/19/2024', '5690', 'Astro Way', '214', 'Richardson', 'TX', '75069', 111),
('100000010', 'Carol', 'A', 'Smith', 'F', '12/17/2022', '2650', 'Nebula St', '615', 'Richardson', 'TX', '75080', 118),
('100000011', 'Jack', 'H', 'Williams', 'M', '6/13/2022', '4445', 'Comet Ln', '736', 'Richardson', 'TX', '75093', 131),
('100000012', 'Ivy', 'E', 'Martinez', 'F', '2/28/2020', '2618', 'Comet Ln', '928', 'Richardson', 'TX', '75044', 172),
('100000013', 'David', 'B', 'Jones', 'M', '10/3/2024', '1216', 'Nebula St', '884', 'Richardson', 'TX', '75014', 176),
('100000014', 'Grace', 'F', 'Brown', 'M', '8/22/2024', '6493', 'Galaxy Blvd', '15', 'Richardson', 'TX', '75085', 183),
('100000015', 'Grace', 'B', 'Garcia', 'M', '12/20/2019', '5431', 'Orbit Dr', '618', 'Richardson', 'TX', '75055', 189),
('100000016', 'David', 'D', 'Martinez', 'M', '4/12/2023', '8046', 'Galaxy Blvd', '439', 'Richardson', 'TX', '75057', 200),
('100000017', 'Frank', 'C', 'Jones', 'F', '3/13/2022', '9515', 'Galaxy Blvd', '244', 'Richardson', 'TX', '75053', 202),
('100000018', 'Bob', 'E', 'Lee', 'F', '10/22/2023', '7653', 'Galaxy Blvd', '652', 'Richardson', 'TX', '75080', 214),
('100000019', 'Frank', 'A', 'Martinez', 'M', '5/25/2021', '2923', 'Galaxy Blvd', '526', 'Richardson', 'TX', '75094', 215),
('100000020', 'David', 'D', 'Garcia', 'F', '9/24/2023', '1446', 'Astro Way', '408', 'Richardson', 'TX', '75035', 220),
('100000021', 'Henry', 'A', 'Jones', 'M', '5/22/2020', '8470', 'Orbit Dr', '384', 'Richardson', 'TX', '75049', 223),
('100000022', 'Jack', 'D', 'Martinez', 'M', '12/23/2024', '9341', 'Orbit Dr', '170', 'Richardson', 'TX', '75021', 225),
('100000023', 'Bob', 'H', 'Lee', 'M', '5/23/2022', '9070', 'Nebula St', '263', 'Richardson', 'TX', '75075', 227),
('100000024', 'Bob', 'G', 'Martinez', 'M', '10/15/2021', '3357', 'Galaxy Blvd', '343', 'Richardson', 'TX', '75098', 244),
('100000025', 'Alice', 'J', 'Garcia', 'F', '4/10/2023', '5618', 'Orbit Dr', '796', 'Richardson', 'TX', '75044', 250),
('100000026', 'Frank', 'H', 'Jones', 'F', '10/15/2024', '9048', 'Orbit Dr', '336', 'Richardson', 'TX', '75019', 280),
('100000027', 'Eva', 'J', 'Brown', 'F', '4/4/2023', '6822', 'Astro Way', '48', 'Richardson', 'TX', '75034', 292),
('100000028', 'Jack', 'H', 'Lee', 'F', '3/18/2020', '6143', 'Comet Ln', '674', 'Richardson', 'TX', '75043', 294),
('100000029', 'Jack', 'D', 'Williams', 'F', '11/14/2019', '5507', 'Comet Ln', '985', 'Richardson', 'TX', '75041', 298),
('100000030', 'Eva', 'F', 'Smith', 'F', '10/9/2020', '882', 'Nebula St', '626', 'Richardson', 'TX', '75094', 311),
('100000031', 'Henry', 'G', 'Martinez', 'F', '1/17/2020', '9701', 'Astro Way', '490', 'Richardson', 'TX', '75049', 321),
('100000032', 'David', 'F', 'Jones', 'F', '11/10/2020', '9026', 'Orbit Dr', '155', 'Richardson', 'TX', '75047', 332),
('100000033', 'Carol', 'A', 'Jones', 'F', '10/9/2023', '6286', 'Orbit Dr', '260', 'Richardson', 'TX', '75012', 386),
('100000034', 'Alice', 'H', 'Martinez', 'M', '6/21/2020', '8877', 'Comet Ln', '219', 'Richardson', 'TX', '75034', 395),
('100000035', 'Ivy', 'J', 'Jones', 'F', '2/9/2021', '4974', 'Orbit Dr', '180', 'Richardson', 'TX', '75048', 407),
('100000036', 'Alice', 'A', 'Lee', 'M', '11/15/2023', '1087', 'Galaxy Blvd', '236', 'Richardson', 'TX', '75064', 409),
('100000037', 'David', 'I', 'Smith', 'F', '5/8/2020', '7300', 'Comet Ln', '251', 'Richardson', 'TX', '75073', 417),
('100000038', 'Henry', 'A', 'Lee', 'F', '10/6/2022', '4867', 'Comet Ln', '348', 'Richardson', 'TX', '75086', 421),
('100000039', 'Frank', 'D', 'Jones', 'F', '9/2/2022', '2503', 'Astro Way', '522', 'Richardson', 'TX', '75073', 427),
('100000040', 'Carol', 'A', 'Lee', 'M', '12/6/2022', '7971', 'Astro Way', '585', 'Richardson', 'TX', '75088', 440),
('100000041', 'Bob', 'F', 'Smith', 'M', '4/13/2021', '4785', 'Comet Ln', '625', 'Richardson', 'TX', '75037', 441),
('100000042', 'Carol', 'J', 'Martinez', 'F', '2/12/2024', '8522', 'Comet Ln', '636', 'Richardson', 'TX', '75015', 465),
('100000043', 'Alice', 'C', 'Smith', 'M', '2/24/2021', '1960', 'Galaxy Blvd', '227', 'Richardson', 'TX', '75036', 478),
('100000044', 'Frank', 'B', 'Williams', 'M', '6/7/2023', '1524', 'Orbit Dr', '874', 'Richardson', 'TX', '75031', 503),
('100000045', 'Henry', 'E', 'Brown', 'M', '7/13/2023', '5387', 'Astro Way', '518', 'Richardson', 'TX', '75061', 504),
('100000046', 'Carol', 'C', 'Brown', 'M', '4/15/2023', '5508', 'Orbit Dr', '124', 'Richardson', 'TX', '75017', 506),
('100000047', 'Alice', 'F', 'Davis', 'M', '10/8/2021', '9742', 'Nebula St', '135', 'Richardson', 'TX', '75020', 520),
('100000048', 'Frank', 'B', 'Williams', 'M', '8/21/2021', '5915', 'Orbit Dr', '913', 'Richardson', 'TX', '75029', 536),
('100000049', 'Ivy', 'J', 'Lee', 'M', '5/14/2024', '9645', 'Orbit Dr', '173', 'Richardson', 'TX', '75047', 541),
('100000050', 'Frank', 'H', 'Jones', 'M', '10/14/2019', '3745', 'Nebula St', '404', 'Richardson', 'TX', '75036', 546),
('100000051', 'Frank', 'C', 'Jones', 'M', '9/13/2024', '1938', 'Galaxy Blvd', '677', 'Richardson', 'TX', '75058', 550),
('100000052', 'Bob', 'C', 'Martinez', 'F', '6/14/2019', '5803', 'Galaxy Blvd', '159', 'Richardson', 'TX', '75064', 557),
('100000053', 'Carol', 'D', 'Brown', 'F', '12/20/2019', '426', 'Astro Way', '376', 'Richardson', 'TX', '75029', 571),
('100000054', 'Grace', 'H', 'Smith', 'F', '8/16/2021', '4924', 'Comet Ln', '286', 'Richardson', 'TX', '75093', 576),
('100000055', 'David', 'C', 'Garcia', 'F', '11/6/2023', '797', 'Nebula St', '346', 'Richardson', 'TX', '75056', 594),
('100000056', 'Alice', 'I', 'Garcia', 'F', '9/7/2023', '1408', 'Comet Ln', '777', 'Richardson', 'TX', '75070', 596),
('100000057', 'Bob', 'J', 'Smith', 'F', '8/11/2023', '4360', 'Nebula St', '115', 'Richardson', 'TX', '75053', 608),
('100000058', 'Ivy', 'F', 'Lee', 'M', '11/15/2022', '1022', 'Galaxy Blvd', '463', 'Richardson', 'TX', '75086', 618),
('100000059', 'Jack', 'G', 'Garcia', 'F', '4/19/2021', '2932', 'Astro Way', '238', 'Richardson', 'TX', '75084', 623),
('100000060', 'Carol', 'B', 'Martinez', 'M', '2/9/2023', '5002', 'Galaxy Blvd', '770', 'Richardson', 'TX', '75065', 625),
('100000061', 'Carol', 'B', 'Davis', 'M', '11/23/2023', '6051', 'Galaxy Blvd', '80', 'Richardson', 'TX', '75052', 631),
('100000062', 'Jack', 'B', 'Martinez', 'F', '3/25/2019', '7189', 'Nebula St', '655', 'Richardson', 'TX', '75096', 648),
('100000063', 'Jack', 'E', 'Williams', 'M', '6/22/2024', '4123', 'Galaxy Blvd', '75', 'Richardson', 'TX', '75036', 649),
('100000064', 'Bob', 'H', 'Lee', 'F', '1/27/2019', '3107', 'Comet Ln', '835', 'Richardson', 'TX', '75026', 662),
('100000065', 'Jack', 'J', 'Williams', 'M', '10/22/2022', '2084', 'Nebula St', '743', 'Richardson', 'TX', '75053', 667),
('100000066', 'Frank', 'A', 'Williams', 'F', '11/16/2023', '2549', 'Astro Way', '125', 'Richardson', 'TX', '75087', 686),
('100000067', 'Ivy', 'C', 'Davis', 'F', '2/7/2020', '8034', 'Nebula St', '437', 'Richardson', 'TX', '75018', 689),
('100000068', 'Eva', 'D', 'Davis', 'F', '4/16/2022', '3959', 'Astro Way', '663', 'Richardson', 'TX', '75040', 697),
('100000069', 'Ivy', 'F', 'Brown', 'F', '10/23/2021', '7840', 'Galaxy Blvd', '804', 'Richardson', 'TX', '75081', 703),
('100000070', 'Henry', 'C', 'Brown', 'F', '7/17/2023', '5528', 'Astro Way', '199', 'Richardson', 'TX', '75071', 710),
('100000071', 'Bob', 'D', 'Jones', 'F', '8/5/2021', '6442', 'Orbit Dr', '780', 'Richardson', 'TX', '75050', 713),
('100000072', 'Eva', 'F', 'Jones', 'M', '3/7/2021', '6470', 'Orbit Dr', '383', 'Richardson', 'TX', '75068', 722),
('100000073', 'Bob', 'J', 'Lee', 'F', '2/9/2021', '27', 'Nebula St', '594', 'Richardson', 'TX', '75027', 743),
('100000074', 'Henry', 'H', 'Williams', 'M', '2/21/2021', '3587', 'Comet Ln', '886', 'Richardson', 'TX', '75010', 745),
('100000075', 'Ivy', 'A', 'Garcia', 'F', '5/24/2019', '2302', 'Galaxy Blvd', '135', 'Richardson', 'TX', '75028', 747),
('100000076', 'David', 'C', 'Williams', 'M', '12/28/2022', '5455', 'Astro Way', '160', 'Richardson', 'TX', '75058', 748),
('100000077', 'David', 'J', 'Lee', 'M', '1/19/2024', '4039', 'Astro Way', '777', 'Richardson', 'TX', '75044', 751),
('100000078', 'Carol', 'G', 'Martinez', 'M', '9/12/2022', '8161', 'Astro Way', '119', 'Richardson', 'TX', '75084', 775),
('100000079', 'Frank', 'E', 'Brown', 'M', '3/4/2022', '2237', 'Galaxy Blvd', '431', 'Richardson', 'TX', '75082', 784),
('100000080', 'Bob', 'H', 'Garcia', 'F', '4/1/2022', '7179', 'Comet Ln', '927', 'Richardson', 'TX', '75048', 804),
('100000081', 'David', 'H', 'Brown', 'M', '3/24/2024', '138', 'Comet Ln', '315', 'Richardson', 'TX', '75017', 808),
('100000082', 'David', 'H', 'Jones', 'F', '6/13/2023', '2294', 'Nebula St', '887', 'Richardson', 'TX', '75037', 816),
('100000083', 'Frank', 'F', 'Martinez', 'M', '5/21/2022', '3873', 'Comet Ln', '128', 'Richardson', 'TX', '75046', 821),
('100000084', 'Henry', 'A', 'Brown', 'M', '9/23/2023', '3732', 'Astro Way', '2', 'Richardson', 'TX', '75055', 835),
('100000085', 'Frank', 'C', 'Jones', 'M', '11/10/2023', '718', 'Nebula St', '885', 'Richardson', 'TX', '75069', 837),
('100000086', 'Jack', 'B', 'Jones', 'F', '2/15/2024', '9047', 'Comet Ln', '286', 'Richardson', 'TX', '75039', 850),
('100000087', 'Grace', 'H', 'Davis', 'F', '9/20/2020', '1370', 'Galaxy Blvd', '241', 'Richardson', 'TX', '75012', 857),
('100000088', 'Henry', 'A', 'Jones', 'F', '8/9/2021', '626', 'Nebula St', '726', 'Richardson', 'TX', '75047', 874),
('100000089', 'Henry', 'J', 'Jones', 'M', '10/26/2023', '3401', 'Galaxy Blvd', '887', 'Richardson', 'TX', '75072', 894),
('100000090', 'Alice', 'I', 'Martinez', 'M', '1/22/2022', '6720', 'Astro Way', '268', 'Richardson', 'TX', '75069', 906),
('100000091', 'Alice', 'A', 'Smith', 'M', '6/12/2019', '323', 'Nebula St', '741', 'Richardson', 'TX', '75011', 914),
('100000092', 'Henry', 'A', 'Jones', 'F', '6/8/2023', '5611', 'Astro Way', '498', 'Richardson', 'TX', '75037', 919),
('100000093', 'Alice', 'E', 'Lee', 'M', '1/6/2024', '7166', 'Galaxy Blvd', '248', 'Richardson', 'TX', '75097', 944),
('100000094', 'Grace', 'J', 'Martinez', 'M', '12/12/2022', '6428', 'Orbit Dr', '553', 'Richardson', 'TX', '75029', 980),
('100000095', 'Eva', 'F', 'Jones', 'F', '8/14/2021', '504', 'Galaxy Blvd', '562', 'Richardson', 'TX', '75081', 988),
('100000096', 'Jack', 'J', 'Smith', 'M', '7/23/2022', '8776', 'Orbit Dr', '957', 'Richardson', 'TX', '75013', 990),
('100000097', 'Eva', 'A', 'Martinez', 'M', '7/11/2019', '307', 'Galaxy Blvd', '423', 'Richardson', 'TX', '75028', 993),
('100000098', 'Frank', 'H', 'Brown', 'F', '3/9/2023', '1532', 'Orbit Dr', '167', 'Richardson', 'TX', '75064', 1000),
('101193188', 'Frank', 'C', 'Williams', 'F', '3/20/2023', '9266', 'Orbit Dr', '511', 'Richardson', 'TX', '75044', 909),
('101739660', 'Alice', 'A', 'Jones', 'F', '7/27/2020', '4955', 'Nebula St', '633', 'Richardson', 'TX', '75041', 400),
('102283760', 'Frank', 'J', 'Lee', 'F', '12/15/2024', '6228', 'Galaxy Blvd', '163', 'Richardson', 'TX', '75041', 398),
('107110226', 'Eva', 'I', 'Martinez', 'F', '2/6/2022', '844', 'Astro Way', '341', 'Richardson', 'TX', '75020', 529),
('109730698', 'Eva', 'I', 'Davis', 'M', '2/8/2020', '4380', 'Comet Ln', '840', 'Richardson', 'TX', '75057', 207),
('113129880', 'David', 'F', 'Jones', 'M', '3/14/2021', '453', 'Comet Ln', '294', 'Richardson', 'TX', '75033', 930),
('113446224', 'Grace', 'J', 'Brown', 'F', '1/9/2022', '2301', 'Astro Way', '518', 'Richardson', 'TX', '75027', 587),
('114203867', 'Henry', 'G', 'Lee', 'F', '6/1/2021', '2214', 'Comet Ln', '588', 'Richardson', 'TX', '75016', 725),
('115774329', 'Frank', 'J', 'Jones', 'M', '2/21/2023', '6537', 'Orbit Dr', '525', 'Richardson', 'TX', '75073', 456),
('117316167', 'Alice', 'B', 'Martinez', 'M', '9/13/2023', '2093', 'Nebula St', '645', 'Richardson', 'TX', '75044', 900),
('117355142', 'Jack', 'H', 'Williams', 'M', '3/19/2024', '8143', 'Comet Ln', '436', 'Richardson', 'TX', '75077', 764),
('119669553', 'Carol', 'B', 'Davis', 'F', '7/28/2024', '936', 'Comet Ln', '405', 'Richardson', 'TX', '75023', 383),
('119931620', 'Ivy', 'A', 'Lee', 'F', '6/23/2022', '931', 'Nebula St', '515', 'Richardson', 'TX', '75093', 856),
('120915055', 'Henry', 'J', 'Lee', 'F', '12/21/2022', '338', 'Comet Ln', '361', 'Richardson', 'TX', '75056', 540),
('122610077', 'Grace', 'E', 'Davis', 'M', '7/14/2021', '1176', 'Nebula St', '708', 'Richardson', 'TX', '75071', 934),
('122766420', 'Grace', 'C', 'Lee', 'M', '2/17/2020', '8230', 'Galaxy Blvd', '62', 'Richardson', 'TX', '75024', 117),
('123155514', 'Eva', 'D', 'Williams', 'M', '6/9/2024', '2941', 'Astro Way', '614', 'Richardson', 'TX', '75064', 187),
('125220880', 'Frank', 'I', 'Brown', 'M', '6/10/2022', '6648', 'Orbit Dr', '92', 'Richardson', 'TX', '75030', 998),
('126201917', 'Ivy', 'F', 'Martinez', 'M', '7/20/2024', '5068', 'Orbit Dr', '476', 'Richardson', 'TX', '75028', 690),
('126297191', 'Alice', 'E', 'Smith', 'M', '4/26/2023', '2391', 'Orbit Dr', '1', 'Richardson', 'TX', '75049', 845),
('126902403', 'Grace', 'J', 'Davis', 'F', '9/24/2022', '3527', 'Orbit Dr', '832', 'Richardson', 'TX', '75068', 597),
('127440715', 'Eva', 'F', 'Brown', 'F', '12/28/2020', '7882', 'Astro Way', '189', 'Richardson', 'TX', '75089', 605),
('127623110', 'Eva', 'D', 'Jones', 'F', '1/9/2022', '4161', 'Nebula St', '675', 'Richardson', 'TX', '75030', 444),
('129280263', 'Bob', 'B', 'Davis', 'F', '3/1/2020', '3056', 'Astro Way', '451', 'Richardson', 'TX', '75088', 79),
('129474045', 'Carol', 'J', 'Jones', 'F', '4/6/2020', '6583', 'Galaxy Blvd', '455', 'Richardson', 'TX', '75092', 971),
('130849538', 'Grace', 'B', 'Williams', 'M', '7/22/2022', '1555', 'Orbit Dr', '135', 'Richardson', 'TX', '75059', 329),
('134245824', 'Ivy', 'G', 'Garcia', 'F', '5/1/2023', '2967', 'Orbit Dr', '908', 'Richardson', 'TX', '75038', 809),
('135467474', 'Henry', 'G', 'Martinez', 'M', '8/9/2021', '8323', 'Orbit Dr', '450', 'Richardson', 'TX', '75087', 861),
('139620818', 'Ivy', 'F', 'Davis', 'F', '8/20/2023', '8651', 'Nebula St', '979', 'Richardson', 'TX', '75046', 88),
('139675375', 'Jack', 'D', 'Jones', 'F', '4/27/2020', '8670', 'Orbit Dr', '974', 'Richardson', 'TX', '75011', 356),
('140357503', 'David', 'I', 'Garcia', 'F', '1/21/2020', '8742', 'Galaxy Blvd', '193', 'Richardson', 'TX', '75089', 125),
('140504709', 'Ivy', 'B', 'Smith', 'F', '3/16/2022', '5682', 'Orbit Dr', '477', 'Richardson', 'TX', '75031', 61),
('140514537', 'Alice', 'A', 'Jones', 'M', '9/9/2021', '8973', 'Galaxy Blvd', '995', 'Richardson', 'TX', '75020', 590),
('140854214', 'Henry', 'J', 'Lee', 'F', '2/22/2023', '9362', 'Nebula St', '960', 'Richardson', 'TX', '75014', 635),
('140885336', 'David', 'C', 'Martinez', 'M', '11/6/2021', '8259', 'Nebula St', '476', 'Richardson', 'TX', '75093', 915),
('143525711', 'Grace', 'G', 'Martinez', 'M', '4/12/2022', '7273', 'Nebula St', '580', 'Richardson', 'TX', '75053', 18),
('145050736', 'David', 'C', 'Davis', 'F', '7/13/2021', '9423', 'Comet Ln', '955', 'Richardson', 'TX', '75096', 758),
('148738946', 'Frank', 'C', 'Smith', 'M', '11/18/2021', '7307', 'Nebula St', '864', 'Richardson', 'TX', '75036', 726),
('149973719', 'Ivy', 'E', 'Martinez', 'F', '1/2/2023', '2963', 'Orbit Dr', '808', 'Richardson', 'TX', '75070', 151),
('150590028', 'Alice', 'B', 'Garcia', 'M', '5/8/2022', '5188', 'Nebula St', '566', 'Richardson', 'TX', '75079', 852),
('153530670', 'Alice', 'G', 'Garcia', 'F', '5/3/2023', '3678', 'Comet Ln', '181', 'Richardson', 'TX', '75094', 2),
('155022875', 'Frank', 'B', 'Brown', 'F', '3/10/2021', '6810', 'Comet Ln', '965', 'Richardson', 'TX', '75051', 566),
('155884239', 'Jack', 'J', 'Martinez', 'M', '6/2/2021', '9478', 'Orbit Dr', '842', 'Richardson', 'TX', '75088', 795),
('156438046', 'Grace', 'D', 'Smith', 'M', '2/16/2024', '8412', 'Astro Way', '952', 'Richardson', 'TX', '75049', 44),
('156526146', 'Grace', 'J', 'Jones', 'M', '7/13/2023', '6660', 'Nebula St', '17', 'Richardson', 'TX', '75099', 251),
('159057629', 'Ivy', 'G', 'Williams', 'M', '5/22/2024', '903', 'Galaxy Blvd', '210', 'Richardson', 'TX', '75090', 85),
('159228671', 'David', 'C', 'Davis', 'M', '10/9/2021', '6041', 'Nebula St', '476', 'Richardson', 'TX', '75094', 479),
('163144477', 'Bob', 'H', 'Williams', 'F', '7/25/2024', '2979', 'Astro Way', '407', 'Richardson', 'TX', '75047', 656),
('164683291', 'Jack', 'C', 'Garcia', 'F', '6/19/2019', '402', 'Orbit Dr', '82', 'Richardson', 'TX', '75015', 556),
('165090933', 'Jack', 'A', 'Garcia', 'F', '11/24/2021', '5565', 'Nebula St', '903', 'Richardson', 'TX', '75012', 1),
('166137407', 'Henry', 'G', 'Brown', 'F', '11/5/2019', '9860', 'Nebula St', '127', 'Richardson', 'TX', '75070', 123),
('170752202', 'Ivy', 'B', 'Martinez', 'F', '10/6/2021', '6061', 'Astro Way', '819', 'Richardson', 'TX', '75040', 445),
('170915019', 'Ivy', 'E', 'Brown', 'M', '6/24/2022', '6817', 'Astro Way', '412', 'Richardson', 'TX', '75027', 325),
('171799316', 'Henry', 'G', 'Jones', 'M', '10/13/2020', '5298', 'Comet Ln', '808', 'Richardson', 'TX', '75024', 793),
('172507097', 'Jack', 'H', 'Davis', 'F', '3/20/2021', '4572', 'Orbit Dr', '665', 'Richardson', 'TX', '75090', 580),
('172615399', 'Henry', 'G', 'Davis', 'F', '8/2/2024', '9121', 'Nebula St', '658', 'Richardson', 'TX', '75082', 157),
('172759481', 'Henry', 'I', 'Brown', 'M', '7/13/2022', '4870', 'Astro Way', '777', 'Richardson', 'TX', '75097', 164),
('172798883', 'Bob', 'I', 'Smith', 'M', '9/25/2021', '7499', 'Comet Ln', '240', 'Richardson', 'TX', '75021', 545),
('173005297', 'Grace', 'H', 'Lee', 'F', '10/4/2020', '5756', 'Comet Ln', '848', 'Richardson', 'TX', '75046', 688),
('173346369', 'Grace', 'B', 'Garcia', 'F', '3/21/2024', '7040', 'Orbit Dr', '827', 'Richardson', 'TX', '75056', 929),
('174332696', 'Frank', 'J', 'Garcia', 'F', '7/6/2024', '6757', 'Astro Way', '293', 'Richardson', 'TX', '75067', 360),
('174631601', 'Henry', 'I', 'Garcia', 'M', '2/16/2023', '1477', 'Galaxy Blvd', '744', 'Richardson', 'TX', '75056', 135),
('175673079', 'Jack', 'H', 'Jones', 'F', '12/12/2022', '179', 'Galaxy Blvd', '842', 'Richardson', 'TX', '75090', 144),
('175768293', 'Ivy', 'E', 'Brown', 'F', '7/26/2023', '9203', 'Nebula St', '559', 'Richardson', 'TX', '75085', 458),
('175992227', 'Ivy', 'J', 'Martinez', 'M', '10/26/2023', '185', 'Nebula St', '979', 'Richardson', 'TX', '75017', 463),
('176301316', 'Alice', 'I', 'Williams', 'M', '1/9/2023', '2722', 'Nebula St', '858', 'Richardson', 'TX', '75018', 853),
('177664067', 'Eva', 'D', 'Jones', 'M', '11/15/2023', '9404', 'Galaxy Blvd', '765', 'Richardson', 'TX', '75057', 888),
('182466487', 'Grace', 'G', 'Martinez', 'F', '2/5/2023', '2134', 'Astro Way', '446', 'Richardson', 'TX', '75048', 521),
('183408154', 'Henry', 'A', 'Garcia', 'F', '11/21/2019', '4156', 'Astro Way', '718', 'Richardson', 'TX', '75058', 219),
('185164376', 'Alice', 'C', 'Lee', 'M', '1/16/2021', '4502', 'Astro Way', '117', 'Richardson', 'TX', '75029', 519),
('185437537', 'David', 'E', 'Martinez', 'F', '10/17/2021', '3644', 'Galaxy Blvd', '300', 'Richardson', 'TX', '75048', 40),
('186302892', 'Jack', 'H', 'Jones', 'F', '3/8/2024', '6638', 'Orbit Dr', '256', 'Richardson', 'TX', '75014', 433),
('187377213', 'David', 'F', 'Martinez', 'M', '9/5/2022', '7071', 'Galaxy Blvd', '479', 'Richardson', 'TX', '75036', 406),
('187823540', 'David', 'H', 'Martinez', 'M', '5/19/2019', '2683', 'Nebula St', '645', 'Richardson', 'TX', '75049', 466),
('188522794', 'Eva', 'G', 'Brown', 'F', '5/15/2024', '6216', 'Astro Way', '747', 'Richardson', 'TX', '75022', 849),
('188645228', 'Bob', 'D', 'Martinez', 'M', '9/9/2019', '3563', 'Galaxy Blvd', '541', 'Richardson', 'TX', '75051', 647),
('191247014', 'Bob', 'C', 'Garcia', 'F', '6/9/2022', '2941', 'Astro Way', '743', 'Richardson', 'TX', '75024', 911),
('194417344', 'Bob', 'H', 'Garcia', 'M', '11/19/2021', '4782', 'Orbit Dr', '198', 'Richardson', 'TX', '75093', 669),
('194548435', 'Bob', 'D', 'Martinez', 'M', '10/24/2020', '2138', 'Astro Way', '545', 'Richardson', 'TX', '75017', 779),
('196397813', 'Bob', 'D', 'Jones', 'M', '11/10/2021', '4331', 'Galaxy Blvd', '804', 'Richardson', 'TX', '75037', 564),
('197458669', 'Alice', 'I', 'Jones', 'M', '5/8/2021', '1849', 'Comet Ln', '732', 'Richardson', 'TX', '75067', 357),
('197937220', 'Henry', 'J', 'Martinez', 'F', '6/11/2019', '3345', 'Nebula St', '104', 'Richardson', 'TX', '75026', 792),
('198132165', 'Ivy', 'H', 'Jones', 'M', '1/8/2021', '1646', 'Nebula St', '543', 'Richardson', 'TX', '75058', 394),
('199147070', 'Carol', 'B', 'Davis', 'M', '4/23/2020', '9089', 'Orbit Dr', '135', 'Richardson', 'TX', '75029', 932),
('199727143', 'Grace', 'B', 'Davis', 'F', '7/15/2021', '8879', 'Orbit Dr', '750', 'Richardson', 'TX', '75019', 391),
('200311227', 'Eva', 'I', 'Martinez', 'M', '2/12/2024', '4073', 'Comet Ln', '431', 'Richardson', 'TX', '75087', 10),
('200326629', 'Frank', 'D', 'Martinez', 'M', '3/16/2023', '5226', 'Astro Way', '540', 'Richardson', 'TX', '75070', 238),
('200700144', 'Ivy', 'G', 'Davis', 'M', '7/27/2022', '235', 'Comet Ln', '452', 'Richardson', 'TX', '75083', 316),
('201684871', 'Jack', 'E', 'Martinez', 'F', '2/26/2023', '9072', 'Comet Ln', '239', 'Richardson', 'TX', '75098', 273),
('202313370', 'Eva', 'I', 'Garcia', 'M', '6/6/2024', '2797', 'Astro Way', '907', 'Richardson', 'TX', '75014', 611),
('202440930', 'Bob', 'E', 'Jones', 'F', '4/28/2020', '1578', 'Nebula St', '980', 'Richardson', 'TX', '75089', 706),
('202448052', 'Grace', 'B', 'Jones', 'F', '9/5/2023', '5195', 'Comet Ln', '741', 'Richardson', 'TX', '75037', 102),
('204569801', 'Grace', 'I', 'Williams', 'F', '12/5/2023', '2798', 'Nebula St', '39', 'Richardson', 'TX', '75089', 987),
('204673498', 'Carol', 'B', 'Jones', 'F', '11/28/2021', '7621', 'Comet Ln', '188', 'Richardson', 'TX', '75074', 844),
('208221954', 'Alice', 'G', 'Garcia', 'M', '10/3/2021', '8944', 'Galaxy Blvd', '514', 'Richardson', 'TX', '75073', 254),
('208560084', 'Jack', 'G', 'Jones', 'F', '4/20/2022', '6306', 'Astro Way', '779', 'Richardson', 'TX', '75013', 483),
('209345817', 'Alice', 'G', 'Martinez', 'M', '4/2/2021', '6601', 'Astro Way', '465', 'Richardson', 'TX', '75055', 314),
('212932310', 'Bob', 'E', 'Williams', 'M', '8/5/2022', '4343', 'Astro Way', '663', 'Richardson', 'TX', '75080', 953),
('213046640', 'Jack', 'H', 'Martinez', 'M', '7/16/2023', '2063', 'Astro Way', '813', 'Richardson', 'TX', '75063', 171),
('213910249', 'Carol', 'G', 'Williams', 'M', '12/28/2022', '9759', 'Galaxy Blvd', '504', 'Richardson', 'TX', '75083', 348),
('214783445', 'Carol', 'B', 'Brown', 'M', '8/10/2023', '8921', 'Orbit Dr', '793', 'Richardson', 'TX', '75063', 408),
('219696871', 'Ivy', 'E', 'Martinez', 'F', '9/25/2021', '5257', 'Nebula St', '356', 'Richardson', 'TX', '75020', 517),
('220660195', 'Frank', 'D', 'Garcia', 'F', '12/9/2023', '4333', 'Galaxy Blvd', '140', 'Richardson', 'TX', '75063', 462),
('221268808', 'Alice', 'I', 'Williams', 'F', '11/24/2022', '3696', 'Comet Ln', '115', 'Richardson', 'TX', '75074', 469),
('222025475', 'Grace', 'D', 'Martinez', 'F', '12/3/2023', '4530', 'Orbit Dr', '725', 'Richardson', 'TX', '75090', 368),
('222772332', 'Frank', 'J', 'Williams', 'M', '12/9/2024', '2075', 'Comet Ln', '60', 'Richardson', 'TX', '75056', 211),
('223383941', 'Eva', 'I', 'Martinez', 'M', '5/1/2021', '8480', 'Comet Ln', '983', 'Richardson', 'TX', '75053', 674),
('224163916', 'David', 'G', 'Williams', 'M', '9/17/2020', '2341', 'Orbit Dr', '184', 'Richardson', 'TX', '75038', 259),
('224675218', 'Carol', 'D', 'Martinez', 'M', '6/2/2023', '1439', 'Orbit Dr', '180', 'Richardson', 'TX', '75028', 249),
('225683584', 'Grace', 'E', 'Jones', 'M', '11/11/2023', '4544', 'Galaxy Blvd', '738', 'Richardson', 'TX', '75062', 687),
('226323832', 'Frank', 'E', 'Davis', 'M', '3/21/2019', '5763', 'Orbit Dr', '757', 'Richardson', 'TX', '75078', 487),
('230419529', 'Jack', 'C', 'Martinez', 'F', '1/8/2022', '3224', 'Astro Way', '341', 'Richardson', 'TX', '75042', 895),
('231748591', 'Frank', 'C', 'Williams', 'F', '8/23/2021', '7893', 'Orbit Dr', '448', 'Richardson', 'TX', '75069', 750),
('231865958', 'Grace', 'F', 'Garcia', 'M', '1/1/2024', '2559', 'Orbit Dr', '350', 'Richardson', 'TX', '75042', 606),
('232463973', 'Jack', 'A', 'Brown', 'F', '11/27/2020', '5402', 'Galaxy Blvd', '926', 'Richardson', 'TX', '75092', 296),
('233591784', 'Carol', 'B', 'Davis', 'F', '2/19/2021', '6125', 'Comet Ln', '331', 'Richardson', 'TX', '75039', 668),
('235684437', 'Eva', 'J', 'Brown', 'M', '1/9/2024', '7510', 'Astro Way', '975', 'Richardson', 'TX', '75096', 286),
('236904003', 'Alice', 'I', 'Brown', 'M', '9/12/2023', '6628', 'Galaxy Blvd', '358', 'Richardson', 'TX', '75055', 530),
('238352398', 'Eva', 'C', 'Smith', 'F', '12/19/2022', '9484', 'Astro Way', '530', 'Richardson', 'TX', '75075', 334),
('239723563', 'Carol', 'F', 'Brown', 'M', '8/23/2021', '4795', 'Comet Ln', '150', 'Richardson', 'TX', '75047', 11),
('239970027', 'Ivy', 'E', 'Williams', 'F', '7/15/2021', '1628', 'Astro Way', '810', 'Richardson', 'TX', '75037', 981),
('244310583', 'Frank', 'F', 'Garcia', 'M', '3/28/2019', '287', 'Galaxy Blvd', '340', 'Richardson', 'TX', '75081', 437),
('245120297', 'Carol', 'D', 'Brown', 'F', '12/27/2020', '5403', 'Astro Way', '843', 'Richardson', 'TX', '75038', 336),
('246310500', 'Grace', 'C', 'Brown', 'F', '6/4/2022', '5289', 'Galaxy Blvd', '144', 'Richardson', 'TX', '75066', 188),
('246499922', 'Eva', 'I', 'Brown', 'F', '5/20/2024', '6515', 'Astro Way', '122', 'Richardson', 'TX', '75054', 599),
('246613425', 'Henry', 'F', 'Lee', 'M', '7/6/2020', '3796', 'Galaxy Blvd', '511', 'Richardson', 'TX', '75029', 305),
('247902318', 'David', 'B', 'Lee', 'F', '5/15/2020', '6539', 'Galaxy Blvd', '587', 'Richardson', 'TX', '75055', 438),
('248395736', 'Eva', 'D', 'Martinez', 'F', '11/8/2019', '5273', 'Galaxy Blvd', '953', 'Richardson', 'TX', '75049', 359),
('248946972', 'Jack', 'I', 'Martinez', 'M', '4/11/2021', '5371', 'Astro Way', '403', 'Richardson', 'TX', '75082', 575),
('249080948', 'Alice', 'A', 'Garcia', 'M', '3/27/2023', '8874', 'Nebula St', '193', 'Richardson', 'TX', '75048', 146),
('249430699', 'Grace', 'D', 'Williams', 'F', '7/22/2020', '8047', 'Astro Way', '538', 'Richardson', 'TX', '75032', 347),
('249898537', 'David', 'I', 'Lee', 'M', '9/25/2023', '6273', 'Galaxy Blvd', '564', 'Richardson', 'TX', '75084', 886),
('251880287', 'Grace', 'B', 'Davis', 'F', '1/18/2021', '4370', 'Galaxy Blvd', '401', 'Richardson', 'TX', '75034', 15),
('252628024', 'Eva', 'C', 'Garcia', 'F', '2/21/2023', '4600', 'Astro Way', '946', 'Richardson', 'TX', '75058', 494),
('252681093', 'David', 'C', 'Davis', 'M', '12/12/2021', '1479', 'Galaxy Blvd', '574', 'Richardson', 'TX', '75028', 323),
('254162963', 'Henry', 'H', 'Brown', 'F', '8/11/2021', '3248', 'Nebula St', '126', 'Richardson', 'TX', '75096', 233),
('256215940', 'Grace', 'J', 'Davis', 'F', '3/27/2019', '3443', 'Nebula St', '75', 'Richardson', 'TX', '75067', 436),
('256338470', 'Alice', 'D', 'Jones', 'F', '5/8/2024', '8125', 'Orbit Dr', '902', 'Richardson', 'TX', '75042', 829),
('256694928', 'Frank', 'F', 'Davis', 'M', '4/10/2023', '4899', 'Nebula St', '428', 'Richardson', 'TX', '75050', 738),
('268473315', 'Grace', 'J', 'Martinez', 'M', '1/1/2020', '5443', 'Nebula St', '518', 'Richardson', 'TX', '75044', 150),
('270848482', 'Frank', 'E', 'Garcia', 'M', '12/11/2022', '4425', 'Astro Way', '410', 'Richardson', 'TX', '75090', 505),
('272062947', 'Jack', 'B', 'Smith', 'M', '10/18/2022', '9383', 'Orbit Dr', '800', 'Richardson', 'TX', '75046', 650),
('272348825', 'Frank', 'C', 'Lee', 'F', '12/24/2020', '1112', 'Comet Ln', '434', 'Richardson', 'TX', '75056', 366),
('273069947', 'Grace', 'B', 'Smith', 'F', '4/12/2023', '3399', 'Orbit Dr', '393', 'Richardson', 'TX', '75065', 898),
('274293039', 'Frank', 'J', 'Martinez', 'M', '1/26/2021', '3931', 'Nebula St', '102', 'Richardson', 'TX', '75099', 208),
('275469003', 'Eva', 'F', 'Brown', 'F', '9/27/2019', '2569', 'Galaxy Blvd', '657', 'Richardson', 'TX', '75081', 629),
('278385512', 'Henry', 'D', 'Williams', 'M', '11/27/2022', '8464', 'Orbit Dr', '632', 'Richardson', 'TX', '75080', 142),
('279162546', 'Frank', 'E', 'Smith', 'M', '5/28/2019', '9454', 'Orbit Dr', '410', 'Richardson', 'TX', '75055', 396),
('283239270', 'Grace', 'H', 'Smith', 'M', '1/5/2024', '8726', 'Astro Way', '316', 'Richardson', 'TX', '75031', 787),
('285603712', 'Ivy', 'D', 'Jones', 'F', '1/3/2023', '696', 'Comet Ln', '996', 'Richardson', 'TX', '75047', 203),
('286814571', 'Grace', 'E', 'Martinez', 'F', '11/7/2021', '9355', 'Nebula St', '322', 'Richardson', 'TX', '75028', 498),
('287768702', 'Frank', 'G', 'Martinez', 'M', '2/17/2023', '2935', 'Comet Ln', '484', 'Richardson', 'TX', '75096', 493),
('287986033', 'Grace', 'J', 'Jones', 'F', '11/6/2020', '204', 'Astro Way', '418', 'Richardson', 'TX', '75042', 73),
('288234191', 'Carol', 'C', 'Brown', 'M', '12/14/2020', '3565', 'Orbit Dr', '447', 'Richardson', 'TX', '75029', 785),
('288593626', 'Ivy', 'B', 'Williams', 'F', '1/23/2021', '9405', 'Orbit Dr', '930', 'Richardson', 'TX', '75072', 904),
('288595635', 'Frank', 'J', 'Smith', 'M', '10/28/2022', '9926', 'Orbit Dr', '235', 'Richardson', 'TX', '75086', 516),
('289329422', 'Henry', 'E', 'Brown', 'F', '7/24/2020', '5450', 'Nebula St', '393', 'Richardson', 'TX', '75042', 626),
('289460316', 'Ivy', 'J', 'Williams', 'F', '10/20/2021', '8847', 'Orbit Dr', '80', 'Richardson', 'TX', '75069', 405),
('289875157', 'David', 'E', 'Jones', 'M', '7/22/2023', '7243', 'Comet Ln', '855', 'Richardson', 'TX', '75027', 834),
('290277089', 'Henry', 'G', 'Jones', 'M', '7/24/2024', '1207', 'Astro Way', '924', 'Richardson', 'TX', '75033', 75),
('290953684', 'Ivy', 'B', 'Garcia', 'M', '9/21/2023', '2077', 'Orbit Dr', '288', 'Richardson', 'TX', '75062', 197),
('291301763', 'Frank', 'D', 'Williams', 'M', '1/14/2019', '6216', 'Orbit Dr', '796', 'Richardson', 'TX', '75055', 883),
('293010195', 'Ivy', 'J', 'Davis', 'F', '8/10/2023', '7648', 'Nebula St', '999', 'Richardson', 'TX', '75053', 194),
('293186456', 'Bob', 'E', 'Lee', 'M', '6/28/2022', '1474', 'Astro Way', '280', 'Richardson', 'TX', '75089', 81),
('294163442', 'Carol', 'E', 'Jones', 'F', '1/13/2020', '2298', 'Comet Ln', '48', 'Richardson', 'TX', '75049', 820),
('295296741', 'David', 'I', 'Martinez', 'F', '1/10/2019', '9583', 'Galaxy Blvd', '611', 'Richardson', 'TX', '75064', 376),
('296542833', 'Frank', 'H', 'Garcia', 'M', '2/5/2021', '1612', 'Orbit Dr', '643', 'Richardson', 'TX', '75060', 526),
('297149847', 'Jack', 'H', 'Martinez', 'M', '9/15/2024', '6733', 'Galaxy Blvd', '929', 'Richardson', 'TX', '75024', 875),
('299279223', 'Bob', 'C', 'Jones', 'M', '2/2/2019', '8562', 'Astro Way', '86', 'Richardson', 'TX', '75032', 561),
('300026832', 'David', 'J', 'Martinez', 'F', '3/14/2022', '5718', 'Orbit Dr', '440', 'Richardson', 'TX', '75050', 879),
('300178145', 'Bob', 'F', 'Jones', 'F', '3/20/2022', '8269', 'Nebula St', '434', 'Richardson', 'TX', '75031', 559),
('304665873', 'Henry', 'H', 'Williams', 'F', '6/27/2021', '5700', 'Comet Ln', '431', 'Richardson', 'TX', '75054', 881),
('305548431', 'Grace', 'F', 'Jones', 'F', '10/11/2021', '500', 'Orbit Dr', '590', 'Richardson', 'TX', '75036', 923),
('305615009', 'Henry', 'D', 'Jones', 'M', '7/10/2021', '9018', 'Nebula St', '592', 'Richardson', 'TX', '75099', 979),
('306132758', 'Alice', 'G', 'Brown', 'M', '10/7/2023', '414', 'Orbit Dr', '302', 'Richardson', 'TX', '75049', 137),
('306164905', 'Ivy', 'J', 'Martinez', 'F', '7/11/2024', '9972', 'Comet Ln', '815', 'Richardson', 'TX', '75026', 37),
('309825939', 'Alice', 'B', 'Smith', 'M', '12/18/2022', '9834', 'Astro Way', '892', 'Richardson', 'TX', '75078', 778),
('310626467', 'Jack', 'A', 'Smith', 'M', '6/18/2023', '6951', 'Nebula St', '9', 'Richardson', 'TX', '75075', 482),
('311401416', 'Jack', 'F', 'Smith', 'F', '2/5/2022', '5825', 'Comet Ln', '269', 'Richardson', 'TX', '75062', 459),
('313349492', 'Ivy', 'I', 'Smith', 'F', '6/5/2021', '8139', 'Comet Ln', '337', 'Richardson', 'TX', '75067', 389),
('313716645', 'David', 'E', 'Brown', 'M', '3/21/2023', '2978', 'Orbit Dr', '473', 'Richardson', 'TX', '75091', 222),
('315727734', 'Ivy', 'C', 'Smith', 'M', '6/24/2021', '6812', 'Nebula St', '860', 'Richardson', 'TX', '75013', 42),
('315730461', 'Grace', 'A', 'Smith', 'M', '6/25/2021', '1285', 'Astro Way', '711', 'Richardson', 'TX', '75030', 601),
('315859447', 'Henry', 'F', 'Brown', 'M', '9/28/2022', '8393', 'Astro Way', '89', 'Richardson', 'TX', '75079', 365),
('316405161', 'Frank', 'A', 'Brown', 'M', '12/20/2024', '4773', 'Orbit Dr', '249', 'Richardson', 'TX', '75027', 46),
('317026478', 'Eva', 'F', 'Smith', 'F', '8/11/2021', '5204', 'Orbit Dr', '364', 'Richardson', 'TX', '75074', 630),
('317423834', 'Eva', 'B', 'Jones', 'M', '3/28/2023', '6273', 'Comet Ln', '810', 'Richardson', 'TX', '75096', 475),
('318224165', 'Ivy', 'F', 'Davis', 'F', '7/2/2021', '2902', 'Nebula St', '54', 'Richardson', 'TX', '75031', 712),
('318653319', 'Ivy', 'A', 'Jones', 'F', '7/18/2021', '935', 'Nebula St', '378', 'Richardson', 'TX', '75037', 24),
('321518394', 'Bob', 'F', 'Williams', 'F', '10/1/2021', '4453', 'Orbit Dr', '953', 'Richardson', 'TX', '75087', 859),
('322635152', 'Alice', 'E', 'Smith', 'M', '6/24/2019', '3528', 'Comet Ln', '291', 'Richardson', 'TX', '75059', 822),
('322731832', 'Bob', 'F', 'Jones', 'M', '5/26/2021', '1743', 'Orbit Dr', '336', 'Richardson', 'TX', '75074', 342),
('325266190', 'David', 'G', 'Jones', 'F', '10/1/2021', '8020', 'Nebula St', '629', 'Richardson', 'TX', '75067', 843),
('327094002', 'Grace', 'E', 'Martinez', 'M', '8/20/2024', '9303', 'Nebula St', '575', 'Richardson', 'TX', '75065', 824),
('327476774', 'Frank', 'A', 'Williams', 'M', '1/19/2022', '6988', 'Astro Way', '760', 'Richardson', 'TX', '75014', 864),
('328297191', 'Alice', 'H', 'Davis', 'F', '8/28/2019', '2128', 'Nebula St', '256', 'Richardson', 'TX', '75053', 515),
('328304786', 'Ivy', 'A', 'Lee', 'M', '4/17/2020', '6955', 'Comet Ln', '226', 'Richardson', 'TX', '75059', 293),
('329661340', 'Alice', 'I', 'Davis', 'M', '7/18/2019', '1513', 'Astro Way', '363', 'Richardson', 'TX', '75035', 228),
('331433842', 'Frank', 'G', 'Garcia', 'M', '5/13/2024', '3530', 'Orbit Dr', '245', 'Richardson', 'TX', '75064', 371),
('335306418', 'Bob', 'D', 'Martinez', 'F', '10/26/2021', '8230', 'Galaxy Blvd', '578', 'Richardson', 'TX', '75023', 952),
('335667229', 'Ivy', 'A', 'Martinez', 'F', '7/23/2022', '2140', 'Galaxy Blvd', '570', 'Richardson', 'TX', '75044', 955),
('338354016', 'Alice', 'G', 'Smith', 'M', '11/1/2021', '4543', 'Orbit Dr', '406', 'Richardson', 'TX', '75076', 531),
('338638698', 'Bob', 'E', 'Garcia', 'M', '12/5/2020', '3608', 'Comet Ln', '520', 'Richardson', 'TX', '75085', 963),
('339113928', 'Alice', 'D', 'Martinez', 'F', '10/8/2019', '2745', 'Galaxy Blvd', '364', 'Richardson', 'TX', '75036', 632),
('339708300', 'Carol', 'I', 'Martinez', 'F', '2/15/2020', '9063', 'Galaxy Blvd', '868', 'Richardson', 'TX', '75062', 313),
('340433888', 'Grace', 'D', 'Williams', 'F', '8/23/2023', '6315', 'Astro Way', '475', 'Richardson', 'TX', '75075', 574),
('344954523', 'Eva', 'C', 'Brown', 'M', '9/5/2023', '7984', 'Comet Ln', '421', 'Richardson', 'TX', '75093', 272),
('347842732', 'Alice', 'G', 'Davis', 'F', '8/18/2020', '8153', 'Astro Way', '180', 'Richardson', 'TX', '75065', 139),
('348188268', 'Henry', 'F', 'Davis', 'F', '12/17/2020', '6629', 'Galaxy Blvd', '403', 'Richardson', 'TX', '75041', 589),
('348996489', 'Eva', 'F', 'Smith', 'F', '3/27/2021', '7405', 'Orbit Dr', '837', 'Richardson', 'TX', '75042', 178),
('350825420', 'Bob', 'B', 'Lee', 'M', '8/9/2023', '8862', 'Nebula St', '198', 'Richardson', 'TX', '75051', 52),
('350916127', 'Alice', 'D', 'Brown', 'M', '9/4/2022', '9550', 'Galaxy Blvd', '409', 'Richardson', 'TX', '75042', 212),
('351166872', 'Carol', 'J', 'Davis', 'F', '3/20/2022', '8483', 'Orbit Dr', '252', 'Richardson', 'TX', '75038', 63),
('351694746', 'Alice', 'G', 'Davis', 'F', '3/27/2023', '7818', 'Astro Way', '644', 'Richardson', 'TX', '75016', 80),
('352674156', 'Eva', 'H', 'Martinez', 'M', '8/24/2019', '8137', 'Astro Way', '30', 'Richardson', 'TX', '75062', 76),
('354735680', 'Ivy', 'I', 'Davis', 'M', '3/11/2023', '8619', 'Orbit Dr', '637', 'Richardson', 'TX', '75058', 50),
('354894823', 'Bob', 'G', 'Smith', 'F', '2/3/2019', '1500', 'Orbit Dr', '112', 'Richardson', 'TX', '75079', 5),
('354896138', 'Henry', 'D', 'Martinez', 'F', '2/17/2024', '8069', 'Orbit Dr', '825', 'Richardson', 'TX', '75046', 168),
('354976571', 'Alice', 'J', 'Lee', 'F', '8/20/2024', '33', 'Comet Ln', '731', 'Richardson', 'TX', '75063', 770),
('359196383', 'Eva', 'I', 'Smith', 'F', '9/24/2022', '1079', 'Nebula St', '86', 'Richardson', 'TX', '75036', 315),
('359578474', 'Bob', 'I', 'Garcia', 'F', '5/4/2021', '7106', 'Galaxy Blvd', '442', 'Richardson', 'TX', '75065', 372),
('360662923', 'Ivy', 'B', 'Davis', 'M', '9/14/2023', '4072', 'Comet Ln', '910', 'Richardson', 'TX', '75052', 860),
('360696328', 'Eva', 'A', 'Brown', 'F', '2/18/2024', '9328', 'Astro Way', '158', 'Richardson', 'TX', '75057', 863),
('360724385', 'Bob', 'E', 'Martinez', 'M', '11/13/2023', '1377', 'Comet Ln', '989', 'Richardson', 'TX', '75055', 730),
('360845038', 'Bob', 'I', 'Martinez', 'M', '4/1/2022', '5936', 'Nebula St', '354', 'Richardson', 'TX', '75077', 683),
('360937419', 'Alice', 'B', 'Garcia', 'F', '10/20/2023', '637', 'Comet Ln', '856', 'Richardson', 'TX', '75073', 472),
('361400779', 'David', 'G', 'Martinez', 'F', '3/14/2023', '9123', 'Astro Way', '108', 'Richardson', 'TX', '75076', 160),
('364395136', 'Carol', 'D', 'Martinez', 'M', '9/16/2023', '3616', 'Astro Way', '521', 'Richardson', 'TX', '75058', 788),
('365328759', 'Bob', 'G', 'Williams', 'M', '5/21/2023', '4914', 'Astro Way', '472', 'Richardson', 'TX', '75073', 216),
('368852692', 'Ivy', 'A', 'Martinez', 'M', '11/27/2022', '6024', 'Orbit Dr', '601', 'Richardson', 'TX', '75036', 379),
('370375018', 'Henry', 'D', 'Martinez', 'M', '12/25/2021', '4040', 'Nebula St', '875', 'Richardson', 'TX', '75078', 380),
('370546816', 'Carol', 'J', 'Martinez', 'F', '11/7/2022', '6500', 'Orbit Dr', '1', 'Richardson', 'TX', '75067', 451),
('371408622', 'Bob', 'E', 'Jones', 'F', '1/8/2022', '9571', 'Orbit Dr', '150', 'Richardson', 'TX', '75093', 563),
('371770700', 'Ivy', 'G', 'Williams', 'M', '9/16/2024', '782', 'Astro Way', '362', 'Richardson', 'TX', '75069', 70),
('372414748', 'David', 'B', 'Lee', 'M', '5/21/2019', '6441', 'Orbit Dr', '875', 'Richardson', 'TX', '75083', 397),
('372736581', 'Alice', 'J', 'Martinez', 'F', '12/11/2023', '8249', 'Orbit Dr', '53', 'Richardson', 'TX', '75014', 869),
('372745862', 'Grace', 'F', 'Lee', 'M', '5/11/2023', '9142', 'Nebula St', '807', 'Richardson', 'TX', '75060', 199),
('375352489', 'Jack', 'B', 'Davis', 'M', '10/10/2021', '2331', 'Orbit Dr', '513', 'Richardson', 'TX', '75022', 774),
('376226153', 'Carol', 'H', 'Brown', 'M', '2/28/2023', '4393', 'Nebula St', '608', 'Richardson', 'TX', '75026', 666),
('376664011', 'Grace', 'J', 'Brown', 'F', '5/7/2024', '2514', 'Galaxy Blvd', '683', 'Richardson', 'TX', '75093', 403),
('377199028', 'Carol', 'F', 'Brown', 'F', '6/26/2024', '538', 'Astro Way', '818', 'Richardson', 'TX', '75084', 756),
('377839834', 'Carol', 'A', 'Jones', 'F', '11/21/2020', '6382', 'Orbit Dr', '403', 'Richardson', 'TX', '75043', 340),
('378099207', 'Carol', 'A', 'Williams', 'M', '10/4/2023', '7556', 'Nebula St', '128', 'Richardson', 'TX', '75060', 681),
('378100947', 'Grace', 'E', 'Smith', 'M', '2/2/2021', '5713', 'Comet Ln', '751', 'Richardson', 'TX', '75015', 247),
('378688376', 'Alice', 'A', 'Jones', 'M', '11/14/2024', '9947', 'Orbit Dr', '243', 'Richardson', 'TX', '75053', 983),
('378989510', 'Ivy', 'J', 'Garcia', 'F', '5/16/2022', '9237', 'Orbit Dr', '126', 'Richardson', 'TX', '75054', 705),
('379308077', 'Carol', 'H', 'Jones', 'M', '5/16/2020', '4472', 'Nebula St', '297', 'Richardson', 'TX', '75031', 119),
('380068897', 'Grace', 'F', 'Williams', 'F', '1/10/2022', '3663', 'Astro Way', '689', 'Richardson', 'TX', '75031', 663),
('380576265', 'Frank', 'A', 'Martinez', 'M', '6/16/2020', '5096', 'Galaxy Blvd', '782', 'Richardson', 'TX', '75042', 724),
('380910782', 'Alice', 'D', 'Lee', 'M', '10/9/2023', '4557', 'Comet Ln', '780', 'Richardson', 'TX', '75072', 432),
('381627527', 'Carol', 'H', 'Jones', 'F', '4/26/2024', '7595', 'Galaxy Blvd', '968', 'Richardson', 'TX', '75027', 842),
('381743739', 'Frank', 'G', 'Jones', 'F', '1/3/2022', '1736', 'Orbit Dr', '798', 'Richardson', 'TX', '75044', 728),
('382309263', 'Ivy', 'D', 'Martinez', 'F', '9/25/2019', '4180', 'Nebula St', '888', 'Richardson', 'TX', '75051', 68),
('382344942', 'Jack', 'J', 'Martinez', 'M', '11/8/2022', '6852', 'Comet Ln', '695', 'Richardson', 'TX', '75076', 132),
('382992890', 'Henry', 'J', 'Smith', 'M', '6/14/2023', '1077', 'Astro Way', '877', 'Richardson', 'TX', '75055', 651),
('383669257', 'Grace', 'F', 'Brown', 'F', '11/28/2020', '2566', 'Astro Way', '160', 'Richardson', 'TX', '75011', 353),
('384921160', 'Jack', 'A', 'Martinez', 'M', '1/13/2022', '992', 'Nebula St', '373', 'Richardson', 'TX', '75035', 920),
('385332923', 'Frank', 'A', 'Smith', 'M', '8/21/2021', '3192', 'Galaxy Blvd', '814', 'Richardson', 'TX', '75033', 290),
('386707720', 'Jack', 'B', 'Martinez', 'F', '8/4/2022', '2158', 'Galaxy Blvd', '919', 'Richardson', 'TX', '75026', 424),
('387564166', 'Grace', 'C', 'Davis', 'M', '11/7/2022', '8554', 'Orbit Dr', '830', 'Richardson', 'TX', '75021', 416),
('387611836', 'Carol', 'G', 'Smith', 'F', '4/20/2023', '119', 'Galaxy Blvd', '647', 'Richardson', 'TX', '75086', 624),
('387675834', 'Grace', 'A', 'Brown', 'F', '6/5/2023', '6311', 'Astro Way', '282', 'Richardson', 'TX', '75042', 266),
('388211450', 'Bob', 'H', 'Smith', 'M', '11/7/2021', '5608', 'Astro Way', '843', 'Richardson', 'TX', '75042', 304),
('390538610', 'Grace', 'I', 'Garcia', 'F', '10/12/2021', '907', 'Nebula St', '824', 'Richardson', 'TX', '75010', 163),
('390716057', 'David', 'C', 'Jones', 'F', '4/21/2024', '1130', 'Astro Way', '939', 'Richardson', 'TX', '75065', 819),
('390818213', 'David', 'I', 'Smith', 'F', '5/6/2023', '2774', 'Nebula St', '159', 'Richardson', 'TX', '75022', 402),
('392661016', 'Jack', 'A', 'Martinez', 'F', '12/1/2022', '1152', 'Nebula St', '926', 'Richardson', 'TX', '75014', 378),
('392926531', 'Eva', 'C', 'Jones', 'M', '7/27/2024', '2164', 'Astro Way', '47', 'Richardson', 'TX', '75080', 480),
('394365269', 'Frank', 'E', 'Garcia', 'F', '7/1/2023', '2357', 'Nebula St', '582', 'Richardson', 'TX', '75096', 92),
('396683565', 'Jack', 'B', 'Brown', 'F', '1/11/2023', '42', 'Nebula St', '219', 'Richardson', 'TX', '75014', 499),
('397267491', 'Eva', 'F', 'Martinez', 'F', '8/14/2020', '6154', 'Astro Way', '262', 'Richardson', 'TX', '75041', 740),
('397874025', 'Alice', 'B', 'Martinez', 'F', '5/10/2022', '8179', 'Orbit Dr', '198', 'Richardson', 'TX', '75097', 833),
('398186645', 'Alice', 'F', 'Jones', 'F', '12/6/2024', '7444', 'Astro Way', '425', 'Richardson', 'TX', '75038', 670),
('398241407', 'Grace', 'H', 'Brown', 'F', '2/26/2020', '7536', 'Astro Way', '248', 'Richardson', 'TX', '75019', 600),
('398790005', 'Ivy', 'E', 'Jones', 'M', '7/21/2023', '8849', 'Orbit Dr', '122', 'Richardson', 'TX', '75065', 640),
('399265425', 'Eva', 'J', 'Davis', 'F', '2/9/2020', '4072', 'Nebula St', '18', 'Richardson', 'TX', '75026', 284),
('399433889', 'David', 'G', 'Garcia', 'M', '4/16/2024', '9689', 'Orbit Dr', '947', 'Richardson', 'TX', '75020', 443),
('400536409', 'Eva', 'I', 'Smith', 'F', '3/12/2023', '4426', 'Galaxy Blvd', '953', 'Richardson', 'TX', '75043', 278),
('403181647', 'Bob', 'E', 'Smith', 'F', '1/19/2022', '2718', 'Astro Way', '208', 'Richardson', 'TX', '75045', 714),
('405644051', 'David', 'A', 'Brown', 'F', '12/3/2024', '4187', 'Galaxy Blvd', '991', 'Richardson', 'TX', '75037', 246),
('406730036', 'Bob', 'H', 'Brown', 'M', '12/2/2021', '2052', 'Astro Way', '252', 'Richardson', 'TX', '75018', 51),
('407746958', 'Eva', 'H', 'Jones', 'M', '12/23/2019', '2148', 'Astro Way', '198', 'Richardson', 'TX', '75060', 982),
('408879995', 'Bob', 'F', 'Martinez', 'F', '11/13/2024', '6313', 'Comet Ln', '42', 'Richardson', 'TX', '75048', 768),
('411620820', 'Henry', 'E', 'Lee', 'M', '1/9/2024', '7829', 'Comet Ln', '736', 'Richardson', 'TX', '75027', 156),
('412722540', 'Grace', 'J', 'Martinez', 'M', '6/8/2024', '8787', 'Comet Ln', '923', 'Richardson', 'TX', '75039', 871),
('415343665', 'Henry', 'E', 'Williams', 'F', '4/9/2024', '664', 'Galaxy Blvd', '505', 'Richardson', 'TX', '75068', 309),
('415718967', 'Jack', 'I', 'Jones', 'M', '7/27/2024', '8757', 'Nebula St', '464', 'Richardson', 'TX', '75038', 841),
('416892316', 'Alice', 'A', 'Garcia', 'M', '6/24/2024', '7120', 'Orbit Dr', '194', 'Richardson', 'TX', '75073', 644),
('418256535', 'Jack', 'C', 'Smith', 'M', '2/16/2022', '8462', 'Astro Way', '28', 'Richardson', 'TX', '75029', 109),
('418461660', 'David', 'I', 'Lee', 'F', '12/15/2021', '568', 'Nebula St', '997', 'Richardson', 'TX', '75041', 638),
('418483364', 'Ivy', 'E', 'Brown', 'M', '5/11/2024', '3085', 'Astro Way', '295', 'Richardson', 'TX', '75085', 646),
('418617026', 'Frank', 'B', 'Lee', 'F', '1/11/2021', '7020', 'Orbit Dr', '768', 'Richardson', 'TX', '75059', 622),
('420861378', 'Grace', 'G', 'Smith', 'M', '2/8/2024', '2009', 'Orbit Dr', '71', 'Richardson', 'TX', '75041', 533),
('420943618', 'Bob', 'F', 'Smith', 'F', '1/18/2022', '2190', 'Nebula St', '445', 'Richardson', 'TX', '75087', 453),
('421168155', 'Frank', 'F', 'Martinez', 'F', '1/10/2024', '6505', 'Comet Ln', '911', 'Richardson', 'TX', '75096', 492),
('421176673', 'Henry', 'D', 'Lee', 'M', '4/5/2023', '3485', 'Nebula St', '457', 'Richardson', 'TX', '75055', 287),
('421550895', 'Alice', 'I', 'Lee', 'M', '5/5/2021', '5017', 'Galaxy Blvd', '559', 'Richardson', 'TX', '75084', 169),
('422039599', 'Grace', 'D', 'Smith', 'F', '6/16/2022', '921', 'Galaxy Blvd', '585', 'Richardson', 'TX', '75078', 33),
('422926638', 'Frank', 'I', 'Lee', 'F', '9/15/2021', '9269', 'Astro Way', '473', 'Richardson', 'TX', '75067', 54),
('423003161', 'Henry', 'D', 'Martinez', 'F', '4/4/2019', '3174', 'Astro Way', '860', 'Richardson', 'TX', '75048', 83),
('423949264', 'Bob', 'A', 'Smith', 'F', '1/2/2023', '1094', 'Nebula St', '326', 'Richardson', 'TX', '75061', 637),
('424527880', 'Jack', 'G', 'Jones', 'F', '2/21/2023', '3628', 'Galaxy Blvd', '785', 'Richardson', 'TX', '75017', 735),
('426920038', 'Jack', 'A', 'Brown', 'M', '4/28/2019', '4769', 'Orbit Dr', '865', 'Richardson', 'TX', '75016', 361),
('427362965', 'Eva', 'C', 'Martinez', 'M', '9/6/2024', '1859', 'Orbit Dr', '904', 'Richardson', 'TX', '75094', 381),
('427441052', 'Ivy', 'C', 'Davis', 'F', '7/3/2024', '5669', 'Orbit Dr', '527', 'Richardson', 'TX', '75098', 103),
('428474999', 'Carol', 'A', 'Jones', 'M', '1/21/2023', '9889', 'Astro Way', '179', 'Richardson', 'TX', '75015', 760),
('431903294', 'Alice', 'J', 'Martinez', 'F', '5/1/2021', '5268', 'Nebula St', '297', 'Richardson', 'TX', '75028', 58),
('432790588', 'Carol', 'D', 'Lee', 'M', '1/11/2021', '1839', 'Nebula St', '148', 'Richardson', 'TX', '75052', 701),
('433200315', 'Eva', 'J', 'Martinez', 'M', '10/5/2020', '4103', 'Orbit Dr', '230', 'Richardson', 'TX', '75033', 975),
('434921694', 'Carol', 'A', 'Martinez', 'F', '3/3/2023', '4831', 'Orbit Dr', '518', 'Richardson', 'TX', '75023', 937),
('435837039', 'Grace', 'B', 'Brown', 'M', '11/9/2020', '8285', 'Galaxy Blvd', '684', 'Richardson', 'TX', '75036', 719),
('438701890', 'Bob', 'I', 'Jones', 'F', '6/23/2021', '1943', 'Comet Ln', '855', 'Richardson', 'TX', '75060', 55),
('439516495', 'Ivy', 'A', 'Smith', 'F', '12/21/2024', '365', 'Comet Ln', '201', 'Richardson', 'TX', '75013', 867),
('444199247', 'Henry', 'J', 'Davis', 'F', '1/15/2019', '7147', 'Orbit Dr', '376', 'Richardson', 'TX', '75086', 318),
('444364698', 'Jack', 'G', 'Martinez', 'F', '3/12/2023', '8914', 'Galaxy Blvd', '339', 'Richardson', 'TX', '75019', 555),
('444794052', 'Frank', 'J', 'Smith', 'F', '10/12/2022', '3085', 'Galaxy Blvd', '7', 'Richardson', 'TX', '75051', 537),
('446449911', 'Eva', 'J', 'Martinez', 'F', '10/2/2021', '7170', 'Astro Way', '161', 'Richardson', 'TX', '75064', 69),
('448517496', 'Jack', 'C', 'Martinez', 'M', '11/26/2024', '5813', 'Nebula St', '308', 'Richardson', 'TX', '75014', 527),
('448757944', 'Carol', 'H', 'Brown', 'M', '5/8/2024', '6816', 'Galaxy Blvd', '788', 'Richardson', 'TX', '75071', 938),
('448950483', 'Eva', 'H', 'Williams', 'M', '9/2/2024', '5665', 'Nebula St', '221', 'Richardson', 'TX', '75083', 302),
('450010674', 'Frank', 'G', 'Martinez', 'M', '1/10/2021', '346', 'Comet Ln', '838', 'Richardson', 'TX', '75097', 138),
('450195244', 'Carol', 'B', 'Martinez', 'F', '5/16/2022', '8622', 'Comet Ln', '849', 'Richardson', 'TX', '75077', 114),
('451218285', 'Bob', 'I', 'Jones', 'M', '9/19/2021', '7854', 'Nebula St', '94', 'Richardson', 'TX', '75055', 951),
('452026043', 'Jack', 'C', 'Brown', 'F', '1/20/2024', '7306', 'Astro Way', '105', 'Richardson', 'TX', '75039', 136),
('452066640', 'Alice', 'E', 'Jones', 'F', '6/2/2024', '2010', 'Astro Way', '656', 'Richardson', 'TX', '75066', 542),
('452186693', 'Jack', 'B', 'Lee', 'F', '6/21/2021', '1346', 'Orbit Dr', '94', 'Richardson', 'TX', '75020', 868),
('452353461', 'Jack', 'J', 'Williams', 'F', '5/2/2022', '7756', 'Nebula St', '960', 'Richardson', 'TX', '75014', 759),
('454374104', 'Bob', 'H', 'Davis', 'M', '1/20/2023', '3212', 'Astro Way', '903', 'Richardson', 'TX', '75025', 369),
('455496409', 'Jack', 'A', 'Williams', 'M', '11/13/2021', '4843', 'Nebula St', '258', 'Richardson', 'TX', '75017', 696),
('455628746', 'Bob', 'J', 'Martinez', 'M', '2/5/2023', '7829', 'Orbit Dr', '419', 'Richardson', 'TX', '75048', 43),
('456341239', 'David', 'D', 'Lee', 'F', '7/5/2021', '3487', 'Astro Way', '291', 'Richardson', 'TX', '75092', 344);
INSERT INTO `Person` (`SSN`, `F_Name`, `M_Initial`, `L_Name`, `Sex`, `Enrollment_Date`, `Building_Number`, `Street`, `Apt_Number`, `City`, `State`, `Zip`, `UserID`) VALUES
('456744286', 'Grace', 'A', 'Jones', 'M', '9/11/2022', '4842', 'Comet Ln', '784', 'Richardson', 'TX', '75072', 865),
('457703052', 'Alice', 'H', 'Jones', 'F', '11/10/2021', '8455', 'Astro Way', '728', 'Richardson', 'TX', '75012', 154),
('457743532', 'Frank', 'J', 'Garcia', 'F', '9/1/2022', '3846', 'Astro Way', '506', 'Richardson', 'TX', '75041', 422),
('458509960', 'Alice', 'A', 'Garcia', 'F', '1/12/2023', '5594', 'Galaxy Blvd', '764', 'Richardson', 'TX', '75019', 543),
('459155804', 'Eva', 'H', 'Martinez', 'F', '5/6/2019', '4310', 'Nebula St', '696', 'Richardson', 'TX', '75045', 27),
('459333929', 'Frank', 'A', 'Martinez', 'F', '10/4/2023', '8819', 'Comet Ln', '439', 'Richardson', 'TX', '75072', 565),
('459870631', 'Bob', 'D', 'Martinez', 'M', '12/26/2020', '7950', 'Nebula St', '27', 'Richardson', 'TX', '75077', 337),
('460841569', 'Eva', 'G', 'Williams', 'F', '4/9/2021', '7421', 'Astro Way', '930', 'Richardson', 'TX', '75059', 22),
('461444858', 'Jack', 'B', 'Jones', 'F', '6/11/2022', '2325', 'Comet Ln', '877', 'Richardson', 'TX', '75024', 235),
('463885038', 'Alice', 'B', 'Jones', 'F', '3/27/2024', '7951', 'Orbit Dr', '266', 'Richardson', 'TX', '75017', 38),
('464786411', 'Eva', 'G', 'Martinez', 'M', '8/12/2022', '2561', 'Astro Way', '739', 'Richardson', 'TX', '75010', 548),
('464987893', 'Grace', 'D', 'Martinez', 'F', '9/26/2024', '1497', 'Astro Way', '744', 'Richardson', 'TX', '75059', 948),
('465507294', 'Henry', 'D', 'Garcia', 'F', '8/6/2022', '7627', 'Comet Ln', '661', 'Richardson', 'TX', '75028', 327),
('465735607', 'Ivy', 'A', 'Brown', 'F', '8/9/2022', '1760', 'Orbit Dr', '991', 'Richardson', 'TX', '75076', 415),
('468496763', 'Jack', 'A', 'Lee', 'M', '1/19/2023', '1098', 'Galaxy Blvd', '965', 'Richardson', 'TX', '75026', 547),
('469182121', 'Henry', 'C', 'Garcia', 'M', '8/8/2021', '8793', 'Nebula St', '927', 'Richardson', 'TX', '75082', 82),
('469430660', 'Frank', 'B', 'Jones', 'F', '3/12/2023', '810', 'Nebula St', '583', 'Richardson', 'TX', '75027', 59),
('469554539', 'Jack', 'D', 'Williams', 'M', '6/7/2021', '8693', 'Astro Way', '527', 'Richardson', 'TX', '75081', 830),
('472021651', 'Frank', 'F', 'Jones', 'F', '6/21/2022', '3414', 'Comet Ln', '718', 'Richardson', 'TX', '75091', 692),
('472427205', 'Frank', 'G', 'Williams', 'M', '12/27/2021', '659', 'Comet Ln', '370', 'Richardson', 'TX', '75098', 966),
('476540924', 'Jack', 'B', 'Jones', 'M', '6/7/2023', '4424', 'Nebula St', '512', 'Richardson', 'TX', '75089', 741),
('478532241', 'Ivy', 'A', 'Martinez', 'F', '7/19/2022', '7528', 'Comet Ln', '416', 'Richardson', 'TX', '75036', 569),
('479364124', 'David', 'H', 'Jones', 'M', '11/5/2023', '3400', 'Orbit Dr', '254', 'Richardson', 'TX', '75081', 753),
('479632461', 'Grace', 'G', 'Garcia', 'F', '6/26/2021', '5411', 'Astro Way', '931', 'Richardson', 'TX', '75035', 255),
('480134868', 'Bob', 'I', 'Brown', 'M', '1/17/2024', '6068', 'Galaxy Blvd', '106', 'Richardson', 'TX', '75040', 121),
('481585099', 'Jack', 'I', 'Martinez', 'M', '2/21/2022', '1162', 'Nebula St', '446', 'Richardson', 'TX', '75075', 716),
('481870443', 'Ivy', 'B', 'Brown', 'F', '9/9/2021', '4566', 'Comet Ln', '57', 'Richardson', 'TX', '75060', 910),
('483166548', 'Henry', 'E', 'Brown', 'M', '6/24/2023', '8406', 'Galaxy Blvd', '433', 'Richardson', 'TX', '75058', 761),
('484315908', 'Ivy', 'H', 'Martinez', 'F', '7/16/2024', '1793', 'Orbit Dr', '287', 'Richardson', 'TX', '75090', 349),
('487452265', 'Alice', 'D', 'Garcia', 'F', '2/24/2023', '7649', 'Galaxy Blvd', '309', 'Richardson', 'TX', '75065', 180),
('487456546', 'Eva', 'E', 'Jones', 'F', '11/17/2024', '2214', 'Nebula St', '934', 'Richardson', 'TX', '75051', 887),
('489757320', 'Frank', 'C', 'Lee', 'F', '1/21/2024', '56', 'Astro Way', '923', 'Richardson', 'TX', '75087', 737),
('489953771', 'David', 'G', 'Jones', 'F', '9/15/2024', '2804', 'Astro Way', '245', 'Richardson', 'TX', '75022', 36),
('490512206', 'Jack', 'J', 'Davis', 'F', '9/10/2022', '2756', 'Nebula St', '116', 'Richardson', 'TX', '75084', 110),
('490512774', 'Bob', 'A', 'Williams', 'F', '10/3/2020', '4421', 'Orbit Dr', '223', 'Richardson', 'TX', '75082', 639),
('491523061', 'David', 'I', 'Jones', 'M', '3/4/2022', '8490', 'Astro Way', '749', 'Richardson', 'TX', '75070', 87),
('492199490', 'Alice', 'I', 'Williams', 'F', '10/27/2024', '2529', 'Galaxy Blvd', '841', 'Richardson', 'TX', '75037', 847),
('492303831', 'Frank', 'E', 'Davis', 'M', '10/8/2020', '9383', 'Astro Way', '480', 'Richardson', 'TX', '75042', 742),
('492915814', 'Jack', 'A', 'Martinez', 'F', '10/9/2023', '6257', 'Galaxy Blvd', '524', 'Richardson', 'TX', '75083', 454),
('492965119', 'Ivy', 'A', 'Smith', 'M', '3/10/2023', '5101', 'Astro Way', '458', 'Richardson', 'TX', '75017', 715),
('493112501', 'Bob', 'I', 'Martinez', 'M', '8/11/2019', '3095', 'Astro Way', '245', 'Richardson', 'TX', '75022', 161),
('493184669', 'Grace', 'H', 'Davis', 'M', '2/23/2021', '8802', 'Galaxy Blvd', '515', 'Richardson', 'TX', '75066', 65),
('496644618', 'Grace', 'B', 'Davis', 'F', '1/10/2021', '2435', 'Galaxy Blvd', '859', 'Richardson', 'TX', '75050', 256),
('497423343', 'Frank', 'J', 'Lee', 'M', '11/11/2021', '7991', 'Astro Way', '445', 'Richardson', 'TX', '75081', 538),
('498274608', 'Eva', 'E', 'Brown', 'M', '5/25/2024', '5511', 'Orbit Dr', '931', 'Richardson', 'TX', '75068', 20),
('499812945', 'Carol', 'H', 'Williams', 'F', '10/21/2023', '4506', 'Comet Ln', '980', 'Richardson', 'TX', '75012', 48),
('500019392', 'Henry', 'D', 'Martinez', 'F', '4/28/2022', '290', 'Comet Ln', '196', 'Richardson', 'TX', '75058', 595),
('501266473', 'Eva', 'F', 'Martinez', 'F', '1/19/2024', '3215', 'Astro Way', '749', 'Richardson', 'TX', '75059', 241),
('502366097', 'Jack', 'A', 'Jones', 'F', '12/26/2024', '3969', 'Astro Way', '463', 'Richardson', 'TX', '75099', 959),
('504448684', 'David', 'J', 'Martinez', 'M', '10/18/2022', '4470', 'Orbit Dr', '202', 'Richardson', 'TX', '75043', 562),
('506083695', 'Bob', 'H', 'Jones', 'F', '6/3/2022', '7146', 'Orbit Dr', '157', 'Richardson', 'TX', '75029', 570),
('506902216', 'Bob', 'C', 'Davis', 'F', '10/4/2024', '2189', 'Galaxy Blvd', '140', 'Richardson', 'TX', '75033', 165),
('507461788', 'Alice', 'I', 'Martinez', 'M', '5/2/2022', '7735', 'Nebula St', '602', 'Richardson', 'TX', '75021', 149),
('508046778', 'Henry', 'I', 'Davis', 'M', '8/27/2023', '4846', 'Astro Way', '916', 'Richardson', 'TX', '75095', 970),
('508175756', 'Ivy', 'F', 'Garcia', 'F', '5/26/2023', '4659', 'Comet Ln', '139', 'Richardson', 'TX', '75019', 230),
('508652510', 'David', 'B', 'Garcia', 'F', '4/26/2024', '2265', 'Comet Ln', '597', 'Richardson', 'TX', '75054', 880),
('508700448', 'Carol', 'D', 'Lee', 'F', '4/17/2019', '6695', 'Nebula St', '770', 'Richardson', 'TX', '75063', 41),
('509240053', 'Eva', 'J', 'Williams', 'F', '11/19/2021', '9157', 'Galaxy Blvd', '612', 'Richardson', 'TX', '75095', 677),
('509690476', 'David', 'G', 'Jones', 'F', '9/24/2021', '8545', 'Nebula St', '854', 'Richardson', 'TX', '75019', 130),
('509736956', 'David', 'C', 'Garcia', 'F', '3/11/2024', '8535', 'Orbit Dr', '541', 'Richardson', 'TX', '75010', 91),
('511379958', 'Eva', 'C', 'Martinez', 'F', '7/15/2023', '4164', 'Astro Way', '468', 'Richardson', 'TX', '75093', 949),
('511830307', 'Grace', 'D', 'Smith', 'F', '4/11/2024', '730', 'Orbit Dr', '343', 'Richardson', 'TX', '75097', 685),
('512038250', 'Eva', 'J', 'Martinez', 'M', '8/4/2023', '3350', 'Galaxy Blvd', '225', 'Richardson', 'TX', '75094', 933),
('512679911', 'Alice', 'H', 'Jones', 'F', '3/18/2024', '8879', 'Galaxy Blvd', '308', 'Richardson', 'TX', '75097', 721),
('513973005', 'Henry', 'G', 'Williams', 'M', '2/14/2024', '9707', 'Nebula St', '585', 'Richardson', 'TX', '75079', 373),
('514086103', 'Frank', 'A', 'Smith', 'M', '10/22/2022', '2889', 'Astro Way', '851', 'Richardson', 'TX', '75065', 591),
('514515992', 'Bob', 'J', 'Jones', 'M', '9/11/2021', '4834', 'Comet Ln', '773', 'Richardson', 'TX', '75091', 615),
('515307307', 'Jack', 'J', 'Brown', 'F', '4/5/2024', '104', 'Nebula St', '673', 'Richardson', 'TX', '75021', 854),
('515366444', 'Eva', 'G', 'Williams', 'F', '5/20/2020', '5827', 'Astro Way', '840', 'Richardson', 'TX', '75024', 226),
('515957515', 'David', 'A', 'Martinez', 'F', '7/12/2021', '5315', 'Galaxy Blvd', '933', 'Richardson', 'TX', '75076', 486),
('518135220', 'Jack', 'E', 'Lee', 'F', '3/1/2021', '155', 'Orbit Dr', '692', 'Richardson', 'TX', '75086', 67),
('519233506', 'David', 'A', 'Brown', 'F', '5/18/2020', '2624', 'Galaxy Blvd', '794', 'Richardson', 'TX', '75018', 882),
('521254384', 'Grace', 'G', 'Davis', 'M', '11/11/2021', '8572', 'Comet Ln', '412', 'Richardson', 'TX', '75032', 155),
('523698157', 'Eva', 'D', 'Martinez', 'F', '5/10/2020', '7228', 'Comet Ln', '330', 'Richardson', 'TX', '75040', 382),
('524078148', 'Carol', 'E', 'Martinez', 'F', '8/2/2023', '6750', 'Comet Ln', '73', 'Richardson', 'TX', '75050', 989),
('524160345', 'Henry', 'F', 'Garcia', 'M', '8/21/2022', '6849', 'Astro Way', '804', 'Richardson', 'TX', '75045', 889),
('525204661', 'Grace', 'I', 'Williams', 'F', '3/16/2021', '7133', 'Galaxy Blvd', '695', 'Richardson', 'TX', '75015', 972),
('525268183', 'Jack', 'F', 'Davis', 'M', '2/24/2024', '2735', 'Orbit Dr', '89', 'Richardson', 'TX', '75067', 133),
('527064819', 'Henry', 'H', 'Davis', 'M', '8/25/2020', '8791', 'Comet Ln', '482', 'Richardson', 'TX', '75070', 805),
('528602885', 'David', 'J', 'Garcia', 'M', '11/25/2023', '7534', 'Orbit Dr', '502', 'Richardson', 'TX', '75040', 295),
('531962051', 'Eva', 'I', 'Smith', 'F', '1/8/2021', '3382', 'Orbit Dr', '351', 'Richardson', 'TX', '75023', 501),
('532010062', 'Carol', 'D', 'Smith', 'F', '3/14/2024', '1644', 'Comet Ln', '215', 'Richardson', 'TX', '75029', 455),
('532373775', 'Carol', 'I', 'Smith', 'M', '9/2/2022', '1529', 'Galaxy Blvd', '145', 'Richardson', 'TX', '75098', 645),
('532823545', 'Bob', 'G', 'Martinez', 'M', '5/27/2021', '7997', 'Nebula St', '238', 'Richardson', 'TX', '75078', 328),
('533603124', 'Frank', 'B', 'Brown', 'F', '11/3/2022', '3801', 'Galaxy Blvd', '266', 'Richardson', 'TX', '75012', 350),
('535585025', 'Jack', 'F', 'Davis', 'M', '5/10/2019', '556', 'Comet Ln', '584', 'Richardson', 'TX', '75038', 297),
('536540870', 'Alice', 'F', 'Jones', 'M', '7/2/2023', '6641', 'Comet Ln', '381', 'Richardson', 'TX', '75095', 806),
('536887669', 'Jack', 'J', 'Martinez', 'M', '7/17/2023', '3025', 'Comet Ln', '995', 'Richardson', 'TX', '75017', 585),
('537163809', 'Grace', 'J', 'Martinez', 'F', '12/25/2019', '1599', 'Astro Way', '806', 'Richardson', 'TX', '75051', 312),
('538279222', 'Frank', 'C', 'Smith', 'F', '11/27/2023', '3861', 'Comet Ln', '203', 'Richardson', 'TX', '75071', 370),
('538711442', 'David', 'B', 'Martinez', 'F', '5/22/2021', '5798', 'Astro Way', '687', 'Richardson', 'TX', '75060', 957),
('540421525', 'Carol', 'A', 'Davis', 'M', '11/5/2021', '1130', 'Astro Way', '841', 'Richardson', 'TX', '75038', 717),
('540566016', 'Carol', 'J', 'Smith', 'M', '7/10/2024', '8603', 'Astro Way', '483', 'Richardson', 'TX', '75085', 855),
('541880068', 'Alice', 'H', 'Davis', 'F', '10/10/2024', '4720', 'Galaxy Blvd', '309', 'Richardson', 'TX', '75073', 289),
('541893793', 'Henry', 'C', 'Williams', 'M', '12/21/2023', '8710', 'Astro Way', '983', 'Richardson', 'TX', '75039', 392),
('542384857', 'Bob', 'F', 'Lee', 'F', '3/14/2021', '137', 'Astro Way', '335', 'Richardson', 'TX', '75086', 962),
('542536212', 'Grace', 'F', 'Jones', 'F', '4/26/2019', '8187', 'Comet Ln', '707', 'Richardson', 'TX', '75073', 908),
('543468696', 'Ivy', 'D', 'Jones', 'F', '7/27/2022', '8424', 'Astro Way', '200', 'Richardson', 'TX', '75047', 270),
('545254572', 'Frank', 'E', 'Martinez', 'M', '7/18/2021', '8250', 'Galaxy Blvd', '246', 'Richardson', 'TX', '75063', 739),
('545649191', 'Carol', 'D', 'Garcia', 'F', '10/6/2021', '2133', 'Orbit Dr', '498', 'Richardson', 'TX', '75020', 672),
('545686211', 'Alice', 'H', 'Smith', 'F', '1/2/2022', '6954', 'Galaxy Blvd', '44', 'Richardson', 'TX', '75096', 621),
('545726850', 'Eva', 'G', 'Lee', 'M', '12/21/2020', '8694', 'Nebula St', '448', 'Richardson', 'TX', '75046', 702),
('546222657', 'Alice', 'E', 'Martinez', 'F', '2/24/2020', '6126', 'Comet Ln', '701', 'Richardson', 'TX', '75042', 838),
('546664614', 'Bob', 'I', 'Martinez', 'M', '6/7/2020', '1688', 'Nebula St', '532', 'Richardson', 'TX', '75013', 333),
('546964605', 'Jack', 'A', 'Martinez', 'F', '7/20/2024', '3689', 'Galaxy Blvd', '624', 'Richardson', 'TX', '75061', 528),
('547635042', 'Carol', 'A', 'Martinez', 'F', '7/25/2021', '8975', 'Galaxy Blvd', '763', 'Richardson', 'TX', '75060', 578),
('548952570', 'Henry', 'A', 'Martinez', 'M', '8/7/2023', '4147', 'Comet Ln', '392', 'Richardson', 'TX', '75056', 746),
('550141983', 'Frank', 'G', 'Williams', 'F', '2/20/2020', '380', 'Galaxy Blvd', '476', 'Richardson', 'TX', '75076', 825),
('551041612', 'Grace', 'G', 'Brown', 'M', '3/13/2021', '9305', 'Astro Way', '691', 'Richardson', 'TX', '75079', 718),
('551230821', 'Ivy', 'J', 'Jones', 'F', '11/22/2022', '3385', 'Galaxy Blvd', '859', 'Richardson', 'TX', '75063', 497),
('552297348', 'Bob', 'D', 'Jones', 'F', '1/4/2020', '2472', 'Orbit Dr', '503', 'Richardson', 'TX', '75069', 614),
('552411116', 'Alice', 'C', 'Smith', 'M', '6/6/2024', '6769', 'Galaxy Blvd', '858', 'Richardson', 'TX', '75034', 413),
('552839373', 'Henry', 'E', 'Lee', 'M', '4/15/2024', '6226', 'Astro Way', '636', 'Richardson', 'TX', '75094', 275),
('553115802', 'David', 'B', 'Brown', 'F', '3/10/2021', '6467', 'Comet Ln', '942', 'Richardson', 'TX', '75027', 434),
('553827906', 'Jack', 'H', 'Williams', 'M', '12/15/2024', '9130', 'Nebula St', '707', 'Richardson', 'TX', '75070', 783),
('555638528', 'Alice', 'F', 'Jones', 'M', '12/3/2022', '2110', 'Comet Ln', '956', 'Richardson', 'TX', '75098', 98),
('555794856', 'Grace', 'D', 'Martinez', 'M', '6/22/2019', '3735', 'Astro Way', '812', 'Richardson', 'TX', '75019', 840),
('555946347', 'Grace', 'I', 'Jones', 'F', '4/28/2019', '830', 'Orbit Dr', '389', 'Richardson', 'TX', '75049', 708),
('556795788', 'Grace', 'E', 'Jones', 'M', '4/10/2020', '8874', 'Galaxy Blvd', '151', 'Richardson', 'TX', '75072', 754),
('557024415', 'Alice', 'B', 'Davis', 'M', '2/3/2022', '6164', 'Astro Way', '489', 'Richardson', 'TX', '75045', 727),
('557548716', 'Frank', 'I', 'Martinez', 'F', '8/11/2023', '5699', 'Comet Ln', '406', 'Richardson', 'TX', '75091', 802),
('557793935', 'Frank', 'A', 'Williams', 'M', '11/17/2024', '8996', 'Comet Ln', '177', 'Richardson', 'TX', '75086', 582),
('557935007', 'Bob', 'E', 'Williams', 'M', '11/4/2022', '9192', 'Orbit Dr', '342', 'Richardson', 'TX', '75084', 107),
('558020914', 'Eva', 'F', 'Martinez', 'F', '12/28/2024', '6056', 'Astro Way', '799', 'Richardson', 'TX', '75017', 268),
('559519684', 'Henry', 'E', 'Martinez', 'F', '10/9/2024', '4401', 'Comet Ln', '674', 'Richardson', 'TX', '75047', 973),
('560458287', 'Bob', 'G', 'Garcia', 'F', '8/15/2022', '8248', 'Comet Ln', '670', 'Richardson', 'TX', '75046', 94),
('562361311', 'Jack', 'B', 'Martinez', 'F', '1/18/2023', '8973', 'Orbit Dr', '105', 'Richardson', 'TX', '75030', 678),
('562898293', 'Alice', 'G', 'Williams', 'M', '1/20/2019', '2590', 'Astro Way', '285', 'Richardson', 'TX', '75056', 71),
('563951297', 'Grace', 'G', 'Jones', 'F', '9/23/2022', '1910', 'Orbit Dr', '641', 'Richardson', 'TX', '75065', 201),
('564813482', 'Carol', 'F', 'Davis', 'F', '8/28/2023', '9594', 'Galaxy Blvd', '555', 'Richardson', 'TX', '75065', 866),
('567401867', 'Jack', 'G', 'Martinez', 'F', '3/23/2021', '2538', 'Orbit Dr', '326', 'Richardson', 'TX', '75042', 769),
('567424996', 'Bob', 'C', 'Lee', 'M', '8/12/2024', '3496', 'Comet Ln', '513', 'Richardson', 'TX', '75037', 419),
('568629556', 'Carol', 'F', 'Jones', 'M', '4/2/2022', '880', 'Comet Ln', '258', 'Richardson', 'TX', '75087', 943),
('568885552', 'Eva', 'B', 'Smith', 'M', '7/14/2024', '1566', 'Astro Way', '803', 'Richardson', 'TX', '75092', 355),
('569317071', 'Frank', 'E', 'Smith', 'F', '5/15/2024', '6296', 'Astro Way', '86', 'Richardson', 'TX', '75049', 152),
('569379641', 'Henry', 'H', 'Davis', 'F', '11/27/2024', '8082', 'Nebula St', '903', 'Richardson', 'TX', '75029', 803),
('569423933', 'Carol', 'G', 'Martinez', 'F', '1/4/2020', '6009', 'Comet Ln', '888', 'Richardson', 'TX', '75075', 961),
('569709267', 'Alice', 'G', 'Brown', 'F', '7/2/2022', '2492', 'Comet Ln', '277', 'Richardson', 'TX', '75055', 185),
('571243192', 'Henry', 'H', 'Williams', 'M', '6/23/2021', '4011', 'Nebula St', '318', 'Richardson', 'TX', '75076', 810),
('571320781', 'Grace', 'E', 'Smith', 'F', '10/6/2019', '6832', 'Nebula St', '71', 'Richardson', 'TX', '75077', 217),
('571673439', 'Jack', 'D', 'Garcia', 'F', '11/22/2021', '9961', 'Orbit Dr', '126', 'Richardson', 'TX', '75037', 862),
('572224617', 'Eva', 'B', 'Garcia', 'F', '11/9/2019', '5648', 'Comet Ln', '679', 'Richardson', 'TX', '75074', 484),
('574300329', 'Ivy', 'B', 'Jones', 'M', '4/22/2021', '9631', 'Galaxy Blvd', '61', 'Richardson', 'TX', '75075', 388),
('575250883', 'Grace', 'B', 'Davis', 'F', '11/26/2019', '5891', 'Astro Way', '946', 'Richardson', 'TX', '75079', 592),
('576687226', 'Grace', 'A', 'Davis', 'M', '6/28/2019', '562', 'Comet Ln', '810', 'Richardson', 'TX', '75033', 303),
('576714281', 'Ivy', 'D', 'Martinez', 'F', '4/10/2023', '2693', 'Comet Ln', '745', 'Richardson', 'TX', '75021', 673),
('577221295', 'Frank', 'A', 'Martinez', 'F', '4/20/2024', '803', 'Comet Ln', '338', 'Richardson', 'TX', '75088', 464),
('577483577', 'Jack', 'C', 'Jones', 'M', '8/20/2022', '1651', 'Nebula St', '260', 'Richardson', 'TX', '75047', 723),
('578425364', 'Alice', 'C', 'Garcia', 'M', '8/27/2022', '698', 'Galaxy Blvd', '310', 'Richardson', 'TX', '75086', 699),
('578896162', 'Bob', 'G', 'Martinez', 'M', '12/22/2020', '3988', 'Galaxy Blvd', '947', 'Richardson', 'TX', '75010', 996),
('579406719', 'Grace', 'B', 'Garcia', 'F', '1/21/2021', '1634', 'Astro Way', '869', 'Richardson', 'TX', '75081', 308),
('581097716', 'Henry', 'F', 'Garcia', 'F', '3/12/2023', '557', 'Orbit Dr', '416', 'Richardson', 'TX', '75056', 720),
('584937760', 'Carol', 'H', 'Lee', 'F', '6/26/2022', '3914', 'Nebula St', '907', 'Richardson', 'TX', '75075', 260),
('586537724', 'Grace', 'H', 'Jones', 'M', '11/22/2023', '3458', 'Galaxy Blvd', '437', 'Richardson', 'TX', '75096', 159),
('586864135', 'Bob', 'B', 'Lee', 'F', '5/22/2023', '6394', 'Orbit Dr', '742', 'Richardson', 'TX', '75049', 191),
('586894827', 'Alice', 'I', 'Jones', 'F', '8/19/2022', '689', 'Astro Way', '574', 'Richardson', 'TX', '75075', 641),
('587348156', 'Bob', 'A', 'Smith', 'M', '1/18/2021', '1877', 'Galaxy Blvd', '651', 'Richardson', 'TX', '75078', 965),
('589805086', 'Henry', 'H', 'Davis', 'M', '10/28/2019', '6533', 'Galaxy Blvd', '926', 'Richardson', 'TX', '75079', 147),
('592515220', 'Carol', 'G', 'Garcia', 'M', '9/28/2024', '5183', 'Orbit Dr', '561', 'Richardson', 'TX', '75099', 544),
('592694106', 'Henry', 'A', 'Smith', 'M', '11/3/2020', '3699', 'Nebula St', '884', 'Richardson', 'TX', '75024', 338),
('594735641', 'David', 'B', 'Smith', 'F', '1/17/2022', '2548', 'Comet Ln', '403', 'Richardson', 'TX', '75078', 572),
('596087488', 'Grace', 'C', 'Jones', 'F', '7/7/2024', '3171', 'Orbit Dr', '467', 'Richardson', 'TX', '75017', 969),
('596877282', 'Bob', 'B', 'Jones', 'M', '8/7/2024', '1254', 'Nebula St', '347', 'Richardson', 'TX', '75015', 258),
('597091595', 'Grace', 'B', 'Brown', 'F', '4/15/2021', '6230', 'Nebula St', '29', 'Richardson', 'TX', '75011', 192),
('597574672', 'David', 'A', 'Martinez', 'M', '1/16/2022', '7338', 'Galaxy Blvd', '565', 'Richardson', 'TX', '75017', 141),
('598032398', 'Eva', 'I', 'Martinez', 'F', '4/4/2019', '2424', 'Comet Ln', '473', 'Richardson', 'TX', '75026', 524),
('598157287', 'Jack', 'F', 'Jones', 'M', '8/18/2023', '1366', 'Galaxy Blvd', '122', 'Richardson', 'TX', '75084', 449),
('599212518', 'David', 'F', 'Williams', 'M', '3/9/2021', '7178', 'Astro Way', '323', 'Richardson', 'TX', '75086', 897),
('599489305', 'Alice', 'D', 'Smith', 'F', '2/10/2021', '4017', 'Astro Way', '639', 'Richardson', 'TX', '75040', 261),
('600016458', 'Jack', 'C', 'Martinez', 'M', '6/28/2021', '4459', 'Orbit Dr', '337', 'Richardson', 'TX', '75077', 877),
('601765707', 'Henry', 'J', 'Jones', 'M', '9/11/2023', '8465', 'Astro Way', '226', 'Richardson', 'TX', '75034', 679),
('602696012', 'Ivy', 'I', 'Smith', 'F', '3/20/2021', '9072', 'Orbit Dr', '428', 'Richardson', 'TX', '75039', 586),
('605425137', 'Henry', 'F', 'Garcia', 'M', '2/16/2021', '6447', 'Comet Ln', '959', 'Richardson', 'TX', '75052', 491),
('606978642', 'David', 'H', 'Smith', 'M', '12/27/2022', '1386', 'Comet Ln', '148', 'Richardson', 'TX', '75098', 481),
('607152926', 'Jack', 'F', 'Smith', 'M', '11/1/2024', '2141', 'Nebula St', '800', 'Richardson', 'TX', '75077', 513),
('607222274', 'Henry', 'J', 'Williams', 'M', '7/15/2021', '1874', 'Orbit Dr', '257', 'Richardson', 'TX', '75046', 14),
('607818708', 'Eva', 'B', 'Lee', 'F', '5/27/2020', '3991', 'Orbit Dr', '143', 'Richardson', 'TX', '75016', 620),
('608651863', 'Alice', 'C', 'Williams', 'M', '4/14/2022', '9268', 'Comet Ln', '606', 'Richardson', 'TX', '75060', 907),
('609492883', 'Grace', 'I', 'Jones', 'M', '10/2/2020', '4083', 'Nebula St', '732', 'Richardson', 'TX', '75013', 798),
('610363248', 'Frank', 'I', 'Lee', 'M', '4/23/2022', '5356', 'Galaxy Blvd', '924', 'Richardson', 'TX', '75049', 789),
('610807352', 'Alice', 'C', 'Williams', 'F', '6/25/2022', '1455', 'Astro Way', '145', 'Richardson', 'TX', '75041', 500),
('612632242', 'Eva', 'H', 'Martinez', 'M', '8/4/2019', '9528', 'Comet Ln', '975', 'Richardson', 'TX', '75070', 617),
('613091281', 'Bob', 'I', 'Martinez', 'F', '2/14/2023', '3078', 'Orbit Dr', '10', 'Richardson', 'TX', '75054', 691),
('614231199', 'Frank', 'B', 'Lee', 'F', '1/12/2021', '9678', 'Galaxy Blvd', '642', 'Richardson', 'TX', '75041', 385),
('616819312', 'Alice', 'A', 'Williams', 'M', '1/23/2020', '9734', 'Orbit Dr', '46', 'Richardson', 'TX', '75081', 947),
('617819228', 'Ivy', 'A', 'Garcia', 'M', '7/25/2023', '7180', 'Comet Ln', '83', 'Richardson', 'TX', '75081', 60),
('618045282', 'Frank', 'I', 'Jones', 'M', '12/11/2019', '7264', 'Comet Ln', '87', 'Richardson', 'TX', '75094', 108),
('619319418', 'Frank', 'I', 'Smith', 'F', '7/13/2022', '3372', 'Nebula St', '766', 'Richardson', 'TX', '75030', 122),
('619554042', 'Jack', 'D', 'Jones', 'M', '9/8/2022', '8285', 'Nebula St', '169', 'Richardson', 'TX', '75049', 128),
('621493035', 'Eva', 'J', 'Williams', 'M', '10/6/2019', '6373', 'Astro Way', '227', 'Richardson', 'TX', '75086', 205),
('622244780', 'Bob', 'A', 'Davis', 'F', '4/13/2020', '6808', 'Orbit Dr', '157', 'Richardson', 'TX', '75093', 935),
('622507523', 'Carol', 'H', 'Martinez', 'F', '9/3/2019', '5461', 'Astro Way', '866', 'Richardson', 'TX', '75010', 129),
('622966093', 'David', 'H', 'Martinez', 'M', '7/9/2024', '7562', 'Astro Way', '626', 'Richardson', 'TX', '75027', 917),
('623463642', 'Bob', 'H', 'Martinez', 'M', '10/7/2023', '8781', 'Orbit Dr', '178', 'Richardson', 'TX', '75095', 579),
('626067603', 'Carol', 'H', 'Smith', 'M', '12/12/2024', '886', 'Nebula St', '948', 'Richardson', 'TX', '75021', 902),
('626176346', 'David', 'D', 'Jones', 'F', '8/1/2023', '3708', 'Orbit Dr', '737', 'Richardson', 'TX', '75063', 936),
('626390105', 'Ivy', 'C', 'Lee', 'F', '11/23/2023', '859', 'Orbit Dr', '749', 'Richardson', 'TX', '75062', 790),
('627311685', 'Eva', 'J', 'Martinez', 'F', '5/15/2019', '7676', 'Comet Ln', '547', 'Richardson', 'TX', '75097', 252),
('627362409', 'Eva', 'D', 'Davis', 'F', '3/16/2022', '5929', 'Astro Way', '666', 'Richardson', 'TX', '75028', 206),
('627517641', 'Ivy', 'A', 'Martinez', 'F', '9/23/2020', '6633', 'Galaxy Blvd', '657', 'Richardson', 'TX', '75072', 175),
('627815400', 'Jack', 'J', 'Davis', 'M', '3/3/2023', '4915', 'Astro Way', '423', 'Richardson', 'TX', '75096', 281),
('628758312', 'Jack', 'F', 'Lee', 'F', '9/19/2024', '624', 'Orbit Dr', '639', 'Richardson', 'TX', '75076', 265),
('629067319', 'Grace', 'A', 'Williams', 'F', '3/1/2021', '6266', 'Orbit Dr', '401', 'Richardson', 'TX', '75037', 387),
('630144281', 'Bob', 'J', 'Jones', 'F', '9/12/2023', '8445', 'Orbit Dr', '615', 'Richardson', 'TX', '75066', 518),
('630763594', 'Alice', 'B', 'Brown', 'M', '2/7/2024', '6491', 'Orbit Dr', '838', 'Richardson', 'TX', '75093', 473),
('632058071', 'Alice', 'E', 'Martinez', 'M', '3/21/2024', '7199', 'Astro Way', '443', 'Richardson', 'TX', '75049', 66),
('632151738', 'David', 'F', 'Martinez', 'M', '8/10/2023', '6265', 'Astro Way', '409', 'Richardson', 'TX', '75036', 974),
('632698840', 'Grace', 'G', 'Williams', 'M', '7/18/2023', '5786', 'Galaxy Blvd', '551', 'Richardson', 'TX', '75031', 106),
('634276401', 'Ivy', 'C', 'Martinez', 'M', '6/1/2024', '8207', 'Nebula St', '116', 'Richardson', 'TX', '75012', 78),
('634577579', 'Grace', 'C', 'Williams', 'M', '2/19/2021', '9509', 'Orbit Dr', '445', 'Richardson', 'TX', '75074', 700),
('635926566', 'Bob', 'J', 'Brown', 'M', '12/2/2021', '4538', 'Comet Ln', '53', 'Richardson', 'TX', '75025', 488),
('637015424', 'David', 'D', 'Davis', 'M', '11/27/2020', '5785', 'Orbit Dr', '715', 'Richardson', 'TX', '75035', 616),
('638029666', 'Ivy', 'J', 'Smith', 'M', '6/6/2024', '3042', 'Nebula St', '357', 'Richardson', 'TX', '75035', 283),
('639158373', 'Jack', 'H', 'Garcia', 'M', '3/15/2020', '6299', 'Astro Way', '328', 'Richardson', 'TX', '75016', 39),
('639433342', 'Jack', 'J', 'Davis', 'M', '1/15/2023', '39', 'Galaxy Blvd', '600', 'Richardson', 'TX', '75088', 729),
('641748253', 'Jack', 'E', 'Smith', 'F', '9/2/2023', '3005', 'Galaxy Blvd', '656', 'Richardson', 'TX', '75025', 577),
('642064066', 'Bob', 'I', 'Jones', 'F', '1/15/2022', '1854', 'Comet Ln', '499', 'Richardson', 'TX', '75023', 86),
('643323582', 'Alice', 'G', 'Jones', 'F', '6/9/2021', '7598', 'Orbit Dr', '174', 'Richardson', 'TX', '75064', 448),
('643940275', 'Bob', 'J', 'Jones', 'F', '10/8/2022', '1048', 'Nebula St', '716', 'Richardson', 'TX', '75088', 995),
('643941209', 'Carol', 'C', 'Williams', 'F', '1/6/2022', '93', 'Astro Way', '378', 'Richardson', 'TX', '75023', 928),
('644201171', 'Bob', 'E', 'Williams', 'M', '5/4/2019', '4876', 'Nebula St', '298', 'Richardson', 'TX', '75036', 682),
('645926739', 'Carol', 'J', 'Davis', 'M', '12/9/2019', '7810', 'Nebula St', '754', 'Richardson', 'TX', '75022', 912),
('647506395', 'Alice', 'E', 'Davis', 'F', '12/28/2022', '8286', 'Comet Ln', '910', 'Richardson', 'TX', '75037', 921),
('649526960', 'Ivy', 'G', 'Davis', 'F', '2/15/2021', '8375', 'Galaxy Blvd', '297', 'Richardson', 'TX', '75054', 832),
('651384401', 'Alice', 'H', 'Garcia', 'F', '12/1/2020', '3978', 'Astro Way', '969', 'Richardson', 'TX', '75087', 276),
('651780571', 'Henry', 'G', 'Williams', 'M', '4/20/2024', '2680', 'Nebula St', '218', 'Richardson', 'TX', '75030', 757),
('652611160', 'Ivy', 'F', 'Jones', 'M', '7/27/2021', '3047', 'Galaxy Blvd', '195', 'Richardson', 'TX', '75051', 553),
('653139111', 'Ivy', 'D', 'Jones', 'F', '4/13/2024', '2830', 'Nebula St', '810', 'Richardson', 'TX', '75036', 602),
('653796008', 'Grace', 'G', 'Martinez', 'M', '3/25/2020', '5332', 'Nebula St', '546', 'Richardson', 'TX', '75039', 916),
('654609222', 'Grace', 'H', 'Martinez', 'M', '9/5/2019', '3624', 'Orbit Dr', '912', 'Richardson', 'TX', '75015', 765),
('655410585', 'Carol', 'A', 'Smith', 'F', '7/26/2020', '5622', 'Comet Ln', '831', 'Richardson', 'TX', '75053', 363),
('655470897', 'David', 'H', 'Garcia', 'M', '4/8/2020', '9887', 'Astro Way', '870', 'Richardson', 'TX', '75022', 694),
('655500756', 'Ivy', 'A', 'Brown', 'M', '11/18/2022', '7038', 'Nebula St', '130', 'Richardson', 'TX', '75085', 116),
('656843612', 'Ivy', 'F', 'Smith', 'F', '6/7/2020', '6751', 'Galaxy Blvd', '251', 'Richardson', 'TX', '75063', 799),
('657500988', 'Grace', 'G', 'Martinez', 'M', '11/23/2024', '5953', 'Orbit Dr', '277', 'Richardson', 'TX', '75067', 384),
('657564362', 'Carol', 'G', 'Davis', 'M', '2/27/2021', '3791', 'Galaxy Blvd', '969', 'Richardson', 'TX', '75080', 664),
('659413809', 'Henry', 'F', 'Brown', 'F', '9/17/2019', '647', 'Orbit Dr', '732', 'Richardson', 'TX', '75023', 277),
('660296604', 'Alice', 'A', 'Garcia', 'F', '12/14/2021', '4562', 'Galaxy Blvd', '796', 'Richardson', 'TX', '75048', 282),
('660809440', 'Henry', 'B', 'Jones', 'M', '1/11/2023', '3096', 'Nebula St', '712', 'Richardson', 'TX', '75085', 124),
('664982578', 'Grace', 'J', 'Martinez', 'F', '3/27/2023', '2189', 'Galaxy Blvd', '938', 'Richardson', 'TX', '75013', 552),
('665084529', 'Alice', 'C', 'Garcia', 'F', '10/22/2022', '3485', 'Orbit Dr', '964', 'Richardson', 'TX', '75023', 45),
('665782379', 'Eva', 'G', 'Garcia', 'F', '9/6/2024', '6243', 'Orbit Dr', '203', 'Richardson', 'TX', '75033', 684),
('665866163', 'Carol', 'J', 'Martinez', 'F', '6/2/2023', '3827', 'Galaxy Blvd', '917', 'Richardson', 'TX', '75064', 801),
('666849402', 'Carol', 'G', 'Davis', 'M', '10/3/2021', '8619', 'Nebula St', '172', 'Richardson', 'TX', '75067', 642),
('667047595', 'Ivy', 'H', 'Lee', 'F', '10/21/2023', '3947', 'Orbit Dr', '549', 'Richardson', 'TX', '75012', 991),
('667242478', 'Henry', 'H', 'Jones', 'F', '2/7/2021', '4919', 'Orbit Dr', '18', 'Richardson', 'TX', '75022', 680),
('669393590', 'Bob', 'A', 'Brown', 'F', '5/11/2022', '1475', 'Comet Ln', '956', 'Richardson', 'TX', '75086', 113),
('670178227', 'David', 'H', 'Brown', 'F', '5/22/2021', '7290', 'Astro Way', '461', 'Richardson', 'TX', '75087', 994),
('672131534', 'Grace', 'D', 'Smith', 'M', '6/19/2022', '4544', 'Galaxy Blvd', '503', 'Richardson', 'TX', '75028', 781),
('672157538', 'David', 'E', 'Martinez', 'M', '10/22/2023', '6247', 'Galaxy Blvd', '549', 'Richardson', 'TX', '75070', 514),
('673535978', 'Jack', 'I', 'Garcia', 'F', '3/22/2024', '2619', 'Comet Ln', '677', 'Richardson', 'TX', '75045', 28),
('673823620', 'Bob', 'H', 'Davis', 'M', '3/11/2022', '813', 'Galaxy Blvd', '284', 'Richardson', 'TX', '75052', 326),
('675078454', 'Grace', 'I', 'Williams', 'M', '6/27/2019', '895', 'Comet Ln', '357', 'Richardson', 'TX', '75088', 573),
('675345800', 'Bob', 'C', 'Martinez', 'M', '1/15/2021', '9720', 'Comet Ln', '261', 'Richardson', 'TX', '75021', 6),
('675981741', 'Alice', 'C', 'Lee', 'M', '12/23/2024', '629', 'Astro Way', '256', 'Richardson', 'TX', '75011', 232),
('679411264', 'David', 'H', 'Martinez', 'M', '6/5/2020', '6500', 'Nebula St', '594', 'Richardson', 'TX', '75061', 264),
('681019725', 'Ivy', 'D', 'Martinez', 'M', '11/17/2022', '7505', 'Galaxy Blvd', '763', 'Richardson', 'TX', '75069', 698),
('684634282', 'Frank', 'I', 'Brown', 'F', '3/14/2023', '8201', 'Nebula St', '467', 'Richardson', 'TX', '75085', 145),
('684848478', 'Ivy', 'F', 'Martinez', 'M', '11/11/2020', '8660', 'Nebula St', '280', 'Richardson', 'TX', '75076', 773),
('686895345', 'Eva', 'G', 'Martinez', 'F', '3/16/2019', '3777', 'Galaxy Blvd', '321', 'Richardson', 'TX', '75035', 584),
('688615296', 'Frank', 'G', 'Garcia', 'M', '6/12/2021', '5701', 'Orbit Dr', '100', 'Richardson', 'TX', '75070', 495),
('688777625', 'Frank', 'F', 'Jones', 'M', '2/16/2022', '9448', 'Nebula St', '815', 'Richardson', 'TX', '75070', 800),
('689586330', 'Alice', 'A', 'Smith', 'F', '8/3/2020', '9379', 'Comet Ln', '906', 'Richardson', 'TX', '75047', 414),
('690275357', 'Carol', 'C', 'Davis', 'M', '6/15/2023', '7973', 'Nebula St', '338', 'Richardson', 'TX', '75028', 450),
('690651636', 'Alice', 'C', 'Brown', 'F', '4/23/2022', '3889', 'Nebula St', '552', 'Richardson', 'TX', '75049', 21),
('691369051', 'Jack', 'E', 'Jones', 'M', '7/8/2020', '78', 'Orbit Dr', '255', 'Richardson', 'TX', '75023', 195),
('692505615', 'Eva', 'I', 'Martinez', 'F', '11/17/2020', '173', 'Comet Ln', '810', 'Richardson', 'TX', '75044', 148),
('693105427', 'Carol', 'G', 'Smith', 'F', '1/11/2024', '3600', 'Orbit Dr', '291', 'Richardson', 'TX', '75093', 946),
('693959601', 'Ivy', 'D', 'Martinez', 'F', '3/21/2024', '9718', 'Nebula St', '216', 'Richardson', 'TX', '75062', 32),
('695317014', 'Henry', 'A', 'Smith', 'M', '6/2/2022', '2892', 'Orbit Dr', '728', 'Richardson', 'TX', '75078', 95),
('695437289', 'Henry', 'J', 'Davis', 'F', '6/1/2021', '9878', 'Comet Ln', '995', 'Richardson', 'TX', '75050', 831),
('695459820', 'Bob', 'J', 'Garcia', 'F', '1/2/2023', '7843', 'Galaxy Blvd', '218', 'Richardson', 'TX', '75081', 341),
('695769552', 'Frank', 'H', 'Davis', 'F', '8/19/2024', '2294', 'Orbit Dr', '163', 'Richardson', 'TX', '75052', 269),
('696379272', 'Carol', 'B', 'Jones', 'M', '3/8/2024', '7525', 'Orbit Dr', '983', 'Richardson', 'TX', '75044', 234),
('697479426', 'David', 'D', 'Williams', 'F', '1/2/2022', '5036', 'Nebula St', '93', 'Richardson', 'TX', '75073', 429),
('699678615', 'Ivy', 'D', 'Jones', 'M', '10/16/2024', '1778', 'Nebula St', '773', 'Richardson', 'TX', '75089', 127),
('700696802', 'Bob', 'G', 'Martinez', 'F', '5/25/2022', '6050', 'Orbit Dr', '950', 'Richardson', 'TX', '75039', 659),
('702699563', 'David', 'G', 'Smith', 'F', '2/2/2023', '2295', 'Nebula St', '597', 'Richardson', 'TX', '75080', 467),
('702951002', 'Ivy', 'D', 'Garcia', 'M', '7/8/2022', '8513', 'Comet Ln', '693', 'Richardson', 'TX', '75027', 986),
('703371040', 'Carol', 'F', 'Garcia', 'M', '2/11/2023', '4655', 'Nebula St', '973', 'Richardson', 'TX', '75074', 535),
('704371183', 'Ivy', 'A', 'Lee', 'M', '12/19/2021', '3752', 'Comet Ln', '829', 'Richardson', 'TX', '75066', 196),
('704418877', 'Carol', 'I', 'Williams', 'M', '8/13/2020', '808', 'Galaxy Blvd', '952', 'Richardson', 'TX', '75082', 351),
('705281293', 'Bob', 'A', 'Lee', 'M', '5/14/2024', '3469', 'Galaxy Blvd', '112', 'Richardson', 'TX', '75016', 442),
('705384871', 'David', 'I', 'Martinez', 'F', '2/23/2023', '398', 'Galaxy Blvd', '826', 'Richardson', 'TX', '75065', 763),
('705919886', 'Jack', 'G', 'Williams', 'M', '5/16/2021', '6964', 'Galaxy Blvd', '516', 'Richardson', 'TX', '75027', 239),
('706572534', 'Ivy', 'B', 'Jones', 'F', '9/14/2023', '1084', 'Galaxy Blvd', '332', 'Richardson', 'TX', '75011', 96),
('707493216', 'Henry', 'J', 'Martinez', 'M', '7/17/2020', '7919', 'Orbit Dr', '444', 'Richardson', 'TX', '75064', 846),
('708666525', 'David', 'J', 'Garcia', 'F', '9/7/2024', '2085', 'Astro Way', '800', 'Richardson', 'TX', '75060', 851),
('709205744', 'Alice', 'E', 'Lee', 'F', '4/8/2019', '833', 'Astro Way', '356', 'Richardson', 'TX', '75035', 532),
('709464906', 'Henry', 'I', 'Martinez', 'F', '10/2/2024', '2887', 'Nebula St', '613', 'Richardson', 'TX', '75076', 899),
('710143224', 'Frank', 'D', 'Williams', 'F', '12/28/2022', '3661', 'Orbit Dr', '901', 'Richardson', 'TX', '75048', 749),
('711096461', 'Jack', 'J', 'Jones', 'F', '4/17/2024', '2128', 'Orbit Dr', '858', 'Richardson', 'TX', '75085', 776),
('712848348', 'Carol', 'H', 'Lee', 'F', '4/28/2023', '328', 'Nebula St', '940', 'Richardson', 'TX', '75080', 984),
('713710184', 'David', 'I', 'Davis', 'M', '1/17/2022', '2602', 'Astro Way', '895', 'Richardson', 'TX', '75025', 49),
('713964741', 'Frank', 'I', 'Davis', 'F', '10/19/2021', '3606', 'Orbit Dr', '543', 'Richardson', 'TX', '75092', 30),
('714516838', 'Bob', 'D', 'Brown', 'M', '8/12/2024', '9870', 'Nebula St', '1', 'Richardson', 'TX', '75094', 731),
('717034347', 'Jack', 'A', 'Brown', 'F', '4/20/2021', '4167', 'Orbit Dr', '355', 'Richardson', 'TX', '75053', 558),
('717232379', 'David', 'D', 'Lee', 'M', '11/22/2024', '4302', 'Orbit Dr', '980', 'Richardson', 'TX', '75032', 477),
('717760785', 'Carol', 'E', 'Jones', 'M', '1/9/2023', '7831', 'Astro Way', '73', 'Richardson', 'TX', '75091', 977),
('717996677', 'Henry', 'I', 'Brown', 'M', '12/13/2023', '8165', 'Astro Way', '659', 'Richardson', 'TX', '75038', 797),
('719207995', 'Ivy', 'B', 'Brown', 'M', '2/15/2023', '7046', 'Comet Ln', '445', 'Richardson', 'TX', '75085', 607),
('721899056', 'Bob', 'H', 'Jones', 'M', '9/13/2022', '3987', 'Nebula St', '232', 'Richardson', 'TX', '75057', 446),
('723893318', 'Henry', 'E', 'Brown', 'M', '10/7/2023', '7928', 'Orbit Dr', '273', 'Richardson', 'TX', '75037', 661),
('724134517', 'Alice', 'A', 'Jones', 'F', '8/21/2024', '815', 'Nebula St', '269', 'Richardson', 'TX', '75053', 8),
('726172298', 'Alice', 'C', 'Davis', 'M', '6/21/2022', '526', 'Comet Ln', '317', 'Richardson', 'TX', '75083', 72),
('727209592', 'Frank', 'I', 'Smith', 'F', '11/7/2022', '6997', 'Orbit Dr', '572', 'Richardson', 'TX', '75059', 221),
('728533392', 'Bob', 'G', 'Martinez', 'M', '8/2/2021', '5481', 'Orbit Dr', '275', 'Richardson', 'TX', '75065', 84),
('730232380', 'Frank', 'B', 'Jones', 'M', '3/13/2020', '5232', 'Comet Ln', '574', 'Richardson', 'TX', '75058', 807),
('730822342', 'Alice', 'H', 'Martinez', 'F', '3/28/2023', '6114', 'Astro Way', '401', 'Richardson', 'TX', '75061', 511),
('731921613', 'Jack', 'G', 'Jones', 'M', '4/10/2023', '4591', 'Comet Ln', '834', 'Richardson', 'TX', '75010', 507),
('731941847', 'Eva', 'H', 'Martinez', 'M', '7/13/2023', '9313', 'Astro Way', '354', 'Richardson', 'TX', '75083', 525),
('732002800', 'Carol', 'A', 'Davis', 'F', '2/1/2022', '48', 'Nebula St', '639', 'Richardson', 'TX', '75073', 711),
('732191692', 'Carol', 'E', 'Garcia', 'M', '8/27/2020', '5578', 'Galaxy Blvd', '707', 'Richardson', 'TX', '75090', 288),
('733700590', 'Eva', 'F', 'Davis', 'F', '5/21/2019', '7701', 'Galaxy Blvd', '39', 'Richardson', 'TX', '75092', 418),
('734381336', 'Alice', 'G', 'Smith', 'F', '10/9/2023', '8945', 'Orbit Dr', '550', 'Richardson', 'TX', '75088', 772),
('734475637', 'Carol', 'H', 'Garcia', 'F', '3/12/2019', '5921', 'Orbit Dr', '980', 'Richardson', 'TX', '75095', 872),
('735366050', 'Grace', 'I', 'Davis', 'M', '5/15/2020', '3482', 'Nebula St', '49', 'Richardson', 'TX', '75063', 490),
('736252074', 'Jack', 'G', 'Jones', 'F', '4/25/2024', '1946', 'Nebula St', '353', 'Richardson', 'TX', '75096', 539),
('737182473', 'Frank', 'G', 'Smith', 'M', '6/8/2023', '1712', 'Orbit Dr', '712', 'Richardson', 'TX', '75074', 695),
('738787985', 'Eva', 'B', 'Williams', 'M', '8/3/2021', '3883', 'Orbit Dr', '910', 'Richardson', 'TX', '75064', 452),
('743234410', 'Jack', 'C', 'Williams', 'M', '4/26/2023', '2967', 'Astro Way', '629', 'Richardson', 'TX', '75080', 47),
('744675232', 'Carol', 'D', 'Martinez', 'F', '2/9/2020', '3816', 'Astro Way', '879', 'Richardson', 'TX', '75070', 496),
('746423780', 'Henry', 'I', 'Smith', 'M', '12/8/2019', '839', 'Astro Way', '772', 'Richardson', 'TX', '75048', 62),
('747380244', 'Eva', 'J', 'Smith', 'M', '1/24/2020', '4399', 'Galaxy Blvd', '901', 'Richardson', 'TX', '75043', 375),
('749894730', 'David', 'A', 'Brown', 'M', '1/4/2022', '2413', 'Comet Ln', '357', 'Richardson', 'TX', '75055', 655),
('749942194', 'Carol', 'E', 'Brown', 'F', '11/1/2023', '473', 'Orbit Dr', '858', 'Richardson', 'TX', '75087', 509),
('750176742', 'Bob', 'G', 'Jones', 'F', '11/11/2024', '3428', 'Orbit Dr', '275', 'Richardson', 'TX', '75059', 310),
('750793970', 'Alice', 'H', 'Garcia', 'F', '2/18/2021', '5235', 'Astro Way', '659', 'Richardson', 'TX', '75051', 891),
('751972468', 'Carol', 'G', 'Williams', 'M', '2/2/2022', '2869', 'Galaxy Blvd', '557', 'Richardson', 'TX', '75041', 174),
('756676077', 'Carol', 'J', 'Brown', 'M', '7/15/2021', '1822', 'Nebula St', '493', 'Richardson', 'TX', '75086', 101),
('758496807', 'Alice', 'H', 'Smith', 'M', '9/1/2021', '1059', 'Galaxy Blvd', '592', 'Richardson', 'TX', '75050', 568),
('759603011', 'Grace', 'A', 'Jones', 'M', '7/12/2022', '9377', 'Astro Way', '788', 'Richardson', 'TX', '75013', 401),
('760821508', 'Alice', 'B', 'Smith', 'M', '10/2/2023', '2249', 'Comet Ln', '156', 'Richardson', 'TX', '75097', 652),
('763508124', 'Alice', 'C', 'Smith', 'M', '1/4/2024', '5900', 'Astro Way', '539', 'Richardson', 'TX', '75040', 752),
('763845353', 'David', 'C', 'Jones', 'F', '10/5/2021', '4168', 'Astro Way', '686', 'Richardson', 'TX', '75092', 628),
('764007942', 'Alice', 'H', 'Martinez', 'M', '12/1/2021', '7298', 'Nebula St', '408', 'Richardson', 'TX', '75074', 836),
('764551079', 'Alice', 'J', 'Martinez', 'F', '3/30/2023', '721', 'Comet Ln', '637', 'Richardson', 'TX', '75031', 412),
('767348248', 'Eva', 'I', 'Smith', 'F', '12/7/2023', '1329', 'Galaxy Blvd', '33', 'Richardson', 'TX', '75043', 198),
('768048671', 'Alice', 'A', 'Williams', 'M', '6/2/2023', '680', 'Comet Ln', '746', 'Richardson', 'TX', '75075', 435),
('768332960', 'Alice', 'E', 'Brown', 'F', '7/28/2020', '4661', 'Galaxy Blvd', '773', 'Richardson', 'TX', '75089', 653),
('769085819', 'Alice', 'A', 'Brown', 'F', '4/9/2022', '2511', 'Orbit Dr', '529', 'Richardson', 'TX', '75084', 818),
('770545107', 'Bob', 'D', 'Smith', 'M', '3/11/2023', '3809', 'Galaxy Blvd', '124', 'Richardson', 'TX', '75010', 77),
('771769527', 'Jack', 'A', 'Davis', 'F', '4/19/2022', '6811', 'Nebula St', '350', 'Richardson', 'TX', '75081', 660),
('772580855', 'Bob', 'A', 'Smith', 'F', '10/10/2024', '6692', 'Galaxy Blvd', '843', 'Richardson', 'TX', '75035', 903),
('773852123', 'Ivy', 'J', 'Jones', 'F', '10/12/2020', '9033', 'Orbit Dr', '213', 'Richardson', 'TX', '75036', 354),
('773993718', 'Eva', 'G', 'Brown', 'F', '2/3/2024', '1385', 'Orbit Dr', '208', 'Richardson', 'TX', '75025', 782),
('774550255', 'Bob', 'J', 'Davis', 'F', '5/12/2020', '6845', 'Nebula St', '748', 'Richardson', 'TX', '75093', 968),
('774811004', 'Eva', 'D', 'Smith', 'M', '9/4/2023', '6760', 'Orbit Dr', '172', 'Richardson', 'TX', '75062', 377),
('775632900', 'Henry', 'D', 'Martinez', 'M', '4/23/2022', '5607', 'Orbit Dr', '781', 'Richardson', 'TX', '75020', 181),
('775699667', 'Bob', 'G', 'Jones', 'F', '12/28/2023', '588', 'Orbit Dr', '984', 'Richardson', 'TX', '75071', 410),
('775852716', 'Jack', 'C', 'Brown', 'F', '5/19/2023', '7423', 'Comet Ln', '412', 'Richardson', 'TX', '75014', 581),
('780161480', 'Jack', 'G', 'Smith', 'F', '12/18/2022', '8704', 'Comet Ln', '715', 'Richardson', 'TX', '75057', 430),
('784151492', 'Bob', 'H', 'Martinez', 'M', '2/26/2022', '1470', 'Astro Way', '119', 'Richardson', 'TX', '75086', 925),
('784358717', 'Jack', 'J', 'Lee', 'M', '5/15/2020', '1116', 'Galaxy Blvd', '51', 'Richardson', 'TX', '75015', 870),
('785418685', 'Jack', 'E', 'Jones', 'M', '4/10/2022', '6496', 'Orbit Dr', '480', 'Richardson', 'TX', '75089', 885),
('785725811', 'Ivy', 'I', 'Martinez', 'M', '9/13/2023', '5745', 'Nebula St', '713', 'Richardson', 'TX', '75063', 193),
('786041237', 'Alice', 'B', 'Martinez', 'F', '1/28/2023', '1267', 'Orbit Dr', '191', 'Richardson', 'TX', '75054', 186),
('787354962', 'Frank', 'I', 'Martinez', 'M', '6/27/2024', '2359', 'Nebula St', '424', 'Richardson', 'TX', '75083', 554),
('787560780', 'Alice', 'I', 'Davis', 'F', '10/24/2022', '4615', 'Astro Way', '26', 'Richardson', 'TX', '75030', 926),
('789059957', 'Henry', 'A', 'Lee', 'M', '11/10/2022', '5662', 'Nebula St', '887', 'Richardson', 'TX', '75061', 97),
('789244692', 'Bob', 'G', 'Martinez', 'F', '4/9/2023', '8957', 'Astro Way', '151', 'Richardson', 'TX', '75015', 64),
('789313016', 'Henry', 'J', 'Smith', 'M', '2/5/2024', '8158', 'Orbit Dr', '248', 'Richardson', 'TX', '75011', 3),
('789471894', 'Eva', 'H', 'Garcia', 'F', '10/10/2020', '1769', 'Comet Ln', '474', 'Richardson', 'TX', '75064', 657),
('792385108', 'Carol', 'F', 'Smith', 'M', '9/15/2021', '7317', 'Galaxy Blvd', '226', 'Richardson', 'TX', '75055', 643),
('792516743', 'Frank', 'G', 'Jones', 'M', '12/10/2021', '6277', 'Comet Ln', '604', 'Richardson', 'TX', '75096', 707),
('792693264', 'David', 'A', 'Lee', 'M', '10/8/2020', '3356', 'Comet Ln', '215', 'Richardson', 'TX', '75094', 431),
('796693260', 'Bob', 'F', 'Martinez', 'F', '10/6/2022', '1800', 'Orbit Dr', '964', 'Richardson', 'TX', '75046', 794),
('796710786', 'Eva', 'I', 'Garcia', 'M', '2/6/2022', '9650', 'Astro Way', '161', 'Richardson', 'TX', '75035', 112),
('796740966', 'Henry', 'F', 'Williams', 'M', '10/9/2020', '804', 'Comet Ln', '912', 'Richardson', 'TX', '75090', 755),
('797964938', 'Carol', 'F', 'Lee', 'M', '6/20/2021', '5509', 'Comet Ln', '298', 'Richardson', 'TX', '75035', 285),
('798092785', 'Ivy', 'F', 'Garcia', 'F', '8/27/2022', '1293', 'Galaxy Blvd', '716', 'Richardson', 'TX', '75071', 330),
('798378606', 'Grace', 'I', 'Jones', 'M', '7/1/2022', '4641', 'Nebula St', '602', 'Richardson', 'TX', '75053', 428),
('799907038', 'David', 'I', 'Garcia', 'M', '4/9/2020', '3359', 'Orbit Dr', '993', 'Richardson', 'TX', '75073', 307),
('801414156', 'David', 'F', 'Lee', 'F', '5/8/2021', '876', 'Astro Way', '76', 'Richardson', 'TX', '75073', 523),
('802730088', 'Frank', 'B', 'Jones', 'M', '7/11/2021', '9189', 'Galaxy Blvd', '651', 'Richardson', 'TX', '75085', 502),
('804055173', 'Carol', 'I', 'Jones', 'F', '12/16/2024', '3828', 'Nebula St', '965', 'Richardson', 'TX', '75078', 374),
('806336128', 'Bob', 'J', 'Jones', 'F', '6/23/2024', '9157', 'Comet Ln', '723', 'Richardson', 'TX', '75033', 619),
('806708098', 'Carol', 'D', 'Lee', 'F', '11/15/2020', '5277', 'Comet Ln', '495', 'Richardson', 'TX', '75068', 162),
('806990222', 'Carol', 'H', 'Brown', 'M', '11/8/2024', '2193', 'Comet Ln', '553', 'Richardson', 'TX', '75057', 896),
('807783937', 'Jack', 'G', 'Martinez', 'F', '11/20/2024', '1253', 'Nebula St', '605', 'Richardson', 'TX', '75015', 985),
('808966474', 'Grace', 'F', 'Jones', 'F', '3/16/2021', '7572', 'Orbit Dr', '403', 'Richardson', 'TX', '75045', 815),
('809227630', 'Grace', 'I', 'Martinez', 'M', '4/5/2024', '5880', 'Astro Way', '797', 'Richardson', 'TX', '75052', 231),
('810893430', 'Jack', 'H', 'Martinez', 'M', '9/24/2022', '4089', 'Orbit Dr', '458', 'Richardson', 'TX', '75058', 780),
('811579203', 'Jack', 'E', 'Davis', 'M', '4/15/2021', '9393', 'Comet Ln', '948', 'Richardson', 'TX', '75034', 839),
('811705918', 'David', 'C', 'Jones', 'M', '5/25/2024', '9210', 'Orbit Dr', '976', 'Richardson', 'TX', '75035', 257),
('815498989', 'Grace', 'G', 'Smith', 'F', '11/3/2023', '9462', 'Nebula St', '279', 'Richardson', 'TX', '75022', 549),
('816334009', 'Frank', 'B', 'Brown', 'M', '5/24/2020', '3922', 'Orbit Dr', '118', 'Richardson', 'TX', '75010', 179),
('816946341', 'Ivy', 'B', 'Martinez', 'F', '5/2/2019', '2564', 'Galaxy Blvd', '102', 'Richardson', 'TX', '75030', 31),
('817303771', 'Jack', 'D', 'Jones', 'F', '1/12/2023', '5602', 'Orbit Dr', '61', 'Richardson', 'TX', '75011', 468),
('817949260', 'Carol', 'C', 'Martinez', 'M', '11/1/2021', '4698', 'Galaxy Blvd', '806', 'Richardson', 'TX', '75057', 439),
('818021944', 'Carol', 'G', 'Jones', 'F', '10/2/2020', '3258', 'Galaxy Blvd', '148', 'Richardson', 'TX', '75031', 367),
('818977738', 'Carol', 'E', 'Smith', 'F', '5/21/2024', '5682', 'Galaxy Blvd', '706', 'Richardson', 'TX', '75083', 796),
('820299962', 'Frank', 'D', 'Jones', 'F', '5/28/2019', '3316', 'Orbit Dr', '192', 'Richardson', 'TX', '75097', 352),
('820310423', 'Carol', 'D', 'Martinez', 'F', '5/23/2021', '1208', 'Comet Ln', '547', 'Richardson', 'TX', '75039', 813),
('821230172', 'Frank', 'E', 'Davis', 'F', '10/28/2022', '1074', 'Galaxy Blvd', '347', 'Richardson', 'TX', '75040', 248),
('823810119', 'Henry', 'J', 'Martinez', 'F', '12/23/2021', '8443', 'Orbit Dr', '147', 'Richardson', 'TX', '75025', 182),
('824566824', 'Eva', 'H', 'Jones', 'F', '3/25/2020', '9153', 'Nebula St', '972', 'Richardson', 'TX', '75084', 343),
('826354697', 'Jack', 'J', 'Williams', 'F', '3/2/2024', '8682', 'Galaxy Blvd', '879', 'Richardson', 'TX', '75029', 393),
('827264059', 'Grace', 'H', 'Lee', 'M', '12/24/2023', '5939', 'Astro Way', '957', 'Richardson', 'TX', '75014', 665),
('828130093', 'Carol', 'E', 'Davis', 'M', '5/22/2022', '9157', 'Comet Ln', '790', 'Richardson', 'TX', '75011', 364),
('829954517', 'David', 'J', 'Williams', 'M', '6/5/2023', '4150', 'Nebula St', '32', 'Richardson', 'TX', '75076', 583),
('833125144', 'Bob', 'J', 'Garcia', 'F', '10/4/2019', '706', 'Orbit Dr', '213', 'Richardson', 'TX', '75013', 858),
('834112233', 'Bob', 'E', 'Brown', 'F', '6/21/2023', '2519', 'Orbit Dr', '660', 'Richardson', 'TX', '75088', 166),
('834118527', 'Frank', 'J', 'Garcia', 'F', '3/23/2021', '3693', 'Galaxy Blvd', '727', 'Richardson', 'TX', '75039', 924),
('834932210', 'Eva', 'D', 'Smith', 'F', '4/7/2024', '1850', 'Comet Ln', '180', 'Richardson', 'TX', '75041', 510),
('837349019', 'David', 'D', 'Garcia', 'M', '4/6/2019', '1251', 'Astro Way', '54', 'Richardson', 'TX', '75018', 7),
('837765707', 'Jack', 'J', 'Martinez', 'F', '2/13/2023', '5783', 'Galaxy Blvd', '460', 'Richardson', 'TX', '75041', 35),
('841368422', 'Ivy', 'H', 'Jones', 'M', '3/15/2021', '8749', 'Galaxy Blvd', '267', 'Richardson', 'TX', '75038', 120),
('842341927', 'Ivy', 'A', 'Smith', 'F', '5/5/2023', '6714', 'Comet Ln', '93', 'Richardson', 'TX', '75050', 884),
('842727338', 'Alice', 'D', 'Lee', 'M', '5/15/2022', '393', 'Astro Way', '310', 'Richardson', 'TX', '75057', 242),
('843456677', 'Henry', 'E', 'Lee', 'F', '4/5/2023', '3137', 'Nebula St', '486', 'Richardson', 'TX', '75097', 345),
('843504044', 'Eva', 'F', 'Williams', 'M', '9/26/2024', '2745', 'Galaxy Blvd', '809', 'Richardson', 'TX', '75027', 893),
('843683820', 'Bob', 'I', 'Smith', 'F', '6/14/2023', '2540', 'Astro Way', '952', 'Richardson', 'TX', '75047', 873),
('845761039', 'Jack', 'E', 'Williams', 'F', '10/23/2022', '7721', 'Astro Way', '590', 'Richardson', 'TX', '75082', 411),
('845842315', 'David', 'C', 'Martinez', 'F', '10/25/2019', '6271', 'Orbit Dr', '985', 'Richardson', 'TX', '75033', 823),
('846285935', 'Frank', 'D', 'Brown', 'F', '10/10/2022', '1699', 'Nebula St', '1', 'Richardson', 'TX', '75016', 100),
('846802993', 'Carol', 'F', 'Jones', 'M', '3/24/2024', '699', 'Comet Ln', '283', 'Richardson', 'TX', '75037', 279),
('846986397', 'Grace', 'F', 'Martinez', 'M', '8/19/2022', '2898', 'Galaxy Blvd', '640', 'Richardson', 'TX', '75031', 967),
('847262215', 'Alice', 'C', 'Martinez', 'M', '11/5/2024', '3542', 'Astro Way', '408', 'Richardson', 'TX', '75085', 346),
('848463319', 'Alice', 'H', 'Martinez', 'F', '6/23/2023', '9300', 'Astro Way', '525', 'Richardson', 'TX', '75051', 237),
('848500860', 'Henry', 'F', 'Jones', 'F', '1/6/2024', '6380', 'Orbit Dr', '663', 'Richardson', 'TX', '75020', 56),
('850748445', 'Frank', 'H', 'Jones', 'F', '8/19/2023', '67', 'Comet Ln', '725', 'Richardson', 'TX', '75092', 945),
('853677263', 'Eva', 'G', 'Lee', 'F', '2/21/2024', '7314', 'Orbit Dr', '407', 'Richardson', 'TX', '75052', 262),
('854481856', 'Grace', 'F', 'Brown', 'M', '6/16/2024', '3624', 'Comet Ln', '104', 'Richardson', 'TX', '75043', 744),
('854562728', 'Bob', 'C', 'Davis', 'M', '4/11/2024', '3394', 'Astro Way', '745', 'Richardson', 'TX', '75070', 942),
('854602537', 'Carol', 'E', 'Lee', 'M', '4/16/2023', '242', 'Orbit Dr', '89', 'Richardson', 'TX', '75099', 89),
('854960070', 'David', 'E', 'Garcia', 'M', '1/18/2021', '4056', 'Comet Ln', '357', 'Richardson', 'TX', '75021', 878),
('855319285', 'Ivy', 'C', 'Garcia', 'F', '11/22/2022', '4307', 'Orbit Dr', '842', 'Richardson', 'TX', '75097', 771),
('855786372', 'Frank', 'H', 'Smith', 'F', '1/27/2021', '670', 'Nebula St', '706', 'Richardson', 'TX', '75017', 964),
('856634553', 'Carol', 'A', 'Jones', 'F', '1/29/2023', '6528', 'Comet Ln', '497', 'Richardson', 'TX', '75024', 627);
INSERT INTO `Person` (`SSN`, `F_Name`, `M_Initial`, `L_Name`, `Sex`, `Enrollment_Date`, `Building_Number`, `Street`, `Apt_Number`, `City`, `State`, `Zip`, `UserID`) VALUES
('857149319', 'Grace', 'E', 'Williams', 'F', '7/4/2023', '453', 'Comet Ln', '33', 'Richardson', 'TX', '75083', 170),
('857184401', 'Frank', 'I', 'Lee', 'M', '4/15/2020', '87', 'Astro Way', '892', 'Richardson', 'TX', '75056', 267),
('857940763', 'Henry', 'H', 'Martinez', 'F', '11/18/2024', '9533', 'Astro Way', '79', 'Richardson', 'TX', '75086', 931),
('857969521', 'Bob', 'F', 'Jones', 'F', '2/18/2024', '8795', 'Nebula St', '189', 'Richardson', 'TX', '75045', 791),
('858237987', 'Alice', 'H', 'Martinez', 'M', '11/27/2021', '3150', 'Galaxy Blvd', '342', 'Richardson', 'TX', '75014', 322),
('858977303', 'Frank', 'E', 'Smith', 'M', '5/23/2022', '9141', 'Orbit Dr', '792', 'Richardson', 'TX', '75077', 634),
('859707809', 'David', 'F', 'Martinez', 'M', '5/13/2023', '1020', 'Galaxy Blvd', '862', 'Richardson', 'TX', '75077', 598),
('860135887', 'Ivy', 'B', 'Lee', 'M', '5/16/2021', '5871', 'Comet Ln', '669', 'Richardson', 'TX', '75054', 693),
('860738998', 'Carol', 'F', 'Davis', 'M', '2/26/2019', '3244', 'Astro Way', '357', 'Richardson', 'TX', '75034', 243),
('860858292', 'Henry', 'B', 'Martinez', 'F', '11/21/2019', '3733', 'Orbit Dr', '513', 'Richardson', 'TX', '75068', 291),
('863327710', 'Jack', 'E', 'Garcia', 'M', '2/24/2023', '7128', 'Comet Ln', '164', 'Richardson', 'TX', '75064', 93),
('863425755', 'Frank', 'D', 'Jones', 'M', '7/10/2023', '7394', 'Orbit Dr', '795', 'Richardson', 'TX', '75097', 34),
('863861244', 'Bob', 'J', 'Jones', 'M', '2/22/2022', '2083', 'Astro Way', '282', 'Richardson', 'TX', '75028', 766),
('865728004', 'Eva', 'A', 'Jones', 'F', '4/11/2021', '5537', 'Nebula St', '356', 'Richardson', 'TX', '75074', 534),
('865941906', 'David', 'B', 'Jones', 'F', '3/28/2023', '5348', 'Astro Way', '103', 'Richardson', 'TX', '75024', 633),
('868356701', 'Ivy', 'E', 'Smith', 'M', '4/5/2019', '1936', 'Nebula St', '605', 'Richardson', 'TX', '75019', 143),
('869974689', 'David', 'G', 'Brown', 'F', '1/10/2020', '5743', 'Comet Ln', '908', 'Richardson', 'TX', '75059', 390),
('870542815', 'Bob', 'I', 'Martinez', 'M', '10/18/2024', '7337', 'Galaxy Blvd', '336', 'Richardson', 'TX', '75055', 229),
('871575955', 'Carol', 'A', 'Garcia', 'F', '2/20/2021', '6171', 'Astro Way', '830', 'Richardson', 'TX', '75046', 732),
('872197714', 'Alice', 'H', 'Lee', 'M', '7/20/2023', '512', 'Orbit Dr', '502', 'Richardson', 'TX', '75081', 593),
('872400342', 'Jack', 'D', 'Jones', 'M', '5/3/2023', '7469', 'Comet Ln', '680', 'Richardson', 'TX', '75045', 177),
('872890293', 'Grace', 'D', 'Smith', 'F', '4/16/2023', '4192', 'Nebula St', '291', 'Richardson', 'TX', '75080', 210),
('873784666', 'David', 'F', 'Jones', 'F', '2/9/2021', '6686', 'Orbit Dr', '715', 'Richardson', 'TX', '75089', 300),
('875217551', 'Jack', 'C', 'Smith', 'M', '3/18/2021', '595', 'Nebula St', '712', 'Richardson', 'TX', '75092', 317),
('877831367', 'Jack', 'J', 'Garcia', 'F', '8/3/2022', '7329', 'Orbit Dr', '356', 'Richardson', 'TX', '75093', 918),
('878113706', 'Frank', 'B', 'Garcia', 'M', '11/12/2019', '7919', 'Nebula St', '553', 'Richardson', 'TX', '75021', 218),
('878686104', 'Alice', 'H', 'Martinez', 'F', '7/10/2021', '6947', 'Nebula St', '457', 'Richardson', 'TX', '75025', 609),
('878784565', 'Henry', 'F', 'Martinez', 'F', '11/8/2021', '5636', 'Comet Ln', '96', 'Richardson', 'TX', '75084', 104),
('878803525', 'Grace', 'C', 'Martinez', 'M', '7/19/2022', '3561', 'Astro Way', '213', 'Richardson', 'TX', '75049', 240),
('885256329', 'Carol', 'C', 'Brown', 'F', '3/16/2022', '2809', 'Galaxy Blvd', '558', 'Richardson', 'TX', '75085', 767),
('885740203', 'Bob', 'I', 'Jones', 'F', '10/20/2020', '9909', 'Galaxy Blvd', '663', 'Richardson', 'TX', '75081', 588),
('887079062', 'Jack', 'A', 'Brown', 'F', '12/18/2019', '2240', 'Nebula St', '359', 'Richardson', 'TX', '75021', 817),
('894194477', 'Grace', 'I', 'Martinez', 'F', '5/5/2023', '688', 'Astro Way', '46', 'Richardson', 'TX', '75088', 636),
('894584013', 'Alice', 'F', 'Smith', 'M', '9/1/2022', '9763', 'Nebula St', '193', 'Richardson', 'TX', '75079', 224),
('895629150', 'Frank', 'A', 'Jones', 'M', '5/22/2022', '4060', 'Comet Ln', '817', 'Richardson', 'TX', '75026', 190),
('896453458', 'Grace', 'D', 'Lee', 'M', '8/13/2023', '3142', 'Astro Way', '722', 'Richardson', 'TX', '75056', 551),
('900128846', 'David', 'E', 'Williams', 'M', '9/30/2023', '6054', 'Nebula St', '632', 'Richardson', 'TX', '75011', 320),
('903552170', 'David', 'F', 'Smith', 'F', '1/3/2019', '3608', 'Orbit Dr', '321', 'Richardson', 'TX', '75036', 339),
('903587690', 'Henry', 'I', 'Brown', 'F', '11/14/2024', '3109', 'Comet Ln', '916', 'Richardson', 'TX', '75017', 958),
('905807520', 'Grace', 'C', 'Martinez', 'F', '1/12/2024', '5046', 'Nebula St', '938', 'Richardson', 'TX', '75072', 9),
('907934014', 'Eva', 'C', 'Martinez', 'M', '5/23/2021', '4435', 'Comet Ln', '585', 'Richardson', 'TX', '75050', 420),
('907951242', 'Jack', 'D', 'Jones', 'M', '10/2/2022', '4471', 'Comet Ln', '163', 'Richardson', 'TX', '75028', 940),
('907966255', 'Grace', 'F', 'Jones', 'M', '1/8/2021', '1650', 'Orbit Dr', '172', 'Richardson', 'TX', '75049', 786),
('910020692', 'Frank', 'B', 'Lee', 'M', '7/27/2023', '5116', 'Astro Way', '183', 'Richardson', 'TX', '75065', 522),
('910024652', 'Bob', 'F', 'Brown', 'F', '9/26/2020', '2180', 'Nebula St', '822', 'Richardson', 'TX', '75071', 173),
('911614083', 'David', 'A', 'Jones', 'M', '3/28/2023', '3145', 'Nebula St', '668', 'Richardson', 'TX', '75069', 905),
('911971956', 'Eva', 'D', 'Martinez', 'M', '1/8/2022', '6046', 'Comet Ln', '479', 'Richardson', 'TX', '75047', 901),
('912615981', 'Carol', 'B', 'Lee', 'M', '8/23/2021', '1732', 'Comet Ln', '831', 'Richardson', 'TX', '75012', 134),
('912730850', 'Bob', 'F', 'Martinez', 'M', '12/23/2024', '4485', 'Orbit Dr', '126', 'Richardson', 'TX', '75014', 245),
('912841141', 'Bob', 'A', 'Jones', 'F', '2/20/2020', '132', 'Orbit Dr', '748', 'Richardson', 'TX', '75034', 461),
('913261728', 'Ivy', 'A', 'Smith', 'F', '3/18/2019', '3131', 'Astro Way', '620', 'Richardson', 'TX', '75025', 126),
('913825748', 'Frank', 'G', 'Martinez', 'M', '4/21/2022', '9101', 'Galaxy Blvd', '467', 'Richardson', 'TX', '75047', 447),
('914408084', 'Bob', 'I', 'Davis', 'F', '10/18/2022', '2107', 'Orbit Dr', '406', 'Richardson', 'TX', '75090', 12),
('915440837', 'Frank', 'F', 'Jones', 'M', '2/21/2023', '7192', 'Galaxy Blvd', '669', 'Richardson', 'TX', '75077', 301),
('915553981', 'Grace', 'A', 'Martinez', 'M', '11/3/2022', '8234', 'Galaxy Blvd', '31', 'Richardson', 'TX', '75035', 476),
('916952800', 'Bob', 'F', 'Jones', 'F', '12/21/2019', '5941', 'Astro Way', '514', 'Richardson', 'TX', '75074', 567),
('917119093', 'Carol', 'H', 'Jones', 'F', '6/2/2023', '7137', 'Comet Ln', '308', 'Richardson', 'TX', '75060', 213),
('917134528', 'Frank', 'G', 'Jones', 'F', '4/18/2021', '5491', 'Galaxy Blvd', '328', 'Richardson', 'TX', '75014', 358),
('918163362', 'Frank', 'J', 'Martinez', 'F', '6/15/2021', '5785', 'Galaxy Blvd', '326', 'Richardson', 'TX', '75096', 425),
('918394307', 'Eva', 'A', 'Brown', 'F', '7/18/2020', '4725', 'Astro Way', '62', 'Richardson', 'TX', '75087', 999),
('920002561', 'Alice', 'B', 'Garcia', 'F', '2/14/2020', '5869', 'Orbit Dr', '984', 'Richardson', 'TX', '75026', 508),
('920150314', 'Alice', 'D', 'Martinez', 'M', '3/2/2023', '7477', 'Astro Way', '803', 'Richardson', 'TX', '75030', 960),
('920850538', 'Eva', 'A', 'Garcia', 'F', '2/12/2024', '9389', 'Comet Ln', '595', 'Richardson', 'TX', '75032', 826),
('922625532', 'Jack', 'H', 'Davis', 'F', '7/2/2020', '2327', 'Orbit Dr', '932', 'Richardson', 'TX', '75019', 848),
('925018754', 'Bob', 'B', 'Jones', 'M', '7/17/2022', '864', 'Astro Way', '974', 'Richardson', 'TX', '75022', 876),
('927304408', 'Eva', 'F', 'Brown', 'F', '7/25/2024', '2613', 'Nebula St', '254', 'Richardson', 'TX', '75086', 423),
('927626135', 'Eva', 'J', 'Martinez', 'M', '5/27/2024', '9339', 'Astro Way', '777', 'Richardson', 'TX', '75031', 736),
('929699153', 'Bob', 'C', 'Williams', 'F', '2/13/2020', '3350', 'Astro Way', '803', 'Richardson', 'TX', '75010', 941),
('929736750', 'Ivy', 'F', 'Davis', 'F', '7/27/2023', '8714', 'Galaxy Blvd', '562', 'Richardson', 'TX', '75053', 399),
('930901196', 'Ivy', 'B', 'Garcia', 'M', '10/24/2024', '967', 'Nebula St', '201', 'Richardson', 'TX', '75033', 204),
('931138684', 'Ivy', 'G', 'Davis', 'F', '12/13/2022', '8446', 'Nebula St', '949', 'Richardson', 'TX', '75013', 654),
('931829666', 'Ivy', 'E', 'Garcia', 'F', '1/26/2023', '2033', 'Astro Way', '750', 'Richardson', 'TX', '75021', 671),
('932555948', 'Grace', 'D', 'Lee', 'M', '3/13/2022', '2436', 'Astro Way', '399', 'Richardson', 'TX', '75044', 733),
('932770935', 'Carol', 'D', 'Garcia', 'M', '5/22/2022', '3009', 'Astro Way', '83', 'Richardson', 'TX', '75051', 814),
('935311638', 'Ivy', 'C', 'Brown', 'M', '7/3/2022', '1841', 'Comet Ln', '744', 'Richardson', 'TX', '75080', 811),
('936088867', 'Frank', 'H', 'Williams', 'F', '12/19/2023', '3148', 'Nebula St', '960', 'Richardson', 'TX', '75031', 762),
('936096402', 'Carol', 'E', 'Smith', 'F', '8/8/2022', '3728', 'Orbit Dr', '590', 'Richardson', 'TX', '75037', 892),
('936650072', 'Eva', 'F', 'Smith', 'F', '1/13/2022', '7150', 'Orbit Dr', '555', 'Richardson', 'TX', '75070', 253),
('937564802', 'Frank', 'C', 'Jones', 'M', '3/2/2023', '7368', 'Astro Way', '652', 'Richardson', 'TX', '75043', 485),
('939171260', 'Frank', 'B', 'Williams', 'F', '12/10/2020', '7484', 'Galaxy Blvd', '326', 'Richardson', 'TX', '75070', 271),
('939233821', 'Jack', 'I', 'Lee', 'M', '10/8/2021', '1296', 'Orbit Dr', '319', 'Richardson', 'TX', '75070', 474),
('940867683', 'Grace', 'E', 'Davis', 'F', '1/16/2022', '5677', 'Orbit Dr', '212', 'Richardson', 'TX', '75055', 19),
('941330580', 'Grace', 'A', 'Smith', 'F', '3/27/2021', '8151', 'Orbit Dr', '42', 'Richardson', 'TX', '75040', 512),
('941338455', 'David', 'A', 'Lee', 'F', '5/11/2023', '8084', 'Nebula St', '802', 'Richardson', 'TX', '75095', 90),
('944318588', 'Frank', 'C', 'Jones', 'F', '2/28/2021', '3420', 'Astro Way', '415', 'Richardson', 'TX', '75060', 613),
('944480866', 'Bob', 'H', 'Smith', 'M', '3/23/2024', '5696', 'Orbit Dr', '755', 'Richardson', 'TX', '75047', 610),
('945332547', 'Henry', 'J', 'Smith', 'M', '1/26/2024', '8031', 'Orbit Dr', '717', 'Richardson', 'TX', '75087', 299),
('945623225', 'Jack', 'H', 'Brown', 'M', '5/16/2023', '6147', 'Galaxy Blvd', '450', 'Richardson', 'TX', '75095', 890),
('946552908', 'Henry', 'G', 'Brown', 'M', '6/5/2020', '9047', 'Nebula St', '248', 'Richardson', 'TX', '75051', 828),
('946556527', 'Alice', 'J', 'Williams', 'M', '2/6/2023', '5286', 'Comet Ln', '527', 'Richardson', 'TX', '75043', 978),
('947378132', 'Ivy', 'H', 'Brown', 'F', '11/12/2021', '299', 'Orbit Dr', '193', 'Richardson', 'TX', '75093', 457),
('948088395', 'Grace', 'B', 'Jones', 'M', '2/27/2022', '5182', 'Galaxy Blvd', '819', 'Richardson', 'TX', '75057', 105),
('949654912', 'Alice', 'A', 'Garcia', 'M', '8/24/2024', '8728', 'Orbit Dr', '993', 'Richardson', 'TX', '75043', 777),
('950296005', 'Frank', 'F', 'Martinez', 'F', '1/8/2023', '8650', 'Astro Way', '237', 'Richardson', 'TX', '75068', 209),
('950907610', 'Frank', 'D', 'Jones', 'F', '8/16/2024', '1662', 'Galaxy Blvd', '901', 'Richardson', 'TX', '75014', 997),
('951297565', 'Alice', 'B', 'Martinez', 'F', '8/21/2023', '4984', 'Galaxy Blvd', '631', 'Richardson', 'TX', '75077', 922),
('951367056', 'Alice', 'B', 'Williams', 'M', '2/10/2021', '6753', 'Galaxy Blvd', '424', 'Richardson', 'TX', '75093', 140),
('951402384', 'Jack', 'F', 'Martinez', 'M', '7/1/2023', '9159', 'Orbit Dr', '755', 'Richardson', 'TX', '75065', 158),
('951667280', 'Frank', 'I', 'Martinez', 'F', '10/10/2020', '8561', 'Galaxy Blvd', '904', 'Richardson', 'TX', '75038', 954),
('954328143', 'Carol', 'I', 'Jones', 'M', '8/17/2024', '787', 'Nebula St', '862', 'Richardson', 'TX', '75069', 471),
('954729948', 'Alice', 'E', 'Garcia', 'M', '6/19/2021', '3120', 'Galaxy Blvd', '178', 'Richardson', 'TX', '75045', 426),
('959151452', 'Alice', 'A', 'Brown', 'F', '11/8/2022', '2320', 'Nebula St', '421', 'Richardson', 'TX', '75041', 560),
('959441262', 'Bob', 'H', 'Jones', 'M', '11/24/2022', '4142', 'Galaxy Blvd', '471', 'Richardson', 'TX', '75065', 362),
('961243520', 'David', 'B', 'Lee', 'M', '1/20/2022', '3250', 'Orbit Dr', '965', 'Richardson', 'TX', '75070', 709),
('962003519', 'Eva', 'H', 'Jones', 'M', '9/2/2021', '5502', 'Galaxy Blvd', '252', 'Richardson', 'TX', '75030', 675),
('962139099', 'Frank', 'I', 'Smith', 'M', '1/22/2024', '9551', 'Astro Way', '183', 'Richardson', 'TX', '75073', 306),
('964885267', 'Bob', 'G', 'Martinez', 'F', '11/5/2021', '8441', 'Galaxy Blvd', '609', 'Richardson', 'TX', '75028', 956),
('967195265', 'Bob', 'F', 'Jones', 'F', '11/5/2023', '7359', 'Comet Ln', '885', 'Richardson', 'TX', '75063', 404),
('968684148', 'Ivy', 'B', 'Jones', 'M', '8/18/2023', '1335', 'Astro Way', '27', 'Richardson', 'TX', '75011', 274),
('968805149', 'Eva', 'A', 'Martinez', 'F', '1/19/2023', '8377', 'Orbit Dr', '975', 'Richardson', 'TX', '75010', 335),
('968964215', 'Grace', 'D', 'Martinez', 'M', '9/17/2021', '8089', 'Comet Ln', '678', 'Richardson', 'TX', '75068', 23),
('969182868', 'David', 'G', 'Jones', 'F', '3/7/2023', '3741', 'Comet Ln', '705', 'Richardson', 'TX', '75098', 324),
('969872661', 'Carol', 'G', 'Jones', 'M', '8/5/2021', '9003', 'Comet Ln', '387', 'Richardson', 'TX', '75017', 704),
('971003255', 'Jack', 'J', 'Brown', 'F', '12/22/2021', '7108', 'Galaxy Blvd', '108', 'Richardson', 'TX', '75038', 53),
('972109917', 'Alice', 'C', 'Smith', 'M', '9/9/2024', '951', 'Comet Ln', '662', 'Richardson', 'TX', '75046', 489),
('974650131', 'Grace', 'C', 'Lee', 'M', '6/3/2022', '4565', 'Comet Ln', '100', 'Richardson', 'TX', '75039', 976),
('976061078', 'Frank', 'D', 'Davis', 'F', '7/14/2022', '8471', 'Comet Ln', '482', 'Richardson', 'TX', '75057', 26),
('976178206', 'Jack', 'H', 'Brown', 'F', '12/17/2023', '2573', 'Astro Way', '182', 'Richardson', 'TX', '75038', 460),
('976248110', 'Bob', 'H', 'Smith', 'F', '11/14/2022', '5662', 'Nebula St', '610', 'Richardson', 'TX', '75068', 827),
('977618865', 'Jack', 'E', 'Martinez', 'F', '10/28/2021', '1576', 'Galaxy Blvd', '46', 'Richardson', 'TX', '75082', 153),
('978250576', 'Ivy', 'C', 'Jones', 'F', '11/13/2020', '5429', 'Astro Way', '501', 'Richardson', 'TX', '75025', 4),
('978950152', 'Alice', 'H', 'Williams', 'M', '1/15/2022', '8515', 'Orbit Dr', '770', 'Richardson', 'TX', '75051', 319),
('979347367', 'Frank', 'F', 'Jones', 'M', '3/11/2022', '580', 'Comet Ln', '118', 'Richardson', 'TX', '75053', 734),
('979966424', 'Jack', 'H', 'Smith', 'M', '12/14/2021', '3532', 'Nebula St', '276', 'Richardson', 'TX', '75063', 115),
('980343898', 'Eva', 'E', 'Davis', 'M', '7/28/2020', '7933', 'Orbit Dr', '116', 'Richardson', 'TX', '75089', 167),
('981066616', 'David', 'I', 'Brown', 'M', '3/17/2020', '6040', 'Comet Ln', '836', 'Richardson', 'TX', '75046', 236),
('981073463', 'Henry', 'H', 'Garcia', 'M', '10/7/2022', '9101', 'Orbit Dr', '290', 'Richardson', 'TX', '75012', 676),
('984951643', 'Carol', 'H', 'Martinez', 'M', '9/24/2022', '5367', 'Orbit Dr', '278', 'Richardson', 'TX', '75074', 470),
('985075643', 'Alice', 'G', 'Martinez', 'M', '1/25/2021', '3106', 'Comet Ln', '535', 'Richardson', 'TX', '75065', 29),
('985381569', 'Carol', 'F', 'Garcia', 'M', '5/22/2019', '7189', 'Comet Ln', '479', 'Richardson', 'TX', '75073', 950),
('986741551', 'Ivy', 'G', 'Jones', 'F', '12/16/2023', '3499', 'Orbit Dr', '880', 'Richardson', 'TX', '75024', 612),
('987260886', 'Alice', 'F', 'Martinez', 'F', '10/5/2024', '2499', 'Astro Way', '302', 'Richardson', 'TX', '75058', 603),
('988405591', 'Ivy', 'D', 'Martinez', 'M', '8/11/2020', '5506', 'Comet Ln', '505', 'Richardson', 'TX', '75070', 604),
('989610007', 'Jack', 'B', 'Lee', 'F', '2/3/2021', '2042', 'Comet Ln', '811', 'Richardson', 'TX', '75071', 913),
('989916266', 'Ivy', 'G', 'Lee', 'F', '4/5/2024', '4606', 'Orbit Dr', '108', 'Richardson', 'TX', '75080', 331),
('992249922', 'Bob', 'A', 'Martinez', 'F', '10/22/2024', '3723', 'Astro Way', '65', 'Richardson', 'TX', '75080', 658),
('992315967', 'Ivy', 'J', 'Martinez', 'F', '7/14/2021', '4574', 'Orbit Dr', '344', 'Richardson', 'TX', '75050', 184),
('992677232', 'Alice', 'D', 'Smith', 'M', '5/25/2022', '2155', 'Galaxy Blvd', '203', 'Richardson', 'TX', '75076', 263),
('992888150', 'Carol', 'A', 'Brown', 'M', '9/21/2021', '3003', 'Galaxy Blvd', '121', 'Richardson', 'TX', '75024', 992),
('997926025', 'Carol', 'H', 'Brown', 'F', '4/22/2021', '3540', 'Orbit Dr', '214', 'Richardson', 'TX', '75039', 927);

-- --------------------------------------------------------

--
-- Table structure for table `Professor`
--

CREATE TABLE `Professor` (
  `ProfessorSSN` char(9) NOT NULL,
  `PPhone` varchar(10) DEFAULT NULL,
  `Salary` decimal(10,2) NOT NULL,
  `Office_Location` varchar(50) DEFAULT NULL,
  `Office_Hrs` text DEFAULT NULL,
  `Department` varchar(50) DEFAULT NULL
) ENGINE=InnoDB DEFAULT CHARSET=utf8mb4 COLLATE=utf8mb4_general_ci;

--
-- Dumping data for table `Professor`
--

INSERT INTO `Professor` (`ProfessorSSN`, `PPhone`, `Salary`, `Office_Location`, `Office_Hrs`, `Department`) VALUES
('100000000', '0000000000', 0.00, 'N/A', 'N/A', 'Computer Science'),
('100000001', '0000000000', 0.00, 'N/A', 'N/A', 'Computer Science'),
('117316167', '8380990669', 110717.48, 'ECSN 3.338', 'F 9-11 AM', 'Computer Science'),
('256694928', '3557167882', 147410.05, 'ECSN 4.403', 'TR 11-13 AM', 'Computer Science'),
('306132758', '3414607925', 94991.51, 'ECSN 2.475', 'F 11-13 AM', 'Computer Science'),
('360662923', '8739722534', 141368.87, 'ECSS 4.700', 'F 9-11 AM', 'Computer Science'),
('423949264', '6727356203', 80804.88, 'ECSW 3.778', 'MW 1-3 AM', 'Computer Science'),
('476540924', '3129969996', 115634.64, 'ECSN 3.428', 'TR 2-4 AM', 'Computer Science'),
('601765707', '9934467807', 82221.04, 'ECSN 3.624', 'TR 10-12 AM', 'Computer Science'),
('627815400', '0975834927', 112040.18, 'ECSS 4.281', 'F 10-12 AM', 'Computer Science'),
('632151738', '0269698847', 114231.29, 'ECSW 4.906', 'F 10-12 AM', 'Computer Science'),
('672157538', '5845383976', 98164.56, 'ECSW 2.507', 'MW 3-5 AM', 'Computer Science'),
('723893318', '7455494880', 117684.02, 'ECSN 3.598', 'MW 10-12 AM', 'Computer Science'),
('764551079', '5452312363', 141335.34, 'ECSS 4.477', 'MW 9-11 AM', 'Computer Science'),
('770545107', '4078674726', 131029.55, 'ECSW 3.544', 'F 10-12 AM', 'Computer Science'),
('842341927', '8278228127', 148784.74, 'ECSS 2.569', 'MW 2-4 AM', 'Computer Science'),
('856634553', '6920910731', 89110.58, 'ECSW 2.905', 'MW 3-5 AM', 'Computer Science'),
('900128846', '4588549445', 141678.11, 'ECSS 3.592', 'TR 2-4 AM', 'Computer Science'),
('910020692', '9307958695', 129864.39, 'ECSS 4.700', 'TR 2-4 AM', 'Computer Science'),
('936088867', '8645656531', 97145.26, 'ECSS 2.681', 'TR 10-12 AM', 'Computer Science');

-- --------------------------------------------------------

--
-- Table structure for table `Registered`
--

CREATE TABLE `Registered` (
  `StudentSSN` char(9) NOT NULL,
  `SectionID` int(11) NOT NULL
) ENGINE=InnoDB DEFAULT CHARSET=utf8mb4 COLLATE=utf8mb4_general_ci;

--
-- Dumping data for table `Registered`
--

INSERT INTO `Registered` (`StudentSSN`, `SectionID`) VALUES
('542536212', 3);

-- --------------------------------------------------------

--
-- Table structure for table `Section`
--

CREATE TABLE `Section` (
  `SectionID` int(11) NOT NULL,
  `SectionNum` int(11) NOT NULL,
  `Subject` varchar(10) NOT NULL,
  `Course_ID` varchar(10) NOT NULL,
  `Location` varchar(50) DEFAULT NULL,
  `S_Info` text DEFAULT NULL,
  `S_Capacity` int(11) NOT NULL DEFAULT 0,
  `Meetings` varchar(50) DEFAULT NOT NULL,
  `start_time` varchar(15) DEFAULT NOT NULL,
  `start_time` varchar(15) DEFAULT NOT NULL,
  `ProfessorSSN` char(9) DEFAULT NULL
) ENGINE=InnoDB DEFAULT CHARSET=utf8mb4 COLLATE=utf8mb4_general_ci;

--
-- Dumping data for table `Section`
--

INSERT INTO `Section` (`SectionID`, `SectionNum`, `Subject`, `Course_ID`, `Location`, `S_Info`, `S_Capacity`, `Meetings`, `start_time`, `end_time`, `ProfessorSSN`) VALUES
(3, 1, 'CS', 'CS 1111', 'GR 2.300', 'Just conducting a test on the add course function', 70, 'Mo We Fr', '9:00 AM', '10:15 AM', '936088867');

-- --------------------------------------------------------

--
-- Table structure for table `Student`
--

CREATE TABLE `Student` (
  `SSN` char(9) NOT NULL,
  `Status` varchar(20) NOT NULL
) ENGINE=InnoDB DEFAULT CHARSET=utf8mb4 COLLATE=utf8mb4_general_ci;

--
-- Dumping data for table `Student`
--

INSERT INTO `Student` (`SSN`, `Status`) VALUES
('100000002', 'Sophomore\r'),
('100000003', 'Dropped\r'),
('100000004', 'Freshman\r'),
('100000005', 'Graduated\r'),
('100000006', 'Freshman\r'),
('100000007', 'Dropped\r'),
('100000008', 'Senior\r'),
('100000009', 'Freshman\r'),
('100000010', 'Junior\r'),
('100000011', 'Junior\r'),
('100000012', 'Dropped\r'),
('100000013', 'Freshman\r'),
('100000014', 'Freshman\r'),
('100000015', 'Graduated\r'),
('100000016', 'Dropped\r'),
('100000017', 'Junior\r'),
('100000018', 'Sophomore\r'),
('100000019', 'Senior\r'),
('100000020', 'Sophomore\r'),
('100000021', 'Dropped\r'),
('100000022', 'Freshman\r'),
('100000023', 'Junior\r'),
('100000024', 'Senior\r'),
('100000025', 'Sophomore\r'),
('100000026', 'Freshman\r'),
('100000027', 'Sophomore\r'),
('100000028', 'Dropped\r'),
('100000029', 'Graduated\r'),
('100000030', 'Graduated\r'),
('100000031', 'Graduated\r'),
('100000032', 'Graduated\r'),
('100000033', 'Sophomore\r'),
('100000034', 'Graduated\r'),
('100000035', 'Senior\r'),
('100000036', 'Sophomore\r'),
('100000037', 'Graduated\r'),
('100000038', 'Junior\r'),
('100000039', 'Junior\r'),
('100000040', 'Junior\r'),
('100000041', 'Senior\r'),
('100000042', 'Freshman\r'),
('100000043', 'Senior\r'),
('100000044', 'Sophomore\r'),
('100000045', 'Sophomore\r'),
('100000046', 'Dropped\r'),
('100000047', 'Dropped\r'),
('100000048', 'Senior\r'),
('100000049', 'Freshman\r'),
('100000050', 'Graduated\r'),
('100000051', 'Freshman\r'),
('100000052', 'Graduated\r'),
('100000053', 'Graduated\r'),
('100000054', 'Dropped\r'),
('100000055', 'Dropped\r'),
('100000056', 'Sophomore\r'),
('100000057', 'Sophomore\r'),
('100000058', 'Dropped\r'),
('100000059', 'Senior\r'),
('100000060', 'Sophomore\r'),
('100000061', 'Sophomore\r'),
('100000062', 'Graduated\r'),
('100000063', 'Freshman\r'),
('100000064', 'Graduated\r'),
('100000065', 'Junior\r'),
('100000066', 'Dropped\r'),
('100000067', 'Graduated\r'),
('100000068', 'Junior\r'),
('100000069', 'Senior\r'),
('100000070', 'Sophomore\r'),
('100000071', 'Senior\r'),
('100000072', 'Senior\r'),
('100000073', 'Senior\r'),
('100000074', 'Senior\r'),
('100000075', 'Graduated\r'),
('100000076', 'Junior\r'),
('100000077', 'Freshman\r'),
('100000078', 'Junior\r'),
('100000079', 'Junior\r'),
('100000080', 'Junior\r'),
('100000081', 'Freshman\r'),
('100000082', 'Sophomore\r'),
('100000083', 'Junior\r'),
('100000084', 'Dropped\r'),
('100000085', 'Sophomore\r'),
('100000086', 'Freshman\r'),
('100000087', 'Graduated\r'),
('100000088', 'Senior\r'),
('100000089', 'Dropped\r'),
('100000090', 'Junior\r'),
('100000091', 'Graduated\r'),
('100000092', 'Sophomore\r'),
('100000093', 'Freshman\r'),
('100000094', 'Dropped\r'),
('100000095', 'Senior\r'),
('100000096', 'Dropped\r'),
('100000097', 'Graduated\r'),
('100000098', 'Sophomore\r'),
('101193188', 'Sophomore\r'),
('101739660', 'Dropped\r'),
('102283760', 'Freshman\r'),
('107110226', 'Junior\r'),
('109730698', 'Dropped\r'),
('113129880', 'Senior\r'),
('113446224', 'Junior\r'),
('114203867', 'Senior\r'),
('115774329', 'Dropped\r'),
('117355142', 'Freshman\r'),
('119669553', 'Freshman\r'),
('119931620', 'Junior\r'),
('120915055', 'Junior\r'),
('122610077', 'Senior\r'),
('122766420', 'Dropped\r'),
('123155514', 'Freshman\r'),
('125220880', 'Dropped\r'),
('126201917', 'Freshman\r'),
('126297191', 'Dropped\r'),
('126902403', 'Junior\r'),
('127440715', 'Graduated\r'),
('127623110', 'Junior\r'),
('129280263', 'Graduated\r'),
('129474045', 'Dropped\r'),
('130849538', 'Junior\r'),
('134245824', 'Sophomore\r'),
('135467474', 'Dropped\r'),
('139620818', 'Dropped\r'),
('139675375', 'Dropped\r'),
('140357503', 'Dropped\r'),
('140504709', 'Junior\r'),
('140514537', 'Senior\r'),
('140854214', 'Sophomore\r'),
('140885336', 'Senior\r'),
('143525711', 'Junior\r'),
('145050736', 'Senior\r'),
('148738946', 'Senior\r'),
('149973719', 'Sophomore\r'),
('150590028', 'Junior\r'),
('153530670', 'Sophomore\r'),
('155022875', 'Senior\r'),
('155884239', 'Dropped\r'),
('156438046', 'Freshman\r'),
('156526146', 'Dropped\r'),
('159057629', 'Freshman\r'),
('159228671', 'Dropped\r'),
('163144477', 'Freshman\r'),
('164683291', 'Graduated\r'),
('165090933', 'Senior\r'),
('166137407', 'Graduated\r'),
('170752202', 'Dropped\r'),
('170915019', 'Junior\r'),
('171799316', 'Graduated\r'),
('172507097', 'Senior\r'),
('172615399', 'Freshman\r'),
('172759481', 'Junior\r'),
('172798883', 'Senior\r'),
('173005297', 'Graduated\r'),
('173346369', 'Freshman\r'),
('174332696', 'Freshman\r'),
('174631601', 'Sophomore\r'),
('175673079', 'Junior\r'),
('175768293', 'Sophomore\r'),
('175992227', 'Sophomore\r'),
('176301316', 'Sophomore\r'),
('177664067', 'Sophomore\r'),
('182466487', 'Sophomore\r'),
('183408154', 'Graduated\r'),
('185164376', 'Senior\r'),
('185437537', 'Dropped\r'),
('186302892', 'Freshman\r'),
('187377213', 'Junior\r'),
('187823540', 'Graduated\r'),
('188522794', 'Freshman\r'),
('188645228', 'Graduated\r'),
('191247014', 'Dropped\r'),
('194417344', 'Senior\r'),
('194548435', 'Dropped\r'),
('196397813', 'Senior\r'),
('197458669', 'Senior\r'),
('197937220', 'Graduated\r'),
('198132165', 'Senior\r'),
('199147070', 'Graduated\r'),
('199727143', 'Senior\r'),
('200311227', 'Freshman\r'),
('200326629', 'Dropped\r'),
('200700144', 'Junior\r'),
('201684871', 'Sophomore\r'),
('202313370', 'Freshman\r'),
('202440930', 'Graduated\r'),
('202448052', 'Sophomore\r'),
('204569801', 'Sophomore\r'),
('204673498', 'Senior\r'),
('208221954', 'Senior\r'),
('208560084', 'Junior\r'),
('209345817', 'Senior\r'),
('212932310', 'Junior\r'),
('213046640', 'Sophomore\r'),
('213910249', 'Dropped\r'),
('214783445', 'Sophomore\r'),
('219696871', 'Senior\r'),
('220660195', 'Sophomore\r'),
('221268808', 'Junior\r'),
('222025475', 'Sophomore\r'),
('222772332', 'Freshman\r'),
('223383941', 'Senior\r'),
('224163916', 'Dropped\r'),
('224675218', 'Sophomore\r'),
('225683584', 'Sophomore\r'),
('226323832', 'Graduated\r'),
('230419529', 'Junior\r'),
('231748591', 'Senior\r'),
('231865958', 'Freshman\r'),
('232463973', 'Graduated\r'),
('233591784', 'Senior\r'),
('235684437', 'Freshman\r'),
('236904003', 'Sophomore\r'),
('238352398', 'Junior\r'),
('239723563', 'Senior\r'),
('239970027', 'Senior\r'),
('244310583', 'Graduated\r'),
('245120297', 'Graduated\r'),
('246310500', 'Dropped\r'),
('246499922', 'Freshman\r'),
('246613425', 'Graduated\r'),
('247902318', 'Dropped\r'),
('248395736', 'Graduated\r'),
('248946972', 'Dropped\r'),
('249080948', 'Sophomore\r'),
('249430699', 'Dropped\r'),
('249898537', 'Sophomore\r'),
('251880287', 'Senior\r'),
('252628024', 'Sophomore\r'),
('252681093', 'Dropped\r'),
('254162963', 'Senior\r'),
('256215940', 'Graduated\r'),
('256338470', 'Freshman\r'),
('268473315', 'Graduated\r'),
('270848482', 'Junior\r'),
('272062947', 'Junior\r'),
('272348825', 'Dropped\r'),
('273069947', 'Sophomore\r'),
('274293039', 'Dropped\r'),
('275469003', 'Graduated\r'),
('278385512', 'Dropped\r'),
('279162546', 'Graduated\r'),
('283239270', 'Freshman\r'),
('285603712', 'Dropped\r'),
('286814571', 'Senior\r'),
('287768702', 'Sophomore\r'),
('287986033', 'Dropped\r'),
('288234191', 'Graduated\r'),
('288593626', 'Senior\r'),
('288595635', 'Junior\r'),
('289329422', 'Graduated\r'),
('289460316', 'Senior\r'),
('289875157', 'Sophomore\r'),
('290277089', 'Freshman\r'),
('290953684', 'Dropped\r'),
('291301763', 'Graduated\r'),
('293010195', 'Sophomore\r'),
('293186456', 'Junior\r'),
('294163442', 'Graduated\r'),
('295296741', 'Graduated\r'),
('296542833', 'Senior\r'),
('297149847', 'Freshman\r'),
('299279223', 'Graduated\r'),
('300026832', 'Junior\r'),
('300178145', 'Junior\r'),
('304665873', 'Senior\r'),
('305548431', 'Senior\r'),
('305615009', 'Senior\r'),
('306164905', 'Freshman\r'),
('309825939', 'Junior\r'),
('310626467', 'Sophomore\r'),
('311401416', 'Junior\r'),
('313349492', 'Senior\r'),
('313716645', 'Sophomore\r'),
('315727734', 'Dropped\r'),
('315730461', 'Senior\r'),
('315859447', 'Dropped\r'),
('316405161', 'Freshman\r'),
('317026478', 'Senior\r'),
('317423834', 'Dropped\r'),
('318224165', 'Senior\r'),
('318653319', 'Senior\r'),
('321518394', 'Senior\r'),
('322635152', 'Graduated\r'),
('322731832', 'Dropped\r'),
('325266190', 'Senior\r'),
('327094002', 'Freshman\r'),
('327476774', 'Junior\r'),
('328297191', 'Graduated\r'),
('328304786', 'Graduated\r'),
('329661340', 'Graduated\r'),
('331433842', 'Freshman\r'),
('335306418', 'Senior\r'),
('335667229', 'Junior\r'),
('338354016', 'Senior\r'),
('338638698', 'Graduated\r'),
('339113928', 'Graduated\r'),
('339708300', 'Graduated\r'),
('340433888', 'Sophomore\r'),
('344954523', 'Sophomore\r'),
('347842732', 'Dropped\r'),
('348188268', 'Dropped\r'),
('348996489', 'Dropped\r'),
('350825420', 'Sophomore\r'),
('350916127', 'Junior\r'),
('351166872', 'Junior\r'),
('351694746', 'Dropped\r'),
('352674156', 'Graduated\r'),
('354735680', 'Sophomore\r'),
('354894823', 'Graduated\r'),
('354896138', 'Freshman\r'),
('354976571', 'Freshman\r'),
('359196383', 'Junior\r'),
('359578474', 'Senior\r'),
('360696328', 'Freshman\r'),
('360724385', 'Sophomore\r'),
('360845038', 'Junior\r'),
('360937419', 'Sophomore\r'),
('361400779', 'Sophomore\r'),
('364395136', 'Sophomore\r'),
('365328759', 'Sophomore\r'),
('368852692', 'Junior\r'),
('370375018', 'Senior\r'),
('370546816', 'Junior\r'),
('371408622', 'Junior\r'),
('371770700', 'Freshman\r'),
('372414748', 'Graduated\r'),
('372736581', 'Sophomore\r'),
('372745862', 'Dropped\r'),
('375352489', 'Dropped\r'),
('376226153', 'Sophomore\r'),
('376664011', 'Freshman\r'),
('377199028', 'Freshman\r'),
('377839834', 'Dropped\r'),
('378099207', 'Sophomore\r'),
('378100947', 'Senior\r'),
('378688376', 'Freshman\r'),
('378989510', 'Junior\r'),
('379308077', 'Dropped\r'),
('380068897', 'Junior\r'),
('380576265', 'Dropped\r'),
('380910782', 'Dropped\r'),
('381627527', 'Freshman\r'),
('381743739', 'Junior\r'),
('382309263', 'Graduated\r'),
('382344942', 'Junior\r'),
('382992890', 'Sophomore\r'),
('383669257', 'Graduated\r'),
('384921160', 'Junior\r'),
('385332923', 'Senior\r'),
('386707720', 'Junior\r'),
('387564166', 'Junior\r'),
('387611836', 'Sophomore\r'),
('387675834', 'Sophomore\r'),
('388211450', 'Senior\r'),
('390538610', 'Senior\r'),
('390716057', 'Freshman\r'),
('390818213', 'Sophomore\r'),
('392661016', 'Junior\r'),
('392926531', 'Freshman\r'),
('394365269', 'Sophomore\r'),
('396683565', 'Sophomore\r'),
('397267491', 'Graduated\r'),
('397874025', 'Junior\r'),
('398186645', 'Freshman\r'),
('398241407', 'Graduated\r'),
('398790005', 'Sophomore\r'),
('399265425', 'Graduated\r'),
('399433889', 'Freshman\r'),
('400536409', 'Sophomore\r'),
('403181647', 'Junior\r'),
('405644051', 'Freshman\r'),
('406730036', 'Senior\r'),
('407746958', 'Graduated\r'),
('408879995', 'Freshman\r'),
('411620820', 'Freshman\r'),
('412722540', 'Freshman\r'),
('415343665', 'Freshman\r'),
('415718967', 'Freshman\r'),
('416892316', 'Freshman\r'),
('418256535', 'Junior\r'),
('418461660', 'Dropped\r'),
('418483364', 'Freshman\r'),
('418617026', 'Senior\r'),
('420861378', 'Freshman\r'),
('420943618', 'Junior\r'),
('421168155', 'Freshman\r'),
('421176673', 'Dropped\r'),
('421550895', 'Senior\r'),
('422039599', 'Junior\r'),
('422926638', 'Senior\r'),
('423003161', 'Graduated\r'),
('424527880', 'Sophomore\r'),
('426920038', 'Graduated\r'),
('427362965', 'Freshman\r'),
('427441052', 'Freshman\r'),
('428474999', 'Sophomore\r'),
('431903294', 'Senior\r'),
('432790588', 'Senior\r'),
('433200315', 'Graduated\r'),
('434921694', 'Sophomore\r'),
('435837039', 'Dropped\r'),
('438701890', 'Dropped\r'),
('439516495', 'Freshman\r'),
('444199247', 'Graduated\r'),
('444364698', 'Dropped\r'),
('444794052', 'Junior\r'),
('446449911', 'Dropped\r'),
('448517496', 'Freshman\r'),
('448757944', 'Freshman\r'),
('448950483', 'Freshman\r'),
('450010674', 'Senior\r'),
('450195244', 'Junior\r'),
('451218285', 'Dropped\r'),
('452026043', 'Freshman\r'),
('452066640', 'Freshman\r'),
('452186693', 'Senior\r'),
('452353461', 'Junior\r'),
('454374104', 'Sophomore\r'),
('455496409', 'Senior\r'),
('455628746', 'Sophomore\r'),
('456341239', 'Dropped\r'),
('456744286', 'Junior\r'),
('457703052', 'Senior\r'),
('457743532', 'Junior\r'),
('458509960', 'Sophomore\r'),
('459155804', 'Graduated\r'),
('459333929', 'Dropped\r'),
('459870631', 'Graduated\r'),
('460841569', 'Senior\r'),
('461444858', 'Junior\r'),
('463885038', 'Freshman\r'),
('464786411', 'Junior\r'),
('464987893', 'Freshman\r'),
('465507294', 'Junior\r'),
('465735607', 'Junior\r'),
('468496763', 'Dropped\r'),
('469182121', 'Senior\r'),
('469430660', 'Sophomore\r'),
('469554539', 'Senior\r'),
('472021651', 'Junior\r'),
('472427205', 'Dropped\r'),
('478532241', 'Junior\r'),
('479364124', 'Sophomore\r'),
('479632461', 'Senior\r'),
('480134868', 'Freshman\r'),
('481585099', 'Dropped\r'),
('481870443', 'Dropped\r'),
('483166548', 'Sophomore\r'),
('484315908', 'Freshman\r'),
('487452265', 'Sophomore\r'),
('487456546', 'Freshman\r'),
('489757320', 'Freshman\r'),
('489953771', 'Freshman\r'),
('490512206', 'Junior\r'),
('490512774', 'Dropped\r'),
('491523061', 'Dropped\r'),
('492199490', 'Freshman\r'),
('492303831', 'Graduated\r'),
('492915814', 'Sophomore\r'),
('492965119', 'Sophomore\r'),
('493112501', 'Graduated\r'),
('493184669', 'Senior\r'),
('496644618', 'Senior\r'),
('497423343', 'Dropped\r'),
('498274608', 'Freshman\r'),
('499812945', 'Sophomore\r'),
('500019392', 'Junior\r'),
('501266473', 'Freshman\r'),
('502366097', 'Freshman\r'),
('504448684', 'Junior\r'),
('506083695', 'Junior\r'),
('506902216', 'Freshman\r'),
('507461788', 'Junior\r'),
('508046778', 'Dropped\r'),
('508175756', 'Sophomore\r'),
('508652510', 'Freshman\r'),
('508700448', 'Graduated\r'),
('509240053', 'Senior\r'),
('509690476', 'Senior\r'),
('509736956', 'Freshman\r'),
('511379958', 'Dropped\r'),
('511830307', 'Freshman\r'),
('512038250', 'Sophomore\r'),
('512679911', 'Freshman\r'),
('513973005', 'Freshman\r'),
('514086103', 'Junior\r'),
('514515992', 'Senior\r'),
('515307307', 'Freshman\r'),
('515366444', 'Dropped\r'),
('515957515', 'Senior\r'),
('518135220', 'Senior\r'),
('519233506', 'Graduated\r'),
('521254384', 'Senior\r'),
('523698157', 'Graduated\r'),
('524078148', 'Sophomore\r'),
('524160345', 'Junior\r'),
('525204661', 'Senior\r'),
('525268183', 'Freshman\r'),
('527064819', 'Dropped\r'),
('528602885', 'Sophomore\r'),
('531962051', 'Senior\r'),
('532010062', 'Freshman\r'),
('532373775', 'Junior\r'),
('532823545', 'Senior\r'),
('533603124', 'Dropped\r'),
('535585025', 'Graduated\r'),
('536540870', 'Sophomore\r'),
('536887669', 'Sophomore\r'),
('537163809', 'Graduated\r'),
('538279222', 'Sophomore\r'),
('538711442', 'Senior\r'),
('540421525', 'Senior\r'),
('540566016', 'Freshman\r'),
('541880068', 'Freshman\r'),
('541893793', 'Sophomore\r'),
('542384857', 'Senior\r'),
('542536212', 'Graduated\r'),
('543468696', 'Junior\r'),
('545254572', 'Senior\r'),
('545649191', 'Senior\r'),
('545686211', 'Dropped\r'),
('545726850', 'Graduated\r'),
('546222657', 'Graduated\r'),
('546664614', 'Graduated\r'),
('546964605', 'Freshman\r'),
('547635042', 'Senior\r'),
('548952570', 'Sophomore\r'),
('550141983', 'Dropped\r'),
('551041612', 'Senior\r'),
('551230821', 'Dropped\r'),
('552297348', 'Graduated\r'),
('552411116', 'Freshman\r'),
('552839373', 'Freshman\r'),
('553115802', 'Senior\r'),
('553827906', 'Freshman\r'),
('555638528', 'Junior\r'),
('555794856', 'Graduated\r'),
('555946347', 'Graduated\r'),
('556795788', 'Graduated\r'),
('557024415', 'Junior\r'),
('557548716', 'Sophomore\r'),
('557793935', 'Freshman\r'),
('557935007', 'Junior\r'),
('558020914', 'Freshman\r'),
('559519684', 'Freshman\r'),
('560458287', 'Junior\r'),
('562361311', 'Dropped\r'),
('562898293', 'Graduated\r'),
('563951297', 'Junior\r'),
('564813482', 'Sophomore\r'),
('567401867', 'Senior\r'),
('567424996', 'Freshman\r'),
('568629556', 'Junior\r'),
('568885552', 'Freshman\r'),
('569317071', 'Freshman\r'),
('569379641', 'Freshman\r'),
('569423933', 'Graduated\r'),
('569709267', 'Dropped\r'),
('571243192', 'Senior\r'),
('571320781', 'Graduated\r'),
('571673439', 'Senior\r'),
('572224617', 'Graduated\r'),
('574300329', 'Senior\r'),
('575250883', 'Graduated\r'),
('576687226', 'Graduated\r'),
('576714281', 'Sophomore\r'),
('577221295', 'Freshman\r'),
('577483577', 'Junior\r'),
('578425364', 'Junior\r'),
('578896162', 'Dropped\r'),
('579406719', 'Senior\r'),
('581097716', 'Sophomore\r'),
('584937760', 'Junior\r'),
('586537724', 'Sophomore\r'),
('586864135', 'Sophomore\r'),
('586894827', 'Dropped\r'),
('587348156', 'Senior\r'),
('589805086', 'Graduated\r'),
('592515220', 'Freshman\r'),
('592694106', 'Dropped\r'),
('594735641', 'Junior\r'),
('596087488', 'Freshman\r'),
('596877282', 'Freshman\r'),
('597091595', 'Senior\r'),
('597574672', 'Junior\r'),
('598032398', 'Graduated\r'),
('598157287', 'Sophomore\r'),
('599212518', 'Senior\r'),
('599489305', 'Senior\r'),
('600016458', 'Dropped\r'),
('602696012', 'Dropped\r'),
('605425137', 'Senior\r'),
('606978642', 'Junior\r'),
('607152926', 'Freshman\r'),
('607222274', 'Senior\r'),
('607818708', 'Graduated\r'),
('608651863', 'Junior\r'),
('609492883', 'Graduated\r'),
('610363248', 'Dropped\r'),
('610807352', 'Junior\r'),
('612632242', 'Graduated\r'),
('613091281', 'Sophomore\r'),
('614231199', 'Dropped\r'),
('616819312', 'Graduated\r'),
('617819228', 'Sophomore\r'),
('618045282', 'Graduated\r'),
('619319418', 'Junior\r'),
('619554042', 'Junior\r'),
('621493035', 'Graduated\r'),
('622244780', 'Graduated\r'),
('622507523', 'Graduated\r'),
('622966093', 'Freshman\r'),
('623463642', 'Sophomore\r'),
('626067603', 'Freshman\r'),
('626176346', 'Sophomore\r'),
('626390105', 'Sophomore\r'),
('627311685', 'Graduated\r'),
('627362409', 'Junior\r'),
('627517641', 'Dropped\r'),
('628758312', 'Freshman\r'),
('629067319', 'Senior\r'),
('630144281', 'Sophomore\r'),
('630763594', 'Freshman\r'),
('632058071', 'Freshman\r'),
('632698840', 'Sophomore\r'),
('634276401', 'Freshman\r'),
('634577579', 'Senior\r'),
('635926566', 'Senior\r'),
('637015424', 'Graduated\r'),
('638029666', 'Freshman\r'),
('639158373', 'Graduated\r'),
('639433342', 'Sophomore\r'),
('641748253', 'Sophomore\r'),
('642064066', 'Junior\r'),
('643323582', 'Senior\r'),
('643940275', 'Junior\r'),
('643941209', 'Dropped\r'),
('644201171', 'Graduated\r'),
('645926739', 'Graduated\r'),
('647506395', 'Dropped\r'),
('649526960', 'Senior\r'),
('651384401', 'Graduated\r'),
('651780571', 'Freshman\r'),
('652611160', 'Senior\r'),
('653139111', 'Freshman\r'),
('653796008', 'Graduated\r'),
('654609222', 'Graduated\r'),
('655410585', 'Dropped\r'),
('655470897', 'Graduated\r'),
('655500756', 'Junior\r'),
('656843612', 'Graduated\r'),
('657500988', 'Freshman\r'),
('657564362', 'Senior\r'),
('659413809', 'Graduated\r'),
('660296604', 'Dropped\r'),
('660809440', 'Sophomore\r'),
('664982578', 'Dropped\r'),
('665084529', 'Junior\r'),
('665782379', 'Freshman\r'),
('665866163', 'Sophomore\r'),
('666849402', 'Senior\r'),
('667047595', 'Sophomore\r'),
('667242478', 'Senior\r'),
('669393590', 'Junior\r'),
('670178227', 'Senior\r'),
('672131534', 'Dropped\r'),
('673535978', 'Freshman\r'),
('673823620', 'Junior\r'),
('675078454', 'Graduated\r'),
('675345800', 'Senior\r'),
('675981741', 'Freshman\r'),
('679411264', 'Graduated\r'),
('681019725', 'Dropped\r'),
('684634282', 'Sophomore\r'),
('684848478', 'Graduated\r'),
('686895345', 'Graduated\r'),
('688615296', 'Senior\r'),
('688777625', 'Junior\r'),
('689586330', 'Graduated\r'),
('690275357', 'Sophomore\r'),
('690651636', 'Dropped\r'),
('691369051', 'Graduated\r'),
('692505615', 'Graduated\r'),
('693105427', 'Freshman\r'),
('693959601', 'Freshman\r'),
('695317014', 'Junior\r'),
('695437289', 'Senior\r'),
('695459820', 'Sophomore\r'),
('695769552', 'Freshman\r'),
('696379272', 'Freshman\r'),
('697479426', 'Junior\r'),
('699678615', 'Freshman\r'),
('700696802', 'Junior\r'),
('702699563', 'Sophomore\r'),
('702951002', 'Junior\r'),
('703371040', 'Sophomore\r'),
('704371183', 'Dropped\r'),
('704418877', 'Graduated\r'),
('705281293', 'Freshman\r'),
('705384871', 'Sophomore\r'),
('705919886', 'Senior\r'),
('706572534', 'Sophomore\r'),
('707493216', 'Dropped\r'),
('708666525', 'Freshman\r'),
('709205744', 'Graduated\r'),
('709464906', 'Freshman\r'),
('710143224', 'Junior\r'),
('711096461', 'Freshman\r'),
('712848348', 'Sophomore\r'),
('713710184', 'Junior\r'),
('713964741', 'Dropped\r'),
('714516838', 'Freshman\r'),
('717034347', 'Senior\r'),
('717232379', 'Freshman\r'),
('717760785', 'Sophomore\r'),
('717996677', 'Sophomore\r'),
('719207995', 'Dropped\r'),
('721899056', 'Dropped\r'),
('724134517', 'Freshman\r'),
('726172298', 'Junior\r'),
('727209592', 'Junior\r'),
('728533392', 'Senior\r'),
('730232380', 'Graduated\r'),
('730822342', 'Dropped\r'),
('731921613', 'Sophomore\r'),
('731941847', 'Sophomore\r'),
('732002800', 'Dropped\r'),
('732191692', 'Graduated\r'),
('733700590', 'Graduated\r'),
('734381336', 'Sophomore\r'),
('734475637', 'Graduated\r'),
('735366050', 'Dropped\r'),
('736252074', 'Freshman\r'),
('737182473', 'Sophomore\r'),
('738787985', 'Senior\r'),
('743234410', 'Sophomore\r'),
('744675232', 'Dropped\r'),
('746423780', 'Graduated\r'),
('747380244', 'Graduated\r'),
('749894730', 'Junior\r'),
('749942194', 'Sophomore\r'),
('750176742', 'Freshman\r'),
('750793970', 'Senior\r'),
('751972468', 'Junior\r'),
('756676077', 'Dropped\r'),
('758496807', 'Senior\r'),
('759603011', 'Dropped\r'),
('760821508', 'Sophomore\r'),
('763508124', 'Freshman\r'),
('763845353', 'Senior\r'),
('764007942', 'Senior\r'),
('767348248', 'Sophomore\r'),
('768048671', 'Sophomore\r'),
('768332960', 'Graduated\r'),
('769085819', 'Dropped\r'),
('771769527', 'Junior\r'),
('772580855', 'Freshman\r'),
('773852123', 'Dropped\r'),
('773993718', 'Freshman\r'),
('774550255', 'Dropped\r'),
('774811004', 'Sophomore\r'),
('775632900', 'Junior\r'),
('775699667', 'Sophomore\r'),
('775852716', 'Sophomore\r'),
('780161480', 'Junior\r'),
('784151492', 'Junior\r'),
('784358717', 'Graduated\r'),
('785418685', 'Dropped\r'),
('785725811', 'Sophomore\r'),
('786041237', 'Dropped\r'),
('787354962', 'Freshman\r'),
('787560780', 'Junior\r'),
('789059957', 'Junior\r'),
('789244692', 'Dropped\r'),
('789313016', 'Freshman\r'),
('789471894', 'Dropped\r'),
('792385108', 'Senior\r'),
('792516743', 'Senior\r'),
('792693264', 'Dropped\r'),
('796693260', 'Junior\r'),
('796710786', 'Junior\r'),
('796740966', 'Graduated\r'),
('797964938', 'Senior\r'),
('798092785', 'Dropped\r'),
('798378606', 'Junior\r'),
('799907038', 'Graduated\r'),
('801414156', 'Senior\r'),
('802730088', 'Senior\r'),
('804055173', 'Freshman\r'),
('806336128', 'Freshman\r'),
('806708098', 'Graduated\r'),
('806990222', 'Freshman\r'),
('807783937', 'Freshman\r'),
('808966474', 'Senior\r'),
('809227630', 'Freshman\r'),
('810893430', 'Junior\r'),
('811579203', 'Senior\r'),
('811705918', 'Freshman\r'),
('815498989', 'Sophomore\r'),
('816334009', 'Graduated\r'),
('816946341', 'Graduated\r'),
('817303771', 'Dropped\r'),
('817949260', 'Senior\r'),
('818021944', 'Graduated\r'),
('818977738', 'Freshman\r'),
('820299962', 'Graduated\r'),
('820310423', 'Senior\r'),
('821230172', 'Junior\r'),
('823810119', 'Senior\r'),
('824566824', 'Graduated\r'),
('826354697', 'Freshman\r'),
('827264059', 'Dropped\r'),
('828130093', 'Junior\r'),
('829954517', 'Sophomore\r'),
('833125144', 'Graduated\r'),
('834112233', 'Sophomore\r'),
('834118527', 'Senior\r'),
('834932210', 'Freshman\r'),
('837349019', 'Graduated\r'),
('837765707', 'Sophomore\r'),
('841368422', 'Senior\r'),
('842727338', 'Junior\r'),
('843456677', 'Dropped\r'),
('843504044', 'Freshman\r'),
('843683820', 'Dropped\r'),
('845761039', 'Junior\r'),
('845842315', 'Graduated\r'),
('846285935', 'Dropped\r'),
('846802993', 'Freshman\r'),
('846986397', 'Junior\r'),
('847262215', 'Freshman\r'),
('848463319', 'Sophomore\r'),
('848500860', 'Freshman\r'),
('850748445', 'Dropped\r'),
('853677263', 'Freshman\r'),
('854481856', 'Freshman\r'),
('854562728', 'Freshman\r'),
('854602537', 'Sophomore\r'),
('854960070', 'Senior\r'),
('855319285', 'Junior\r'),
('855786372', 'Dropped\r'),
('857149319', 'Dropped\r'),
('857184401', 'Graduated\r'),
('857940763', 'Freshman\r'),
('857969521', 'Freshman\r'),
('858237987', 'Dropped\r'),
('858977303', 'Junior\r'),
('859707809', 'Sophomore\r'),
('860135887', 'Dropped\r'),
('860738998', 'Graduated\r'),
('860858292', 'Graduated\r'),
('863327710', 'Sophomore\r'),
('863425755', 'Dropped\r'),
('863861244', 'Dropped\r'),
('865728004', 'Senior\r'),
('865941906', 'Sophomore\r'),
('868356701', 'Graduated\r'),
('869974689', 'Dropped\r'),
('870542815', 'Freshman\r'),
('871575955', 'Senior\r'),
('872197714', 'Sophomore\r'),
('872400342', 'Sophomore\r'),
('872890293', 'Sophomore\r'),
('873784666', 'Senior\r'),
('875217551', 'Senior\r'),
('877831367', 'Junior\r'),
('878113706', 'Graduated\r'),
('878686104', 'Dropped\r'),
('878784565', 'Senior\r'),
('878803525', 'Junior\r'),
('885256329', 'Junior\r'),
('885740203', 'Dropped\r'),
('887079062', 'Graduated\r'),
('894194477', 'Sophomore\r'),
('894584013', 'Dropped\r'),
('895629150', 'Junior\r'),
('896453458', 'Dropped\r'),
('903552170', 'Graduated\r'),
('903587690', 'Freshman\r'),
('905807520', 'Freshman\r'),
('907934014', 'Senior\r'),
('907951242', 'Dropped\r'),
('907966255', 'Senior\r'),
('910024652', 'Dropped\r'),
('911614083', 'Sophomore\r'),
('911971956', 'Junior\r'),
('912615981', 'Senior\r'),
('912730850', 'Freshman\r'),
('912841141', 'Dropped\r'),
('913261728', 'Graduated\r'),
('913825748', 'Junior\r'),
('914408084', 'Junior\r'),
('915440837', 'Dropped\r'),
('915553981', 'Dropped\r'),
('916952800', 'Graduated\r'),
('917119093', 'Sophomore\r'),
('917134528', 'Senior\r'),
('918163362', 'Senior\r'),
('918394307', 'Dropped\r'),
('920002561', 'Graduated\r'),
('920150314', 'Sophomore\r'),
('920850538', 'Freshman\r'),
('922625532', 'Graduated\r'),
('925018754', 'Junior\r'),
('927304408', 'Freshman\r'),
('927626135', 'Freshman\r'),
('929699153', 'Graduated\r'),
('929736750', 'Sophomore\r'),
('930901196', 'Freshman\r'),
('931138684', 'Junior\r'),
('931829666', 'Sophomore\r'),
('932555948', 'Junior\r'),
('932770935', 'Junior\r'),
('935311638', 'Junior\r'),
('936096402', 'Junior\r'),
('936650072', 'Junior\r'),
('937564802', 'Dropped\r'),
('939171260', 'Graduated\r'),
('939233821', 'Senior\r'),
('940867683', 'Junior\r'),
('941330580', 'Senior\r'),
('941338455', 'Sophomore\r'),
('944318588', 'Senior\r'),
('944480866', 'Freshman\r'),
('945332547', 'Freshman\r'),
('945623225', 'Sophomore\r'),
('946552908', 'Graduated\r'),
('946556527', 'Sophomore\r'),
('947378132', 'Senior\r'),
('948088395', 'Junior\r'),
('949654912', 'Freshman\r'),
('950296005', 'Sophomore\r'),
('950907610', 'Freshman\r'),
('951297565', 'Sophomore\r'),
('951367056', 'Senior\r'),
('951402384', 'Sophomore\r'),
('951667280', 'Graduated\r'),
('954328143', 'Freshman\r'),
('954729948', 'Senior\r'),
('959151452', 'Junior\r'),
('959441262', 'Junior\r'),
('961243520', 'Dropped\r'),
('962003519', 'Senior\r'),
('962139099', 'Freshman\r'),
('964885267', 'Senior\r'),
('967195265', 'Sophomore\r'),
('968684148', 'Dropped\r'),
('968805149', 'Sophomore\r'),
('968964215', 'Senior\r'),
('969182868', 'Sophomore\r'),
('969872661', 'Senior\r'),
('971003255', 'Senior\r'),
('972109917', 'Freshman\r'),
('974650131', 'Junior\r'),
('976061078', 'Junior\r'),
('976178206', 'Sophomore\r'),
('976248110', 'Dropped\r'),
('977618865', 'Senior\r'),
('978250576', 'Graduated\r'),
('978950152', 'Junior\r'),
('979347367', 'Junior\r'),
('979966424', 'Dropped\r'),
('980343898', 'Graduated\r'),
('981066616', 'Dropped\r'),
('981073463', 'Junior\r'),
('984951643', 'Dropped\r'),
('985075643', 'Senior\r'),
('985381569', 'Graduated\r'),
('986741551', 'Dropped\r'),
('987260886', 'Freshman\r'),
('988405591', 'Dropped\r'),
('989610007', 'Senior\r'),
('989916266', 'Freshman\r'),
('992249922', 'Freshman\r'),
('992315967', 'Senior\r'),
('992677232', 'Dropped\r'),
('992888150', 'Senior\r'),
('997926025', 'Senior\r');

-- --------------------------------------------------------

--
-- Table structure for table `Transcript`
--

CREATE TABLE `Transcript` (
  `StudentSSN` char(9) NOT NULL,
  `SectionID` int(11) NOT NULL,
  `Grade` varchar(2) DEFAULT NULL
) ENGINE=InnoDB DEFAULT CHARSET=utf8mb4 COLLATE=utf8mb4_general_ci;

-- --------------------------------------------------------

--
-- Table structure for table `User`
--

CREATE TABLE `User` (
  `UserID` int(11) NOT NULL,
  `School_Email` varchar(50) NOT NULL,
  `Password` varchar(20) NOT NULL,
  `Date_Created` datetime NOT NULL DEFAULT current_timestamp()
) ENGINE=InnoDB DEFAULT CHARSET=utf8mb4 COLLATE=utf8mb4_general_ci;

--
-- Dumping data for table `User`
--

INSERT INTO `User` (`UserID`, `School_Email`, `Password`, `Date_Created`) VALUES
(1, 'jag1@utdallas.edu', '7H+e(wUUvGaL', '2021-12-13 00:00:00'),
(2, 'agg2@utdallas.edu', 'U5Ja9RL5erg!', '2023-05-24 00:00:00'),
(3, 'hjs3@utdallas.edu', 'DOa=VE+Uc%DE', '2024-02-18 00:00:00'),
(4, 'icj4@utdallas.edu', 'b!CupUZA+@Oa', '2020-11-23 00:00:00'),
(5, 'bgs5@utdallas.edu', 'qxeKgQKJ2new', '2019-02-05 00:00:00'),
(6, 'bcm6@utdallas.edu', 'VB-2ea_xqJW0', '2021-01-15 00:00:00'),
(7, 'ddg7@utdallas.edu', '!v#64aEKQKlO', '2019-04-06 00:00:00'),
(8, 'aaj8@utdallas.edu', '&7RhQ^EUKMMy', '2024-08-21 00:00:00'),
(9, 'gcm9@utdallas.edu', 'UUcrjL7L#9ca', '2024-02-11 00:00:00'),
(10, 'eim10@utdallas.edu', 'jqnOu8)CJtUf', '2024-02-14 00:00:00'),
(11, 'cfb11@utdallas.edu', 'Qt1xq#+EifLo', '2021-09-11 00:00:00'),
(12, 'bid12@utdallas.edu', '#suh#$Bl7(lu', '2022-10-28 00:00:00'),
(13, 'chm13@utdallas.edu', 'lD$Ie0YxJzFI', '2023-03-07 00:00:00'),
(14, 'hjw14@utdallas.edu', 'GkXFhriiaDYO', '2021-08-07 00:00:00'),
(15, 'gbd15@utdallas.edu', 'PPIz_3=vVVYp', '2021-01-30 00:00:00'),
(16, 'bes16@utdallas.edu', 'yKI_eMrZCamX', '2020-08-25 00:00:00'),
(17, 'efm17@utdallas.edu', '$1vZaC(b+Sa@', '2024-05-17 00:00:00'),
(18, 'ggm18@utdallas.edu', '3_&EaZH4v=xW', '2022-04-16 00:00:00'),
(19, 'ged19@utdallas.edu', 'yDCGtNwzu(st', '2022-02-14 00:00:00'),
(20, 'eeb20@utdallas.edu', '%jqmg2wgEjr(', '2024-06-19 00:00:00'),
(21, 'acb21@utdallas.edu', '#t7yejeZQaA)', '2022-05-09 00:00:00'),
(22, 'egw22@utdallas.edu', 'zMTtO8H-n!S5', '2021-04-24 00:00:00'),
(23, 'gdm23@utdallas.edu', 'I$N#gnJCYB14', '2021-10-14 00:00:00'),
(24, 'iaj24@utdallas.edu', 'KZ=LkebWlxd%', '2021-08-16 00:00:00'),
(25, 'acj25@utdallas.edu', '0I&6vyEoLRe4', '2020-10-05 00:00:00'),
(26, 'fdd26@utdallas.edu', 'YiWcz7TAqwLD', '2022-08-09 00:00:00'),
(27, 'ehm27@utdallas.edu', 'mvREzdgHAOC4', '2019-05-18 00:00:00'),
(28, 'jig28@utdallas.edu', '+(C*QAN_GwGE', '2024-04-04 00:00:00'),
(29, 'agm29@utdallas.edu', 'bZARO0=pwSVi', '2021-01-29 00:00:00'),
(30, 'fid30@utdallas.edu', 'dWDT_ZGi-jh7', '2021-10-23 00:00:00'),
(31, 'ibm31@utdallas.edu', 'qnU1Mgv&pn$W', '2019-05-22 00:00:00'),
(32, 'idm32@utdallas.edu', 'zK)U9K7Q&38Z', '2024-04-12 00:00:00'),
(33, 'gds33@utdallas.edu', 'v#_9pBeZCeTm', '2022-06-23 00:00:00'),
(34, 'fdj34@utdallas.edu', '*JggVJQlI0Z_', '2023-08-05 00:00:00'),
(35, 'jjm35@utdallas.edu', 'cUgy&4)oV$pz', '2023-03-14 00:00:00'),
(36, 'dgj36@utdallas.edu', 'Lc5UiF$!$^xw', '2024-10-08 00:00:00'),
(37, 'ijm37@utdallas.edu', 'D*FaMCKgHcRL', '2024-07-21 00:00:00'),
(38, 'abj38@utdallas.edu', 'nsANLYog1iJP', '2024-04-16 00:00:00'),
(39, 'jhg39@utdallas.edu', 'o=ZApa=Gl_P^', '2020-04-05 00:00:00'),
(40, 'dem40@utdallas.edu', ')%62_k(zBhFN', '2021-11-06 00:00:00'),
(41, 'cdl41@utdallas.edu', 'A#B##f!Ev5&^', '2019-05-15 00:00:00'),
(42, 'ics42@utdallas.edu', 'h7=4SpeUv@1k', '2021-06-25 00:00:00'),
(43, 'bjm43@utdallas.edu', 'rrbfp-i!)00*', '2023-02-08 00:00:00'),
(44, 'gds44@utdallas.edu', '9tC&Ecat!bYD', '2024-02-28 00:00:00'),
(45, 'acg45@utdallas.edu', 'jjrNTiPKLjkn', '2022-10-22 00:00:00'),
(46, 'fab46@utdallas.edu', '2bAr(9cuzFXb', '2024-12-30 00:00:00'),
(47, 'jcw47@utdallas.edu', 'Bq-c&ZtQ_c@_', '2023-05-12 00:00:00'),
(48, 'chw48@utdallas.edu', 'QPyI@6f=)Pc%', '2023-11-09 00:00:00'),
(49, 'did49@utdallas.edu', 'p54GE+tXT%(F', '2022-01-17 00:00:00'),
(50, 'iid50@utdallas.edu', 'bz5kDGSrdGll', '2023-03-28 00:00:00'),
(51, 'bhb51@utdallas.edu', '&QUBsC1ZcBJ*', '2021-12-22 00:00:00'),
(52, 'bbl52@utdallas.edu', '6+RGDB5^OQxG', '2023-08-09 00:00:00'),
(53, 'jjb53@utdallas.edu', 'E&6JUisdDCIr', '2021-12-24 00:00:00'),
(54, 'fil54@utdallas.edu', 'cy6TsBFURRKv', '2021-10-04 00:00:00'),
(55, 'bij55@utdallas.edu', '7(NM(r^Oyz^0', '2021-06-25 00:00:00'),
(56, 'hfj56@utdallas.edu', 'EMycATc!tjY%', '2024-01-17 00:00:00'),
(57, 'fim57@utdallas.edu', 'DyS=O1aadnf0', '2024-02-04 00:00:00'),
(58, 'ajm58@utdallas.edu', '*T1d7APFsWxl', '2021-05-24 00:00:00'),
(59, 'fbj59@utdallas.edu', 'rG=@&5S54%0b', '2023-03-27 00:00:00'),
(60, 'iag60@utdallas.edu', 'AFAWunwLGhe%', '2023-08-24 00:00:00'),
(61, 'ibs61@utdallas.edu', '^sPNG4cH2uX!', '2022-04-11 00:00:00'),
(62, 'his62@utdallas.edu', '6)z+&gdW+p9&', '2019-12-31 00:00:00'),
(63, 'cjd63@utdallas.edu', 'xMl5AC5G#a=2', '2022-04-04 00:00:00'),
(64, 'bgm64@utdallas.edu', '=Y39zu!Gabzf', '2023-04-28 00:00:00'),
(65, 'ghd65@utdallas.edu', 'BC4KqIHNU#Vm', '2021-03-09 00:00:00'),
(66, 'aem66@utdallas.edu', 'M^&k28@p^$ag', '2024-04-08 00:00:00'),
(67, 'jel67@utdallas.edu', 'rRftgpJlaT8F', '2021-03-30 00:00:00'),
(68, 'idm68@utdallas.edu', '_gh2d!mnOI=F', '2019-10-23 00:00:00'),
(69, 'ejm69@utdallas.edu', 'lq++EJ@EuYOH', '2021-10-10 00:00:00'),
(70, 'igw70@utdallas.edu', 'b9%7UKUu-v6f', '2024-09-20 00:00:00'),
(71, 'agw71@utdallas.edu', 'zTEMuKH2XW_p', '2019-01-28 00:00:00'),
(72, 'acd72@utdallas.edu', 'kW@W7#1!D*d8', '2022-07-13 00:00:00'),
(73, 'gjj73@utdallas.edu', '&G%pU7UkAbsm', '2020-11-18 00:00:00'),
(74, 'ddd74@utdallas.edu', 'c0l_r-q++yAK', '2021-01-01 00:00:00'),
(75, 'hgj75@utdallas.edu', '_rSFE3tp0HGi', '2024-07-31 00:00:00'),
(76, 'ehm76@utdallas.edu', 'eiOjHwg3FNBW', '2019-09-17 00:00:00'),
(77, 'bds77@utdallas.edu', '*wwfQCe_MVYO', '2023-04-03 00:00:00'),
(78, 'icm78@utdallas.edu', 'NIxW4zev=uWT', '2024-06-14 00:00:00'),
(79, 'bbd79@utdallas.edu', 'ilEbt8#_0g=Q', '2020-03-21 00:00:00'),
(80, 'agd80@utdallas.edu', 'mB3(^Ceo4x2a', '2023-04-02 00:00:00'),
(81, 'bel81@utdallas.edu', '%rOtUHc1&Bh#', '2022-07-11 00:00:00'),
(82, 'hcg82@utdallas.edu', '&$ZQJN_1O=j!', '2021-08-30 00:00:00'),
(83, 'hdm83@utdallas.edu', 's6g@5XUetJGo', '2019-04-08 00:00:00'),
(84, 'bgm84@utdallas.edu', 'jvzq+kVE2UHQ', '2021-08-30 00:00:00'),
(85, 'igw85@utdallas.edu', '+bayEWpUn8k#', '2024-05-24 00:00:00'),
(86, 'bij86@utdallas.edu', 'weZ4foiN0ujS', '2022-01-21 00:00:00'),
(87, 'dij87@utdallas.edu', 'cv2W(!Xye_i=', '2022-03-29 00:00:00'),
(88, 'ifd88@utdallas.edu', '7h#CZQ)cZJhX', '2023-08-21 00:00:00'),
(89, 'cel89@utdallas.edu', 'XqxaDpT*rJk!', '2023-05-09 00:00:00'),
(90, 'dal90@utdallas.edu', 'MFD&SQahlc5S', '2023-05-31 00:00:00'),
(91, 'dcg91@utdallas.edu', 'AwH1v-2$+MhM', '2024-03-30 00:00:00'),
(92, 'feg92@utdallas.edu', 'T+J12Bf5r@H!', '2023-07-09 00:00:00'),
(93, 'jeg93@utdallas.edu', 'tKKlThj-$vlT', '2023-03-11 00:00:00'),
(94, 'bgg94@utdallas.edu', '2yhrZi!7c70(', '2022-09-08 00:00:00'),
(95, 'has95@utdallas.edu', 'pt%_+9v%PAU#', '2022-06-13 00:00:00'),
(96, 'ibj96@utdallas.edu', 'a$%DmHpW*Tl2', '2023-09-25 00:00:00'),
(97, 'hal97@utdallas.edu', '+(66k*Thzme#', '2022-11-14 00:00:00'),
(98, 'afj98@utdallas.edu', 'PO!r@RZf@&HN', '2022-12-19 00:00:00'),
(99, 'hdm99@utdallas.edu', '-V^*HJ1&f3QP', '2021-09-27 00:00:00'),
(100, 'fdb100@utdallas.edu', 'BH7^wig3ZD(R', '2022-11-03 00:00:00'),
(101, 'cjb101@utdallas.edu', 'M$V^IXzoDMR&', '2021-08-09 00:00:00'),
(102, 'gbj102@utdallas.edu', 'WhrwAO+p%M*+', '2023-09-22 00:00:00'),
(103, 'icd103@utdallas.edu', 'vNPZ%58@)&Qu', '2024-07-06 00:00:00'),
(104, 'hfm104@utdallas.edu', '*7j^WDf0!ca1', '2021-11-19 00:00:00'),
(105, 'gbj105@utdallas.edu', '=t+EQ4!TMSK4', '2022-03-26 00:00:00'),
(106, 'ggw106@utdallas.edu', '1#@%#qiJi4Da', '2023-07-30 00:00:00'),
(107, 'bew107@utdallas.edu', '7pefiH(S4aH1', '2022-11-04 00:00:00'),
(108, 'fij108@utdallas.edu', 'rIVswjb4Y@zM', '2019-12-20 00:00:00'),
(109, 'jcs109@utdallas.edu', 'DI+Y^3vhF$=@', '2022-03-11 00:00:00'),
(110, 'jjd110@utdallas.edu', 'A+HcGyeeVjAa', '2022-10-10 00:00:00'),
(111, 'ajb111@utdallas.edu', '*=XruDxBs@pW', '2024-03-14 00:00:00'),
(112, 'eig112@utdallas.edu', 'k2Y&*&dNu^0)', '2022-02-13 00:00:00'),
(113, 'bab113@utdallas.edu', 'WMe!5^fT&#Ya', '2022-05-15 00:00:00'),
(114, 'cbm114@utdallas.edu', 'FmfM)f5Ogl&W', '2022-06-10 00:00:00'),
(115, 'jhs115@utdallas.edu', 'M_fVqEvF+^hF', '2022-01-09 00:00:00'),
(116, 'iab116@utdallas.edu', 'hSqR!QCrplGP', '2022-12-07 00:00:00'),
(117, 'gcl117@utdallas.edu', 'IPPNo166Nem8', '2020-03-14 00:00:00'),
(118, 'cas118@utdallas.edu', '+QT_(@ReO@ni', '2022-12-27 00:00:00'),
(119, 'chj119@utdallas.edu', '&rzzmtJiIStY', '2020-06-05 00:00:00'),
(120, 'ihj120@utdallas.edu', 'IHeI@offn*8n', '2021-03-16 00:00:00'),
(121, 'bib121@utdallas.edu', '1mMPlBX97Lh$', '2024-02-12 00:00:00'),
(122, 'fis122@utdallas.edu', 'oVP$u3KqW$LT', '2022-08-08 00:00:00'),
(123, 'hgb123@utdallas.edu', 'ZHMBD!%8hY^@', '2019-12-03 00:00:00'),
(124, 'hbj124@utdallas.edu', '8^sR=OXjp3@b', '2023-01-27 00:00:00'),
(125, 'dig125@utdallas.edu', '&dsDIJFZJHvl', '2020-02-16 00:00:00'),
(126, 'ias126@utdallas.edu', ')w-SVw=f!1@$', '2019-03-18 00:00:00'),
(127, 'idj127@utdallas.edu', 'l0#TD-rwS9H3', '2024-10-25 00:00:00'),
(128, 'jdj128@utdallas.edu', 'NS&Nsk2Y2Lcd', '2022-09-18 00:00:00'),
(129, 'chm129@utdallas.edu', 'hs1mZu5XXbc_', '2019-09-24 00:00:00'),
(130, 'dgj130@utdallas.edu', '1O!F%%-Ix45&', '2021-10-19 00:00:00'),
(131, 'jhw131@utdallas.edu', 'Jxd8-$_3-OtQ', '2022-07-06 00:00:00'),
(132, 'jjm132@utdallas.edu', 'TW*d1puRh%a=', '2022-11-22 00:00:00'),
(133, 'jfd133@utdallas.edu', 'ftRNE*p^n#Pm', '2024-03-24 00:00:00'),
(134, 'cbl134@utdallas.edu', 'KHbenmcFwB0o', '2021-09-04 00:00:00'),
(135, 'hig135@utdallas.edu', '7lVaskZb!X!O', '2023-03-02 00:00:00'),
(136, 'jcb136@utdallas.edu', 'o!R4aoQod39%', '2024-02-04 00:00:00'),
(137, 'agb137@utdallas.edu', 'R06bdD2ggQvb', '2023-10-10 00:00:00'),
(138, 'fgm138@utdallas.edu', 'E$!QnY5Vfgt#', '2021-01-15 00:00:00'),
(139, 'agd139@utdallas.edu', 'p^u^3C1S*iDT', '2020-09-12 00:00:00'),
(140, 'abw140@utdallas.edu', '%lPGijkhO(rw', '2021-02-23 00:00:00'),
(141, 'dam141@utdallas.edu', 'Bmww2ZtKabit', '2022-02-05 00:00:00'),
(142, 'hdw142@utdallas.edu', 'L$WNGdsaC@8R', '2022-12-04 00:00:00'),
(143, 'ies143@utdallas.edu', 'gu6$To$jb6e=', '2019-04-28 00:00:00'),
(144, 'jhj144@utdallas.edu', 'ncXU1H5r!V+p', '2022-12-14 00:00:00'),
(145, 'fib145@utdallas.edu', 'NMfN4sCR$h@u', '2023-03-15 00:00:00'),
(146, 'aag146@utdallas.edu', 'kL_!nW)fe5%(', '2023-04-05 00:00:00'),
(147, 'hhd147@utdallas.edu', 'XK7f9%$jb)Cu', '2019-11-10 00:00:00'),
(148, 'eim148@utdallas.edu', 'Xp-!ZSt1w(ZY', '2020-12-16 00:00:00'),
(149, 'aim149@utdallas.edu', '#xjhHcq2WQ7b', '2022-05-08 00:00:00'),
(150, 'gjm150@utdallas.edu', 'nDIm-oJq!hvb', '2020-01-31 00:00:00'),
(151, 'iem151@utdallas.edu', '7Fo5(OFNJK@9', '2023-01-25 00:00:00'),
(152, 'fes152@utdallas.edu', '_Q1i*_UIiN+m', '2024-06-03 00:00:00'),
(153, 'jem153@utdallas.edu', 'kd8T5&chaQ5#', '2021-11-15 00:00:00'),
(154, 'ahj154@utdallas.edu', 'cb1!xJ_ASvq)', '2021-11-23 00:00:00'),
(155, 'ggd155@utdallas.edu', 'dFMZau1ot4WD', '2021-12-11 00:00:00'),
(156, 'hel156@utdallas.edu', 'LM=kbkkqnxsx', '2024-01-26 00:00:00'),
(157, 'hgd157@utdallas.edu', 'IanG-WQaM&Nl', '2024-08-22 00:00:00'),
(158, 'jfm158@utdallas.edu', '2R@%UYT$go4i', '2023-07-27 00:00:00'),
(159, 'ghj159@utdallas.edu', '#2_Qz@lreZde', '2023-11-26 00:00:00'),
(160, 'dgm160@utdallas.edu', '8$P@CN-WZ3N6', '2023-03-24 00:00:00'),
(161, 'bim161@utdallas.edu', '@9VKe%S=snlZ', '2019-08-17 00:00:00'),
(162, 'cdl162@utdallas.edu', 'nkb#B-ZI4U$8', '2020-11-20 00:00:00'),
(163, 'gig163@utdallas.edu', 'YK^QMZMRpWm5', '2021-10-16 00:00:00'),
(164, 'hib164@utdallas.edu', 'A0BWm8N9&9Si', '2022-08-12 00:00:00'),
(165, 'bcd165@utdallas.edu', '=cwfC2**GTyL', '2024-10-24 00:00:00'),
(166, 'beb166@utdallas.edu', 'hLtAicDFtebM', '2023-07-06 00:00:00'),
(167, 'eed167@utdallas.edu', 'k^e-7XYj#TwO', '2020-08-18 00:00:00'),
(168, 'hdm168@utdallas.edu', '1Hq$4lzcZZqx', '2024-03-14 00:00:00'),
(169, 'ail169@utdallas.edu', 'iJaXFOKa9-X#', '2021-05-26 00:00:00'),
(170, 'gew170@utdallas.edu', 'OGJ_*5mbJ)Wq', '2023-07-08 00:00:00'),
(171, 'jhm171@utdallas.edu', '&2ou9UZ#rZt8', '2023-08-08 00:00:00'),
(172, 'iem172@utdallas.edu', 'g+t0cW9u3JM-', '2020-02-28 00:00:00'),
(173, 'bfb173@utdallas.edu', 'rHlM2=-!4H5G', '2020-09-28 00:00:00'),
(174, 'cgw174@utdallas.edu', 'aN(J*O_YRX8Z', '2022-02-22 00:00:00'),
(175, 'iam175@utdallas.edu', 'A6MYiY1hiW*l', '2020-10-05 00:00:00'),
(176, 'dbj176@utdallas.edu', 'lIqrS1WkJd^(', '2024-10-12 00:00:00'),
(177, 'jdj177@utdallas.edu', '9nt2SPEQlAVB', '2023-05-16 00:00:00'),
(178, 'efs178@utdallas.edu', 'qA_(rqJibR8I', '2021-04-06 00:00:00'),
(179, 'fbb179@utdallas.edu', 'TVMLcmKUFW%r', '2020-06-11 00:00:00'),
(180, 'adg180@utdallas.edu', '!A$cg8f$95j3', '2023-03-26 00:00:00'),
(181, 'hdm181@utdallas.edu', 'GJr4MbfzDWVB', '2022-04-30 00:00:00'),
(182, 'hjm182@utdallas.edu', 'v37VGJy95PFr', '2021-12-27 00:00:00'),
(183, 'gfb183@utdallas.edu', 'LuHYIGR)e^3V', '2024-09-18 00:00:00'),
(184, 'ijm184@utdallas.edu', 'JW632102zsB3', '2021-08-05 00:00:00'),
(185, 'agb185@utdallas.edu', ')JpjMG+70hg^', '2022-07-12 00:00:00'),
(186, 'abm186@utdallas.edu', '@+#kn1$iqFik', '2023-02-09 00:00:00'),
(187, 'edw187@utdallas.edu', 'j14j6nHt7W)p', '2024-07-03 00:00:00'),
(188, 'gcb188@utdallas.edu', 'Klzd$z+xuctN', '2022-06-22 00:00:00'),
(189, 'gbg189@utdallas.edu', 'a1^T_X2XlF@s', '2020-01-19 00:00:00'),
(190, 'faj190@utdallas.edu', 'Aw*lo*0GIyRy', '2022-06-13 00:00:00'),
(191, 'bbl191@utdallas.edu', 'NQpBZU9G%-$3', '2023-05-29 00:00:00'),
(192, 'gbb192@utdallas.edu', '3claly=Jl+E7', '2021-05-11 00:00:00'),
(193, 'iim193@utdallas.edu', 'yT^JeD33=UW4', '2023-09-17 00:00:00'),
(194, 'ijd194@utdallas.edu', 'S2-trYD1lbS$', '2023-08-25 00:00:00'),
(195, 'jej195@utdallas.edu', '(YxGJ2ahPJhI', '2020-07-10 00:00:00'),
(196, 'ial196@utdallas.edu', 'k4OX=m3f4-lT', '2022-01-05 00:00:00'),
(197, 'ibg197@utdallas.edu', '80Q7ajGWIIIJ', '2023-10-13 00:00:00'),
(198, 'eis198@utdallas.edu', 'sj_ZeK9RbcfC', '2024-01-02 00:00:00'),
(199, 'gfl199@utdallas.edu', 'pio-0lJpgvhk', '2023-05-20 00:00:00'),
(200, 'ddm200@utdallas.edu', '!pU5rI9kRap3', '2023-04-22 00:00:00'),
(201, 'ggj201@utdallas.edu', 'hu!ooRpMhdjk', '2022-09-24 00:00:00'),
(202, 'fcj202@utdallas.edu', 'oszXiNx@XjrK', '2022-03-18 00:00:00'),
(203, 'idj203@utdallas.edu', 'Z=1*_fo1rnp5', '2023-01-15 00:00:00'),
(204, 'ibg204@utdallas.edu', '$FbcazalvQrh', '2024-10-26 00:00:00'),
(205, 'ejw205@utdallas.edu', 'm7=8iRE3EXXf', '2019-10-24 00:00:00'),
(206, 'edd206@utdallas.edu', 'MEO^-^MB8Bom', '2022-04-15 00:00:00'),
(207, 'eid207@utdallas.edu', 'CVTa6YZM-efJ', '2020-02-20 00:00:00'),
(208, 'fjm208@utdallas.edu', '7_GoYCqHFbe3', '2021-02-09 00:00:00'),
(209, 'ffm209@utdallas.edu', '1HrWE5l8FO!B', '2023-01-13 00:00:00'),
(210, 'gds210@utdallas.edu', 'b#tq@(_5X5eC', '2023-04-24 00:00:00'),
(211, 'fjw211@utdallas.edu', '-ChZf-ba*K)6', '2024-12-12 00:00:00'),
(212, 'adb212@utdallas.edu', 'Ec(TG%1_YJLe', '2022-09-16 00:00:00'),
(213, 'chj213@utdallas.edu', 'SChF7WeZ1y$9', '2023-06-11 00:00:00'),
(214, 'bel214@utdallas.edu', '5MvJQ+pZzYmA', '2023-11-08 00:00:00'),
(215, 'fam215@utdallas.edu', 'm^N*F=gdIMZN', '2021-06-13 00:00:00'),
(216, 'bgw216@utdallas.edu', '18nD#RLK@_u!', '2023-06-14 00:00:00'),
(217, 'ges217@utdallas.edu', 'bsTN&M#+qMQC', '2019-10-22 00:00:00'),
(218, 'fbg218@utdallas.edu', '_RgIS%4-fdp#', '2019-11-15 00:00:00'),
(219, 'hag219@utdallas.edu', 'pIVLGXRimzD$', '2019-12-12 00:00:00'),
(220, 'ddg220@utdallas.edu', 'aTChH4VF64yv', '2023-10-08 00:00:00'),
(221, 'fis221@utdallas.edu', '$38CKPz!dMTz', '2022-11-11 00:00:00'),
(222, 'deb222@utdallas.edu', '4v1&e+B%y-CG', '2023-03-23 00:00:00'),
(223, 'haj223@utdallas.edu', '(&_djU32gRh)', '2020-06-19 00:00:00'),
(224, 'afs224@utdallas.edu', 'sbRFWXLSF4a9', '2022-09-14 00:00:00'),
(225, 'jdm225@utdallas.edu', '$Uk6cOsKPC)X', '2024-12-29 00:00:00'),
(226, 'egw226@utdallas.edu', 's)H+k3WfSEV1', '2020-06-03 00:00:00'),
(227, 'bhl227@utdallas.edu', '$A_ppEnd+uzR', '2022-06-01 00:00:00'),
(228, 'aid228@utdallas.edu', '+!$wHBMzTy&#', '2019-07-23 00:00:00'),
(229, 'bim229@utdallas.edu', 'CgjwJvH(6@RW', '2024-10-26 00:00:00'),
(230, 'ifg230@utdallas.edu', 'h58ONvIqkS27', '2023-05-30 00:00:00'),
(231, 'gim231@utdallas.edu', '4)TelTfTVR6!', '2024-04-18 00:00:00'),
(232, 'acl232@utdallas.edu', '&!S1L0WmTazl', '2024-12-23 00:00:00'),
(233, 'hhb233@utdallas.edu', '@YjPyzL2sZj=', '2021-08-30 00:00:00'),
(234, 'cbj234@utdallas.edu', 'TjW1rubLnxfs', '2024-03-15 00:00:00'),
(235, 'jbj235@utdallas.edu', 'NKga7aOQMxer', '2022-06-27 00:00:00'),
(236, 'dib236@utdallas.edu', 'o74tp)7sE+e4', '2020-03-25 00:00:00'),
(237, 'ahm237@utdallas.edu', 'P_ui-Pj$vITY', '2023-07-08 00:00:00'),
(238, 'fdm238@utdallas.edu', '^+SxMDxOtI-i', '2023-04-11 00:00:00'),
(239, 'jgw239@utdallas.edu', 'QYWVb0K1nKxS', '2021-05-19 00:00:00'),
(240, 'gcm240@utdallas.edu', 'p)YOqMYl1)ea', '2022-08-07 00:00:00'),
(241, 'efm241@utdallas.edu', '@Qe!7=4lJiW8', '2024-02-03 00:00:00'),
(242, 'adl242@utdallas.edu', 'ecSd)xCAV%R!', '2022-05-26 00:00:00'),
(243, 'cfd243@utdallas.edu', 'RKszPNDN-K-z', '2019-03-05 00:00:00'),
(244, 'bgm244@utdallas.edu', '(o=gOxjnH+E!', '2021-10-22 00:00:00'),
(245, 'bfm245@utdallas.edu', 'a3&-1j_oR(RU', '2024-12-26 00:00:00'),
(246, 'dab246@utdallas.edu', 'CN*pv0qD9T=+', '2024-12-22 00:00:00'),
(247, 'ges247@utdallas.edu', 'jY*qS2%$MzTf', '2021-02-07 00:00:00'),
(248, 'fed248@utdallas.edu', 'JZMc-wp1mpnA', '2022-10-29 00:00:00'),
(249, 'cdm249@utdallas.edu', 'y=daLH!$8zW3', '2023-06-30 00:00:00'),
(250, 'ajg250@utdallas.edu', 'TC3&DDF#UejE', '2023-05-02 00:00:00'),
(251, 'gjj251@utdallas.edu', 'sZ62M9vlK7&!', '2023-08-12 00:00:00'),
(252, 'ejm252@utdallas.edu', 'zTMak3%fSyB0', '2019-05-18 00:00:00'),
(253, 'efs253@utdallas.edu', 'd3AH$Z4b9TrZ', '2022-02-08 00:00:00'),
(254, 'agg254@utdallas.edu', 'SabdWfcgx=B@', '2021-10-07 00:00:00'),
(255, 'ggg255@utdallas.edu', 'NiEhrJ*fRx5Q', '2021-06-27 00:00:00'),
(256, 'gbd256@utdallas.edu', 'R(rCDgoY$FCo', '2021-01-29 00:00:00'),
(257, 'dcj257@utdallas.edu', '5Yn9D38+G)8C', '2024-06-08 00:00:00'),
(258, 'bbj258@utdallas.edu', 'Zx)8oC+f$TKn', '2024-09-01 00:00:00'),
(259, 'dgw259@utdallas.edu', '#5ECGcJ^J&m_', '2020-09-27 00:00:00'),
(260, 'chl260@utdallas.edu', '8KClkDl%A5vn', '2022-07-05 00:00:00'),
(261, 'ads261@utdallas.edu', 'Fukea*XcX9Jc', '2021-03-09 00:00:00'),
(262, 'egl262@utdallas.edu', '(cTNS6hDIL(s', '2024-02-22 00:00:00'),
(263, 'ads263@utdallas.edu', 'dD=v8f8I=EKL', '2022-06-24 00:00:00'),
(264, 'dhm264@utdallas.edu', 'bP*1a=DDR#9A', '2020-06-19 00:00:00'),
(265, 'jfl265@utdallas.edu', '+clbs&ez$3)(', '2024-10-10 00:00:00'),
(266, 'gab266@utdallas.edu', 'DNkYuRJ2DL*B', '2023-06-23 00:00:00'),
(267, 'fil267@utdallas.edu', '(D&1Uy5N76uM', '2020-04-23 00:00:00'),
(268, 'efm268@utdallas.edu', 'FENoPvF5#cCm', '2025-01-23 00:00:00'),
(269, 'fhd269@utdallas.edu', 'c_O&vimmln#O', '2024-09-17 00:00:00'),
(270, 'idj270@utdallas.edu', 'N#yvqJEBNqWg', '2022-08-10 00:00:00'),
(271, 'fbw271@utdallas.edu', 'bu$2NI@iSHb!', '2020-12-20 00:00:00'),
(272, 'ecb272@utdallas.edu', 'Z8otkV_Bt$PE', '2023-10-04 00:00:00'),
(273, 'jem273@utdallas.edu', '%nMbz_f3Ve@R', '2023-03-11 00:00:00'),
(274, 'ibj274@utdallas.edu', 'UU)#(Kytiz)c', '2023-09-01 00:00:00'),
(275, 'hel275@utdallas.edu', '&dug_!D#=f+(', '2024-05-09 00:00:00'),
(276, 'ahg276@utdallas.edu', '5mdN$X_WB=Cf', '2020-12-03 00:00:00'),
(277, 'hfb277@utdallas.edu', 'xiSqHezdsV-X', '2019-10-11 00:00:00'),
(278, 'eis278@utdallas.edu', '=dH!bEH&*$lh', '2023-04-07 00:00:00'),
(279, 'cfj279@utdallas.edu', '9M(tk1+f6Rbd', '2024-04-02 00:00:00'),
(280, 'fhj280@utdallas.edu', 'uZ+m4S_J67Uw', '2024-10-18 00:00:00'),
(281, 'jjd281@utdallas.edu', 'wvegakBcCCcA', '2023-03-18 00:00:00'),
(282, 'aag282@utdallas.edu', 'vkmH^+yT%x&@', '2022-01-05 00:00:00'),
(283, 'ijs283@utdallas.edu', 'r8Cm#G@OSic#', '2024-06-23 00:00:00'),
(284, 'ejd284@utdallas.edu', 'nWchakpi1r7i', '2020-02-14 00:00:00'),
(285, 'cfl285@utdallas.edu', '0APgXpKyUpEg', '2021-07-11 00:00:00'),
(286, 'ejb286@utdallas.edu', 'KkKG(b6LwEps', '2024-02-07 00:00:00'),
(287, 'hdl287@utdallas.edu', 'HH6o!hFt&ZN1', '2023-04-16 00:00:00'),
(288, 'ceg288@utdallas.edu', '$%oQxqyybbqW', '2020-09-07 00:00:00'),
(289, 'ahd289@utdallas.edu', 'TGe98nMz^ljV', '2024-11-02 00:00:00'),
(290, 'fas290@utdallas.edu', 'Vi62aDMKmE(d', '2021-09-14 00:00:00'),
(291, 'hbm291@utdallas.edu', 'Lv$!EGEqF3F7', '2019-12-14 00:00:00'),
(292, 'ejb292@utdallas.edu', 'mAtLCdhyalVu', '2023-04-24 00:00:00'),
(293, 'ial293@utdallas.edu', 'aea4Tvj^K5^^', '2020-05-10 00:00:00'),
(294, 'jhl294@utdallas.edu', '2@H@e&WhtC#@', '2020-03-29 00:00:00'),
(295, 'djg295@utdallas.edu', 'kGp1fiZv0XlD', '2023-12-12 00:00:00'),
(296, 'jab296@utdallas.edu', '7PoehU%6XKz6', '2020-12-01 00:00:00'),
(297, 'jfd297@utdallas.edu', 'dl(oM1%CG%vl', '2019-05-21 00:00:00'),
(298, 'jdw298@utdallas.edu', 'Cr2=EPIG4vUP', '2019-12-14 00:00:00'),
(299, 'hjs299@utdallas.edu', 'tgQQ7pI$stPV', '2024-01-30 00:00:00'),
(300, 'dfj300@utdallas.edu', '$UvOFF#KT8=A', '2021-03-07 00:00:00'),
(301, 'ffj301@utdallas.edu', 'fva$^^#_Yk19', '2023-03-09 00:00:00'),
(302, 'ehw302@utdallas.edu', 'rLP+ahA%3GJD', '2024-09-17 00:00:00'),
(303, 'gad303@utdallas.edu', '21U=#S9wm^TT', '2019-07-19 00:00:00'),
(304, 'bhs304@utdallas.edu', 'Y6M&H0Kl#*Ft', '2021-12-03 00:00:00'),
(305, 'hfl305@utdallas.edu', 'pW=@M4P+P7I(', '2020-08-03 00:00:00'),
(306, 'fis306@utdallas.edu', '*w+8jlHW#Uc3', '2024-02-15 00:00:00'),
(307, 'dig307@utdallas.edu', 'OFultPjl2pr%', '2020-04-16 00:00:00'),
(308, 'gbg308@utdallas.edu', 'J)NLI9uG9N4Z', '2021-02-18 00:00:00'),
(309, 'hew309@utdallas.edu', 'SfkQeCf&HVdN', '2024-04-27 00:00:00'),
(310, 'bgj310@utdallas.edu', 'k8clIjwVI6xJ', '2024-11-11 00:00:00'),
(311, 'efs311@utdallas.edu', '#54vK$UkT-SV', '2020-10-31 00:00:00'),
(312, 'gjm312@utdallas.edu', 'tpf&w%-Ezh1y', '2020-01-21 00:00:00'),
(313, 'cim313@utdallas.edu', '@V-^!m=piS(D', '2020-02-15 00:00:00'),
(314, 'agm314@utdallas.edu', '7v1BzU68Hltk', '2021-05-01 00:00:00'),
(315, 'eis315@utdallas.edu', 'bIcWpFFJaKaS', '2022-10-18 00:00:00'),
(316, 'igd316@utdallas.edu', 'SIM4U@tswxZd', '2022-08-17 00:00:00'),
(317, 'jcs317@utdallas.edu', 'tAiCJETyutIc', '2021-03-31 00:00:00'),
(318, 'hjd318@utdallas.edu', '+4G&qN!ZJrcu', '2019-01-16 00:00:00'),
(319, 'ahw319@utdallas.edu', '0JW&jfT&Qsc2', '2022-02-13 00:00:00'),
(320, 'dew320@utdallas.edu', 'EFm&rtI6mU4E', '2023-10-25 00:00:00'),
(321, 'hgm321@utdallas.edu', '2*cGdVWEYOFy', '2020-01-22 00:00:00'),
(322, 'ahm322@utdallas.edu', 't3eMrAi+SxN*', '2021-12-01 00:00:00'),
(323, 'dcd323@utdallas.edu', 'A8x$e20Q6Tz7', '2022-01-10 00:00:00'),
(324, 'dgj324@utdallas.edu', '@a!!YsJ-e=R$', '2023-03-28 00:00:00'),
(325, 'ieb325@utdallas.edu', 'hx=TQnu!i#Bn', '2022-07-21 00:00:00'),
(326, 'bhd326@utdallas.edu', 'With4Mcfxtfv', '2022-03-23 00:00:00'),
(327, 'hdg327@utdallas.edu', 'X*19q7K9m!%-', '2022-08-17 00:00:00'),
(328, 'bgm328@utdallas.edu', 'iZGDix0PGHeL', '2021-05-31 00:00:00'),
(329, 'gbw329@utdallas.edu', 'L*NL6b_(a!Zi', '2022-07-26 00:00:00'),
(330, 'ifg330@utdallas.edu', '4URXSZX%5MPp', '2022-09-08 00:00:00'),
(331, 'igl331@utdallas.edu', 'ooZz=5eJXZ@F', '2024-04-15 00:00:00'),
(332, 'dfj332@utdallas.edu', 'cD+0tV0AJVyE', '2020-11-29 00:00:00'),
(333, 'bim333@utdallas.edu', 'B7zMK8YRetgG', '2020-07-03 00:00:00'),
(334, 'ecs334@utdallas.edu', 'I3O*@AWm4MFa', '2023-01-15 00:00:00'),
(335, 'eam335@utdallas.edu', 'o4E6p#eJ2vDl', '2023-01-24 00:00:00'),
(336, 'cdb336@utdallas.edu', 'OhB)#llLhofo', '2021-01-09 00:00:00'),
(337, 'bdm337@utdallas.edu', 'va^-@W4PrUnh', '2021-01-15 00:00:00'),
(338, 'has338@utdallas.edu', 'heHx!mizBXA=', '2020-11-30 00:00:00'),
(339, 'dfs339@utdallas.edu', ')TpCb6jx!(T=', '2019-01-08 00:00:00'),
(340, 'caj340@utdallas.edu', 'p!q%4pJJ(yN!', '2020-12-15 00:00:00'),
(341, 'bjg341@utdallas.edu', '%K+WT@6chS4T', '2023-01-05 00:00:00'),
(342, 'bfj342@utdallas.edu', 'hXLmTxET2+m7', '2021-05-27 00:00:00'),
(343, 'ehj343@utdallas.edu', '*7+q&1bn22ky', '2020-04-14 00:00:00'),
(344, 'ddl344@utdallas.edu', 'VnzSO88-QNpO', '2021-07-08 00:00:00'),
(345, 'hel345@utdallas.edu', '*tA!&K6_+TR)', '2023-04-18 00:00:00'),
(346, 'acm346@utdallas.edu', 'W)wi!=!0)H!@', '2024-11-12 00:00:00'),
(347, 'gdw347@utdallas.edu', 'y5sMOMSbMFU)', '2020-08-07 00:00:00'),
(348, 'cgw348@utdallas.edu', 'UJFmqiZ8Vi4-', '2023-01-10 00:00:00'),
(349, 'ihm349@utdallas.edu', 'ChCeMa)XyC%&', '2024-08-08 00:00:00'),
(350, 'fbb350@utdallas.edu', 'SeiZ)&aTSg0q', '2022-11-20 00:00:00'),
(351, 'ciw351@utdallas.edu', 'M+#e91Wo)5VR', '2020-09-10 00:00:00'),
(352, 'fdj352@utdallas.edu', 'ea^HxjkjQCc!', '2019-06-08 00:00:00'),
(353, 'gfb353@utdallas.edu', 'Q#11+DFaVWCQ', '2020-12-26 00:00:00'),
(354, 'ijj354@utdallas.edu', 'Ic@NA@HPX1ig', '2020-10-20 00:00:00'),
(355, 'ebs355@utdallas.edu', 'zFyWU-zvgG@E', '2024-07-22 00:00:00'),
(356, 'jdj356@utdallas.edu', 'gJo01@jG4QcD', '2020-04-30 00:00:00'),
(357, 'aij357@utdallas.edu', 'dYmhd#2a=SK0', '2021-05-29 00:00:00'),
(358, 'fgj358@utdallas.edu', 'F!P62LqjnwuT', '2021-04-24 00:00:00'),
(359, 'edm359@utdallas.edu', '9tIz#5@NM9nH', '2019-11-19 00:00:00'),
(360, 'fjg360@utdallas.edu', 'V0X03o)m@bz)', '2024-07-28 00:00:00'),
(361, 'jab361@utdallas.edu', ')QwvV(C6zRCm', '2019-05-25 00:00:00'),
(362, 'bhj362@utdallas.edu', 'my7_A)lKSX3U', '2022-11-26 00:00:00'),
(363, 'cas363@utdallas.edu', 'U5oZ4J2pWcPe', '2020-08-15 00:00:00'),
(364, 'ced364@utdallas.edu', 'u7Mu6p@o9g*-', '2022-06-01 00:00:00'),
(365, 'hfb365@utdallas.edu', '^VbCb*%SE603', '2022-10-25 00:00:00'),
(366, 'fcl366@utdallas.edu', 'mzLgUARZ_@)5', '2021-01-07 00:00:00'),
(367, 'cgj367@utdallas.edu', '=y2F2*OK921_', '2020-10-12 00:00:00'),
(368, 'gdm368@utdallas.edu', 'uPDIF@QSHXvM', '2023-12-14 00:00:00'),
(369, 'bhd369@utdallas.edu', '2ySQN14BAgT6', '2023-01-27 00:00:00'),
(370, 'fcs370@utdallas.edu', 'ki06*gdjq)WN', '2023-11-30 00:00:00'),
(371, 'fgg371@utdallas.edu', 'dF#iBo@h%viA', '2024-05-19 00:00:00'),
(372, 'big372@utdallas.edu', 'lswVWavhUJCl', '2021-05-16 00:00:00'),
(373, 'hgw373@utdallas.edu', 'QzQg8FB+j7Fr', '2024-02-28 00:00:00'),
(374, 'cij374@utdallas.edu', 'tqtRf-^O_PX*', '2025-01-09 00:00:00'),
(375, 'ejs375@utdallas.edu', 'Je1b^#vh3jPH', '2020-02-11 00:00:00'),
(376, 'dim376@utdallas.edu', 'D%SrP^@1H(W0', '2019-01-16 00:00:00'),
(377, 'eds377@utdallas.edu', '#n7hjnJ997D!', '2023-09-27 00:00:00'),
(378, 'jam378@utdallas.edu', '+qTd2Lhr3$Kd', '2022-12-03 00:00:00'),
(379, 'iam379@utdallas.edu', '5#D-t%zLyv0J', '2022-12-02 00:00:00'),
(380, 'hdm380@utdallas.edu', 'p1BlBOfXam9@', '2022-01-20 00:00:00'),
(381, 'ecm381@utdallas.edu', 'D2U)sHls6Upk', '2024-09-18 00:00:00'),
(382, 'edm382@utdallas.edu', 'M=rZ3YEVYonl', '2020-06-04 00:00:00'),
(383, 'cbd383@utdallas.edu', '!BTou$5R7FQT', '2024-08-13 00:00:00'),
(384, 'ggm384@utdallas.edu', 'plBtasTUmugn', '2024-12-02 00:00:00'),
(385, 'fbl385@utdallas.edu', '9*jbN17G2zg7', '2021-02-10 00:00:00'),
(386, 'caj386@utdallas.edu', '!JBRP&N)w+%m', '2023-10-29 00:00:00'),
(387, 'gaw387@utdallas.edu', 'u(gsHp*G20yO', '2021-03-02 00:00:00'),
(388, 'ibj388@utdallas.edu', 'SCfq61bg0Isb', '2021-04-29 00:00:00'),
(389, 'iis389@utdallas.edu', 'Pc^a8Lg47#M$', '2021-06-20 00:00:00'),
(390, 'dgb390@utdallas.edu', '7pjz&L^xE%q*', '2020-01-26 00:00:00'),
(391, 'gbd391@utdallas.edu', '3BMtvSoKRfuG', '2021-07-29 00:00:00'),
(392, 'hcw392@utdallas.edu', 'liw(nXRSV7R7', '2023-12-25 00:00:00'),
(393, 'jjw393@utdallas.edu', 'xQPo_5zmKN8T', '2024-03-06 00:00:00'),
(394, 'ihj394@utdallas.edu', 'nSo9fsQevo+a', '2021-02-03 00:00:00'),
(395, 'ahm395@utdallas.edu', 'js(kENROEZPO', '2020-06-25 00:00:00'),
(396, 'fes396@utdallas.edu', 'Wiah!S%Q8a5n', '2019-06-03 00:00:00'),
(397, 'dbl397@utdallas.edu', '$3Rm8Gr6Gcd%', '2019-06-08 00:00:00'),
(398, 'fjl398@utdallas.edu', '29$WEn@xDK8S', '2024-12-15 00:00:00'),
(399, 'ifd399@utdallas.edu', 'DF^)avlFJkYD', '2023-08-19 00:00:00'),
(400, 'aaj400@utdallas.edu', 't_9@nrRh!=En', '2020-08-23 00:00:00'),
(401, 'gaj401@utdallas.edu', 's+JCdTd+6DNK', '2022-07-17 00:00:00'),
(402, 'dis402@utdallas.edu', 'lS(@sN2Khx*Q', '2023-06-05 00:00:00'),
(403, 'gjb403@utdallas.edu', 'MTW$&mF%0yRo', '2024-06-01 00:00:00'),
(404, 'bfj404@utdallas.edu', 'o8sQoVb)M9+w', '2023-11-18 00:00:00'),
(405, 'ijw405@utdallas.edu', 'bh8pA^2Mam=P', '2021-10-24 00:00:00'),
(406, 'dfm406@utdallas.edu', 'n#7UlLsUtxsC', '2022-09-30 00:00:00'),
(407, 'ijj407@utdallas.edu', 'B+NP_gTxU79c', '2021-03-08 00:00:00'),
(408, 'cbb408@utdallas.edu', 'hAvUe9xSjqDC', '2023-08-26 00:00:00'),
(409, 'aal409@utdallas.edu', 'nU(ZKxJ0gtPW', '2023-11-25 00:00:00'),
(410, 'bgj410@utdallas.edu', 'qzC(VSyBl*b7', '2024-01-22 00:00:00'),
(411, 'jew411@utdallas.edu', 'K=JOE%KuwD0c', '2022-11-06 00:00:00'),
(412, 'ajm412@utdallas.edu', '=c($F+LQJvgG', '2023-04-03 00:00:00'),
(413, 'acs413@utdallas.edu', 'ryKoPf#8bDR$', '2024-06-27 00:00:00'),
(414, 'aas414@utdallas.edu', 'Ax9FLtiuJzj(', '2020-08-14 00:00:00'),
(415, 'iab415@utdallas.edu', 'cNMJ%Sq)jdTA', '2022-08-11 00:00:00'),
(416, 'gcd416@utdallas.edu', 'yvIuh9Fg*!xN', '2022-11-25 00:00:00'),
(417, 'dis417@utdallas.edu', 'IrNrP864h(de', '2020-06-05 00:00:00'),
(418, 'efd418@utdallas.edu', 'T_XP^%U!GYnH', '2019-05-28 00:00:00'),
(419, 'bcl419@utdallas.edu', 'IhypaD4l*ep0', '2024-08-28 00:00:00'),
(420, 'ecm420@utdallas.edu', 'IeUj^n+IBZd0', '2021-06-15 00:00:00'),
(421, 'hal421@utdallas.edu', 'WJesf8=j)q#Y', '2022-10-24 00:00:00'),
(422, 'fjg422@utdallas.edu', 'OyQ8ftx201-f', '2022-09-25 00:00:00'),
(423, 'efb423@utdallas.edu', 'l^GrS(eJ2Ii^', '2024-07-27 00:00:00'),
(424, 'jbm424@utdallas.edu', '28(1pVGOW14S', '2022-08-28 00:00:00'),
(425, 'fjm425@utdallas.edu', 'Ns*QLQNQ9gL9', '2021-06-25 00:00:00'),
(426, 'aeg426@utdallas.edu', '&I&Q)T%e*PO+', '2021-07-13 00:00:00'),
(427, 'fdj427@utdallas.edu', 'bE*&qpxA#D5P', '2022-09-13 00:00:00'),
(428, 'gij428@utdallas.edu', 'rvsa8Z4YqS!a', '2022-07-07 00:00:00'),
(429, 'ddw429@utdallas.edu', '$sTG_x#3GkJQ', '2022-01-02 00:00:00'),
(430, 'jgs430@utdallas.edu', 'kcYYLK^zIjUJ', '2023-01-08 00:00:00'),
(431, 'dal431@utdallas.edu', '39&iQ3$esf)A', '2020-10-16 00:00:00'),
(432, 'adl432@utdallas.edu', '+6(i!MZj+-x5', '2023-10-13 00:00:00'),
(433, 'jhj433@utdallas.edu', '57ca_VaZbyIq', '2024-04-04 00:00:00'),
(434, 'dbb434@utdallas.edu', 'VZrgcAEPZcD7', '2021-03-22 00:00:00'),
(435, 'aaw435@utdallas.edu', 'm%joro#5PPt%', '2023-07-02 00:00:00'),
(436, 'gjd436@utdallas.edu', 'QZi@Kyt1zIOA', '2019-04-19 00:00:00'),
(437, 'ffg437@utdallas.edu', '0J-p_7(hZrQ*', '2019-04-12 00:00:00'),
(438, 'dbl438@utdallas.edu', 'G=5rZ_Zj!0qD', '2020-06-03 00:00:00'),
(439, 'ccm439@utdallas.edu', 'DxFE3RsE_KT@', '2021-11-11 00:00:00'),
(440, 'cal440@utdallas.edu', 'O4MYYck=)oGb', '2022-12-29 00:00:00'),
(441, 'bfs441@utdallas.edu', 'x%)G1cczEbe0', '2021-05-02 00:00:00'),
(442, 'bal442@utdallas.edu', 'u=!Dm+_Z%C$L', '2024-05-26 00:00:00'),
(443, 'dgg443@utdallas.edu', '!fAl5!f5g7iD', '2024-05-07 00:00:00'),
(444, 'edj444@utdallas.edu', 'OQwDgxskqNWF', '2022-01-09 00:00:00'),
(445, 'ibm445@utdallas.edu', '3iN_Y+o@*CBv', '2021-10-16 00:00:00'),
(446, 'bhj446@utdallas.edu', 'YjmSaE@6w=u3', '2022-09-18 00:00:00'),
(447, 'fgm447@utdallas.edu', 'Z6!!#TIq)sYM', '2022-05-21 00:00:00'),
(448, 'agj448@utdallas.edu', 'QB9cv6CbFPL#', '2021-06-14 00:00:00'),
(449, 'jfj449@utdallas.edu', '1VdA(xl%tG4m', '2023-09-10 00:00:00'),
(450, 'ccd450@utdallas.edu', 'vgW+5f!cpUlq', '2023-06-15 00:00:00'),
(451, 'cjm451@utdallas.edu', ')ufdAH5$sLN_', '2022-11-27 00:00:00'),
(452, 'ebw452@utdallas.edu', '@TYtRHhnGSkl', '2021-08-05 00:00:00'),
(453, 'bfs453@utdallas.edu', '4b%gGGoIJK&P', '2022-02-04 00:00:00'),
(454, 'jam454@utdallas.edu', 'JvaluGLxjtR7', '2023-10-28 00:00:00'),
(455, 'cds455@utdallas.edu', '6(DcRuEAW4%&', '2024-04-07 00:00:00'),
(456, 'fjj456@utdallas.edu', 'tNAYvY@=&fZN', '2023-02-25 00:00:00'),
(457, 'ihb457@utdallas.edu', '%Q+wQ4X(nm0x', '2021-11-20 00:00:00'),
(458, 'ieb458@utdallas.edu', 'qw^r5t*_@2(8', '2023-08-20 00:00:00'),
(459, 'jfs459@utdallas.edu', 'jNXOb5c2f-Kk', '2022-02-13 00:00:00'),
(460, 'jhb460@utdallas.edu', 'j)eGaSB=T&^v', '2024-01-13 00:00:00'),
(461, 'baj461@utdallas.edu', 'H2NV-)+4%ZL&', '2020-03-06 00:00:00'),
(462, 'fdg462@utdallas.edu', 'H#dzY%%(Gxx&', '2023-12-30 00:00:00'),
(463, 'ijm463@utdallas.edu', 'OMW#QE3QLMnf', '2023-11-10 00:00:00'),
(464, 'fam464@utdallas.edu', '9%#nQ65OW^kX', '2024-05-11 00:00:00'),
(465, 'cjm465@utdallas.edu', 'InxmcoFr!Nba', '2024-02-17 00:00:00'),
(466, 'dhm466@utdallas.edu', 'phd=ha(QGmS5', '2019-05-28 00:00:00'),
(467, 'dgs467@utdallas.edu', '%vo$fs#o4d_E', '2023-02-20 00:00:00'),
(468, 'jdj468@utdallas.edu', '!QAmnz+g*U-I', '2023-01-30 00:00:00'),
(469, 'aiw469@utdallas.edu', 'DShUmtUB-p59', '2022-12-16 00:00:00'),
(470, 'chm470@utdallas.edu', 'J2%3#KXcTWy#', '2022-10-01 00:00:00'),
(471, 'cij471@utdallas.edu', '6h*nwAY0VQh=', '2024-09-16 00:00:00'),
(472, 'abg472@utdallas.edu', 'pbUFfK1=*-!c', '2023-11-19 00:00:00'),
(473, 'abb473@utdallas.edu', 'k-#@Ai+vDNwH', '2024-03-07 00:00:00'),
(474, 'jil474@utdallas.edu', 'v!+ns)agDi74', '2021-11-03 00:00:00'),
(475, 'ebj475@utdallas.edu', 'U@m8lW*6ZH4M', '2023-04-16 00:00:00'),
(476, 'gam476@utdallas.edu', 'D4s2EDBI9ZZK', '2022-11-24 00:00:00'),
(477, 'ddl477@utdallas.edu', 'OoWmLZ2$EORv', '2024-12-17 00:00:00'),
(478, 'acs478@utdallas.edu', 'ZYTtUdsYHS3i', '2021-03-21 00:00:00'),
(479, 'dcd479@utdallas.edu', 'gVY!%3yaf=aQ', '2021-11-02 00:00:00'),
(480, 'ecj480@utdallas.edu', 'U-fsluSD&%=C', '2024-07-31 00:00:00'),
(481, 'dhs481@utdallas.edu', '1N3^Ppfw8qeP', '2023-01-06 00:00:00'),
(482, 'jas482@utdallas.edu', 'gRlRdbc(iJPU', '2023-07-17 00:00:00'),
(483, 'jgj483@utdallas.edu', 'Pc0#ipb(O_It', '2022-05-19 00:00:00'),
(484, 'ebg484@utdallas.edu', '6=Vs2F)8DhW7', '2019-11-21 00:00:00'),
(485, 'fcj485@utdallas.edu', 'S74bQERgzUlp', '2023-03-11 00:00:00'),
(486, 'dam486@utdallas.edu', '67P7S8qVH^W6', '2021-08-02 00:00:00'),
(487, 'fed487@utdallas.edu', '!wtX3GVw78nb', '2019-03-26 00:00:00'),
(488, 'bjb488@utdallas.edu', 'w)HQAvcJpxR=', '2021-12-02 00:00:00'),
(489, 'acs489@utdallas.edu', 'AJ98NM(5($uX', '2024-09-16 00:00:00'),
(490, 'gid490@utdallas.edu', 'J%34u)vKGD-I', '2020-06-14 00:00:00'),
(491, 'hfg491@utdallas.edu', 'oC)7Z(+VJ4)G', '2021-03-18 00:00:00'),
(492, 'ffm492@utdallas.edu', 'r0Ao-sJ4t*tE', '2024-01-17 00:00:00'),
(493, 'fgm493@utdallas.edu', 'O_hH4cp6K2YR', '2023-03-16 00:00:00'),
(494, 'ecg494@utdallas.edu', 'DfQx%@KCvhGJ', '2023-03-22 00:00:00'),
(495, 'fgg495@utdallas.edu', '7mstBN7%SS*y', '2021-06-21 00:00:00'),
(496, 'cdm496@utdallas.edu', 'L9FMOlfW+SI0', '2020-02-23 00:00:00'),
(497, 'ijj497@utdallas.edu', 'Mk2e=2Cdd*ky', '2022-11-25 00:00:00'),
(498, 'gem498@utdallas.edu', '*VEjHL=I%CzE', '2021-11-10 00:00:00'),
(499, 'jbb499@utdallas.edu', '+sj7^60Qcw9y', '2023-01-16 00:00:00'),
(500, 'acw500@utdallas.edu', '-2c-%N3n6Jrn', '2022-07-02 00:00:00'),
(501, 'eis501@utdallas.edu', 'X)psHS-mZPLK', '2021-01-09 00:00:00'),
(502, 'fbj502@utdallas.edu', '81PKDFD^XlNc', '2021-07-25 00:00:00'),
(503, 'fbw503@utdallas.edu', 'XCxf)abmyC6I', '2023-06-23 00:00:00'),
(504, 'heb504@utdallas.edu', 'Q99D0Q6GpoOy', '2023-07-21 00:00:00'),
(505, 'feg505@utdallas.edu', 'n2o4t14i-#sO', '2022-12-12 00:00:00'),
(506, 'ccb506@utdallas.edu', 'ewmgX+YLtoHD', '2023-05-04 00:00:00'),
(507, 'jgj507@utdallas.edu', '*W86GR18*asU', '2023-05-08 00:00:00'),
(508, 'abg508@utdallas.edu', 'aaaCYG(Wo#7I', '2020-03-01 00:00:00'),
(509, 'ceb509@utdallas.edu', 'vPsb@1jmTPMA', '2023-11-04 00:00:00'),
(510, 'eds510@utdallas.edu', '27zOp$6e)pw9', '2024-04-29 00:00:00'),
(511, 'ahm511@utdallas.edu', 'zZ0sDtFz&5zz', '2023-04-06 00:00:00'),
(512, 'gas512@utdallas.edu', '^clMv&6lBsnc', '2021-04-24 00:00:00'),
(513, 'jfs513@utdallas.edu', 'qA-9mZHWEJ5z', '2024-11-13 00:00:00'),
(514, 'dem514@utdallas.edu', 'Eg^e-uIR80xC', '2023-10-23 00:00:00'),
(515, 'ahd515@utdallas.edu', 'cdbIE2lVi+k@', '2019-09-27 00:00:00'),
(516, 'fjs516@utdallas.edu', 'e4u1%e8hC@3d', '2022-11-21 00:00:00'),
(517, 'iem517@utdallas.edu', 'HaSLdbonJAnY', '2021-10-08 00:00:00'),
(518, 'bjj518@utdallas.edu', 'aJ+Kv^sJ(F4W', '2023-09-14 00:00:00'),
(519, 'acl519@utdallas.edu', 'f2Ar2zT6&60C', '2021-02-02 00:00:00'),
(520, 'afd520@utdallas.edu', 'WUIjaH*0EQo+', '2021-10-11 00:00:00'),
(521, 'ggm521@utdallas.edu', 'JUdU6hdKMV-0', '2023-03-03 00:00:00'),
(522, 'fbl522@utdallas.edu', '-j#-CPIIyVNr', '2023-08-01 00:00:00'),
(523, 'dfl523@utdallas.edu', 'MN1j7x6ic*B%', '2021-05-11 00:00:00'),
(524, 'eim524@utdallas.edu', '$p&P&(Hv7^b+', '2019-04-11 00:00:00'),
(525, 'ehm525@utdallas.edu', 'uEy#Gm(%M4Wv', '2023-08-04 00:00:00'),
(526, 'fhg526@utdallas.edu', '^-HxlSuM$&lo', '2021-02-18 00:00:00'),
(527, 'jcm527@utdallas.edu', 'cBqXf(kq=#zT', '2024-12-08 00:00:00'),
(528, 'jam528@utdallas.edu', 'D=50m4F3l(Ru', '2024-08-12 00:00:00'),
(529, 'eim529@utdallas.edu', 'Vh0lYSbWW#EM', '2022-02-15 00:00:00'),
(530, 'aib530@utdallas.edu', 'IXS1m0eDCDem', '2023-09-25 00:00:00'),
(531, 'ags531@utdallas.edu', 'JzcQyZNVQ0I@', '2021-11-30 00:00:00'),
(532, 'ael532@utdallas.edu', 'ajQEyslzbqvv', '2019-04-24 00:00:00'),
(533, 'ggs533@utdallas.edu', '_vHc3S7uiNp8', '2024-02-08 00:00:00'),
(534, 'eaj534@utdallas.edu', 'UsQY)P%qwYCP', '2021-04-19 00:00:00'),
(535, 'cfg535@utdallas.edu', 'jKFIMrRRcqpG', '2023-02-12 00:00:00'),
(536, 'fbw536@utdallas.edu', 'h6@XkK(Sortm', '2021-09-08 00:00:00'),
(537, 'fjs537@utdallas.edu', 'px)ANzbsV9Dl', '2022-10-12 00:00:00'),
(538, 'fjl538@utdallas.edu', 'R9QIF_ON(zUw', '2021-12-08 00:00:00'),
(539, 'jgj539@utdallas.edu', 'L83-2v8(fuV+', '2024-05-06 00:00:00'),
(540, 'hjl540@utdallas.edu', '!EVgz&P2At&v', '2022-12-24 00:00:00'),
(541, 'ijl541@utdallas.edu', 'ukol3-dlYG4P', '2024-06-06 00:00:00'),
(542, 'aej542@utdallas.edu', 'y*f*!haY=tvZ', '2024-06-20 00:00:00'),
(543, 'aag543@utdallas.edu', 'Joi-KQy7p9S%', '2023-01-17 00:00:00'),
(544, 'cgg544@utdallas.edu', 'ykBuJSZ^Q(&n', '2024-09-29 00:00:00'),
(545, 'bis545@utdallas.edu', 'AEF%Y)OYSM)0', '2021-09-29 00:00:00'),
(546, 'fhj546@utdallas.edu', '#9%K!Sq)xQzj', '2019-11-05 00:00:00'),
(547, 'jal547@utdallas.edu', 'zRKxCrjpEaEh', '2023-02-07 00:00:00'),
(548, 'egm548@utdallas.edu', '1JCO-&haaoZ*', '2022-08-22 00:00:00'),
(549, 'ggs549@utdallas.edu', '5XJ(oET00Mo&', '2023-11-13 00:00:00'),
(550, 'fcj550@utdallas.edu', 'OQ()lXhuVcE(', '2024-10-03 00:00:00'),
(551, 'gdl551@utdallas.edu', 'EH%J*+95(#ju', '2023-08-30 00:00:00'),
(552, 'gjm552@utdallas.edu', 'YUfxVaY$*L8Q', '2023-04-08 00:00:00'),
(553, 'ifj553@utdallas.edu', '6!q2f$$KrhG6', '2021-07-30 00:00:00'),
(554, 'fim554@utdallas.edu', '9KxRbSdDEYR&', '2024-07-22 00:00:00'),
(555, 'jgm555@utdallas.edu', 'PQYI8DQ4wZ&5', '2023-03-25 00:00:00'),
(556, 'jcg556@utdallas.edu', 'ii3)&!$Pmo0R', '2019-06-23 00:00:00'),
(557, 'bcm557@utdallas.edu', 'OxRQiY_TX%KR', '2019-06-29 00:00:00'),
(558, 'jab558@utdallas.edu', '2$AywZx(u_Hq', '2021-04-24 00:00:00'),
(559, 'bfj559@utdallas.edu', 'O)&woldzs*AB', '2022-04-02 00:00:00'),
(560, 'aab560@utdallas.edu', '+*0M(SMqy4P(', '2022-11-15 00:00:00'),
(561, 'bcj561@utdallas.edu', '7l$kEr_YZ(LL', '2019-02-12 00:00:00'),
(562, 'djm562@utdallas.edu', '9wW!G630dtAJ', '2022-10-27 00:00:00'),
(563, 'bej563@utdallas.edu', '!bM@YxPG4_^W', '2022-01-20 00:00:00'),
(564, 'bdj564@utdallas.edu', '@v@t-8BzAgcR', '2021-12-08 00:00:00'),
(565, 'fam565@utdallas.edu', 'ybDpkd+R%EkD', '2023-11-01 00:00:00'),
(566, 'fbb566@utdallas.edu', 'OYNHS3YBT=fB', '2021-03-26 00:00:00'),
(567, 'bfj567@utdallas.edu', 'nQMY%21r(*k=', '2020-01-12 00:00:00'),
(568, 'ahs568@utdallas.edu', 'MZ0^+V0nj*-6', '2021-09-19 00:00:00'),
(569, 'iam569@utdallas.edu', 'GaNRyh)HUrA%', '2022-07-25 00:00:00'),
(570, 'bhj570@utdallas.edu', 'G!AQ^r1X^13X', '2022-06-07 00:00:00'),
(571, 'cdb571@utdallas.edu', '*@ojz)lq5!Q#', '2020-01-16 00:00:00'),
(572, 'dbs572@utdallas.edu', 'Eks2bLCX2pR*', '2022-02-07 00:00:00'),
(573, 'giw573@utdallas.edu', '4g%+c$D5lZtU', '2019-06-27 00:00:00'),
(574, 'gdw574@utdallas.edu', 'yQnZX&0u1=sO', '2023-08-29 00:00:00'),
(575, 'jim575@utdallas.edu', 'vKHAynfGO5dW', '2021-04-18 00:00:00'),
(576, 'ghs576@utdallas.edu', 'JN7CEMS&!f(y', '2021-09-15 00:00:00'),
(577, 'jes577@utdallas.edu', 'IfuGyafn8=Pm', '2023-09-25 00:00:00'),
(578, 'cam578@utdallas.edu', '6oGyxf-LKY!(', '2021-07-29 00:00:00'),
(579, 'bhm579@utdallas.edu', '1_md*H^+!aMY', '2023-10-11 00:00:00'),
(580, 'jhd580@utdallas.edu', '(@6g@W9D8s&5', '2021-03-24 00:00:00'),
(581, 'jcb581@utdallas.edu', 'whWXLi)%Xi1S', '2023-05-19 00:00:00'),
(582, 'faw582@utdallas.edu', 'zm0Hn0et_1nq', '2024-11-18 00:00:00'),
(583, 'djw583@utdallas.edu', 'KWtJkPL4A+Sf', '2023-07-05 00:00:00'),
(584, 'egm584@utdallas.edu', 'DvD&+GNYR)Q2', '2019-03-27 00:00:00'),
(585, 'jjm585@utdallas.edu', 'uck738I!^LW$', '2023-08-04 00:00:00'),
(586, 'iis586@utdallas.edu', 'yq9Cs)Ii5^h4', '2021-04-01 00:00:00'),
(587, 'gjb587@utdallas.edu', '(f*06&92r%XF', '2022-01-26 00:00:00'),
(588, 'bij588@utdallas.edu', '^4xEE8nQ+QKj', '2020-11-12 00:00:00'),
(589, 'hfd589@utdallas.edu', 'srNMYJWdz!Wd', '2021-01-02 00:00:00'),
(590, 'aaj590@utdallas.edu', 'oc+SCt9O8)fL', '2021-09-16 00:00:00'),
(591, 'fas591@utdallas.edu', 'k7&kQ8-&AKg5', '2022-11-03 00:00:00'),
(592, 'gbd592@utdallas.edu', 'p=1OkXU1qOUx', '2019-11-26 00:00:00'),
(593, 'ahl593@utdallas.edu', 'OT^SJRH4IE^6', '2023-07-27 00:00:00'),
(594, 'dcg594@utdallas.edu', 'Onlo78ulJp11', '2023-11-16 00:00:00'),
(595, 'hdm595@utdallas.edu', 'or=l)YDxP4Uo', '2022-05-24 00:00:00'),
(596, 'aig596@utdallas.edu', 'O%g3swFywwEz', '2023-09-21 00:00:00'),
(597, 'gjd597@utdallas.edu', '+hKBJwS54a8Y', '2022-10-05 00:00:00'),
(598, 'dfm598@utdallas.edu', '1(GhZOkLuDV4', '2023-06-10 00:00:00'),
(599, 'eib599@utdallas.edu', 'kK3#J3wNN5xX', '2024-06-08 00:00:00'),
(600, 'ghb600@utdallas.edu', 'cEnGo&6L#W+V', '2020-03-17 00:00:00'),
(601, 'gas601@utdallas.edu', 'IY!3H078MhF!', '2021-07-23 00:00:00'),
(602, 'idj602@utdallas.edu', 'u*T=Wh+rV37l', '2024-04-19 00:00:00'),
(603, 'afm603@utdallas.edu', '7c83Xp((Wu2q', '2024-10-27 00:00:00'),
(604, 'idm604@utdallas.edu', '-KF-n2Df4pVm', '2020-08-21 00:00:00'),
(605, 'efb605@utdallas.edu', 'K=UN)J3uOB)-', '2021-01-08 00:00:00'),
(606, 'gfg606@utdallas.edu', '4%fIRYP2WLH1', '2024-01-22 00:00:00'),
(607, 'ibb607@utdallas.edu', '9oy1Y)&$=P_p', '2023-03-01 00:00:00'),
(608, 'bjs608@utdallas.edu', 'X)rIp*sCGt4Y', '2023-08-25 00:00:00'),
(609, 'ahm609@utdallas.edu', 'KE=KZa^==&x$', '2021-08-04 00:00:00'),
(610, 'bhs610@utdallas.edu', 'bCxJ&a+#GyYW', '2024-04-10 00:00:00'),
(611, 'eig611@utdallas.edu', 'QNE)2DR9gG_m', '2024-06-28 00:00:00'),
(612, 'igj612@utdallas.edu', 'U69aI(VADVAo', '2023-12-28 00:00:00'),
(613, 'fcj613@utdallas.edu', '(@xb$I6kP*Bj', '2021-03-06 00:00:00'),
(614, 'bdj614@utdallas.edu', '9#oTqugYM_uA', '2020-01-17 00:00:00'),
(615, 'bjj615@utdallas.edu', ')GkH=Ed5@_P7', '2021-09-22 00:00:00'),
(616, 'ddd616@utdallas.edu', 's!6qKeew-5$Z', '2020-12-07 00:00:00'),
(617, 'ehm617@utdallas.edu', 'dos)eUR*$nWe', '2019-08-30 00:00:00'),
(618, 'ifl618@utdallas.edu', '%x+-1wUzD9)4', '2022-11-23 00:00:00'),
(619, 'bjj619@utdallas.edu', 'aAzS5U)@O8XL', '2024-07-15 00:00:00'),
(620, 'ebl620@utdallas.edu', 'FjxHDhKjFbwy', '2020-05-28 00:00:00'),
(621, 'ahs621@utdallas.edu', 'E0-EH$T*psXU', '2022-01-28 00:00:00'),
(622, 'fbl622@utdallas.edu', 'VZDLq-AQJ=9L', '2021-01-24 00:00:00'),
(623, 'jgg623@utdallas.edu', '0&QX(p0ZIAQL', '2021-05-06 00:00:00'),
(624, 'cgs624@utdallas.edu', 'dYTA^jgd_+9K', '2023-04-25 00:00:00'),
(625, 'cbm625@utdallas.edu', '89T8y&K%Pl*&', '2023-02-13 00:00:00'),
(626, 'heb626@utdallas.edu', '*Pn5KV=faews', '2020-08-18 00:00:00'),
(627, 'caj627@utdallas.edu', 'Tk0Y96*k_vp8', '2023-02-12 00:00:00'),
(628, 'dcj628@utdallas.edu', 'CpJqJhSuKRld', '2021-10-08 00:00:00'),
(629, 'efb629@utdallas.edu', '(Rq7P=KcZmEZ', '2019-10-22 00:00:00'),
(630, 'efs630@utdallas.edu', 'rj61E=ksH^O=', '2021-08-17 00:00:00'),
(631, 'cbd631@utdallas.edu', '6GS!$D9g0cdX', '2023-11-29 00:00:00'),
(632, 'adm632@utdallas.edu', '@js&#6mqE^y3', '2019-11-05 00:00:00'),
(633, 'dbj633@utdallas.edu', '#AZrjLA%n1l0', '2023-04-15 00:00:00'),
(634, 'fes634@utdallas.edu', 'DNg8$q+7xIE(', '2022-05-24 00:00:00'),
(635, 'hjl635@utdallas.edu', 'B%WaKC^p2*fr', '2023-03-09 00:00:00'),
(636, 'gim636@utdallas.edu', 'oi9G)WH%r_0o', '2023-05-22 00:00:00'),
(637, 'bas637@utdallas.edu', '#8Ye1both%@z', '2023-01-08 00:00:00'),
(638, 'dil638@utdallas.edu', 'LL5R@emK2-c+', '2021-12-28 00:00:00'),
(639, 'baw639@utdallas.edu', 'Gifu2QVV0Ssn', '2020-10-31 00:00:00'),
(640, 'iej640@utdallas.edu', 'mJm$8A3Cwa5B', '2023-07-26 00:00:00'),
(641, 'aij641@utdallas.edu', 'QxsXWMLM%DuN', '2022-09-02 00:00:00'),
(642, 'cgd642@utdallas.edu', 'Tq-g#w&V@msU', '2021-10-16 00:00:00'),
(643, 'cfs643@utdallas.edu', 'kKVj^o!yANUl', '2021-10-14 00:00:00'),
(644, 'aag644@utdallas.edu', 'Qv(CZh8SPWWI', '2024-06-28 00:00:00'),
(645, 'cis645@utdallas.edu', 'W=%Dz2U5gHQV', '2022-09-03 00:00:00'),
(646, 'ieb646@utdallas.edu', 'iLDzr%9u)s=x', '2024-06-10 00:00:00'),
(647, 'bdm647@utdallas.edu', 'CL+J+jzF8d7w', '2019-09-14 00:00:00'),
(648, 'jbm648@utdallas.edu', 'GiL+AFD=yKeW', '2019-04-09 00:00:00'),
(649, 'jew649@utdallas.edu', 'TGsLEPXIeYTa', '2024-06-28 00:00:00'),
(650, 'jbs650@utdallas.edu', '2VM5+qnKeSwd', '2022-10-22 00:00:00'),
(651, 'hjs651@utdallas.edu', 'c=rnJm3$4D%X', '2023-07-09 00:00:00'),
(652, 'abs652@utdallas.edu', 'JUGdIE#yxp(=', '2023-10-16 00:00:00'),
(653, 'aeb653@utdallas.edu', 'C@jDNpZ2sam5', '2020-08-27 00:00:00'),
(654, 'igd654@utdallas.edu', 'lc!zyGL$@Jh1', '2022-12-15 00:00:00'),
(655, 'dab655@utdallas.edu', 'LClwuUvH*(L#', '2022-01-15 00:00:00'),
(656, 'bhw656@utdallas.edu', '8wgFE_bf4+WJ', '2024-08-08 00:00:00'),
(657, 'ehg657@utdallas.edu', 'X4j#Ew=-EynK', '2020-11-03 00:00:00'),
(658, 'bam658@utdallas.edu', 'GtPp5C-LLiRI', '2024-11-14 00:00:00'),
(659, 'bgm659@utdallas.edu', 'SffxF5yd=c$(', '2022-06-18 00:00:00'),
(660, 'jad660@utdallas.edu', 'j!G4=fIM9-d%', '2022-04-25 00:00:00'),
(661, 'heb661@utdallas.edu', 'Dkzu2%qw4m)v', '2023-10-23 00:00:00'),
(662, 'bhl662@utdallas.edu', 'v#MWOabrgOD9', '2019-02-09 00:00:00'),
(663, 'gfw663@utdallas.edu', 'Z0E41PfLUL3R', '2022-01-25 00:00:00'),
(664, 'cgd664@utdallas.edu', 'qY&S-efKcgDh', '2021-03-26 00:00:00'),
(665, 'ghl665@utdallas.edu', 'F*8!5)U+rPM-', '2024-01-11 00:00:00'),
(666, 'chb666@utdallas.edu', '6kxJ3Lx9!hrt', '2023-03-19 00:00:00'),
(667, 'jjw667@utdallas.edu', 'J94(a1aDVenm', '2022-11-11 00:00:00'),
(668, 'cbd668@utdallas.edu', '8d3!97)Gd)Z2', '2021-03-11 00:00:00'),
(669, 'bhg669@utdallas.edu', 'YMqZ^KtNJf(s', '2021-11-24 00:00:00'),
(670, 'afj670@utdallas.edu', '3vqX^#f0=z7B', '2024-12-30 00:00:00'),
(671, 'ieg671@utdallas.edu', 'WrQ#^ufiAQ=i', '2023-02-03 00:00:00'),
(672, 'cdg672@utdallas.edu', 'rp6gIQ)JkEZ4', '2021-10-27 00:00:00'),
(673, 'idm673@utdallas.edu', 'wJqspezKPxB^', '2023-04-16 00:00:00'),
(674, 'eim674@utdallas.edu', 'O=C35%_oOvN+', '2021-05-31 00:00:00'),
(675, 'ehj675@utdallas.edu', 'ESeVM+zyy1jK', '2021-09-18 00:00:00'),
(676, 'hhg676@utdallas.edu', 'FTzaydgxB#vZ', '2022-10-21 00:00:00'),
(677, 'ejw677@utdallas.edu', ')_VD3&Q=@+8P', '2021-12-06 00:00:00'),
(678, 'jbm678@utdallas.edu', ')IKsd3hYQBO)', '2023-02-15 00:00:00'),
(679, 'hjj679@utdallas.edu', 'r5Wdy9ET#=YQ', '2023-10-05 00:00:00'),
(680, 'hhj680@utdallas.edu', 'W2!%BRzAEey-', '2021-03-07 00:00:00'),
(681, 'caw681@utdallas.edu', '4LkBAMX&p-(_', '2023-10-29 00:00:00'),
(682, 'bew682@utdallas.edu', 'yX9m=W0BiN2S', '2019-05-26 00:00:00'),
(683, 'bim683@utdallas.edu', '*R#IPLca1Q+-', '2022-04-30 00:00:00'),
(684, 'egg684@utdallas.edu', '5bRwd&V$#wN_', '2024-09-08 00:00:00'),
(685, 'gds685@utdallas.edu', 'U)7KV3ODDbo=', '2024-05-08 00:00:00'),
(686, 'faw686@utdallas.edu', 'igwBZxZ(y4+N', '2023-12-08 00:00:00'),
(687, 'gej687@utdallas.edu', '1E0^rw3B31UO', '2023-11-20 00:00:00'),
(688, 'ghl688@utdallas.edu', 'GaB3gTUUxcAw', '2020-10-19 00:00:00'),
(689, 'icd689@utdallas.edu', 'EgU0gG2ch32c', '2020-02-10 00:00:00'),
(690, 'ifm690@utdallas.edu', 'h5Rwy*#o=RAY', '2024-07-27 00:00:00'),
(691, 'bim691@utdallas.edu', 'o-cnY+ttWGmf', '2023-03-14 00:00:00'),
(692, 'ffj692@utdallas.edu', '*4muRlanRkIA', '2022-07-12 00:00:00'),
(693, 'ibl693@utdallas.edu', 'JPdlLSU&!P^u', '2021-06-14 00:00:00'),
(694, 'dhg694@utdallas.edu', '0-h8qAHSjHqt', '2020-04-26 00:00:00'),
(695, 'fgs695@utdallas.edu', 'ni#Il*$VN_nF', '2023-07-05 00:00:00'),
(696, 'jaw696@utdallas.edu', 'pyi=pR5B_pR$', '2021-11-13 00:00:00'),
(697, 'edd697@utdallas.edu', 'ze$sVq!!Ji)+', '2022-05-13 00:00:00'),
(698, 'idm698@utdallas.edu', '8hY0^w^69LXq', '2022-12-03 00:00:00'),
(699, 'acg699@utdallas.edu', '34q!xNZW^DMm', '2022-09-10 00:00:00'),
(700, 'gcw700@utdallas.edu', 'AK0nI**4n6tK', '2021-03-05 00:00:00'),
(701, 'cdl701@utdallas.edu', 'mt)K#96NJ(YR', '2021-01-23 00:00:00'),
(702, 'egl702@utdallas.edu', 'Vv(KB7!ev=$#', '2021-01-15 00:00:00'),
(703, 'ifb703@utdallas.edu', 'g7djKSlai*a8', '2021-11-02 00:00:00'),
(704, 'cgj704@utdallas.edu', 'mwPWJ*Qn5Gou', '2021-08-09 00:00:00'),
(705, 'ijg705@utdallas.edu', 'w2u&RcBxAv92', '2022-05-31 00:00:00'),
(706, 'bej706@utdallas.edu', 'Y)TyUHO02kig', '2020-05-23 00:00:00'),
(707, 'fgj707@utdallas.edu', 'im3z2+7caAt6', '2022-01-02 00:00:00'),
(708, 'gij708@utdallas.edu', 'p_ltjAr@@$S2', '2019-05-01 00:00:00'),
(709, 'dbl709@utdallas.edu', 'nLoDLL^OkJy=', '2022-02-14 00:00:00'),
(710, 'hcb710@utdallas.edu', 'dGUyBm!aUlIl', '2023-08-06 00:00:00'),
(711, 'cad711@utdallas.edu', 'JsugbNJ-PlWg', '2022-03-02 00:00:00'),
(712, 'ifd712@utdallas.edu', '+53Bcz^CE=ja', '2021-07-13 00:00:00'),
(713, 'bdj713@utdallas.edu', '-(xBW0Ij5ufT', '2021-08-14 00:00:00'),
(714, 'bes714@utdallas.edu', 's=VlvYVLn23s', '2022-02-01 00:00:00'),
(715, 'ias715@utdallas.edu', 'TdxeJh@s*a%J', '2023-04-06 00:00:00'),
(716, 'jim716@utdallas.edu', 'Ncq@Z#9a&VAB', '2022-03-09 00:00:00'),
(717, 'cad717@utdallas.edu', 'Eq0caPm)xU*R', '2021-11-27 00:00:00'),
(718, 'ggb718@utdallas.edu', 'qNHGVb&$$I-T', '2021-03-15 00:00:00'),
(719, 'gbb719@utdallas.edu', 'H3CmAtz#3KUu', '2020-11-16 00:00:00'),
(720, 'hfg720@utdallas.edu', 'pVZjBLIlPkgI', '2023-03-12 00:00:00'),
(721, 'ahj721@utdallas.edu', '%upFs!EI#ucd', '2024-03-31 00:00:00'),
(722, 'efj722@utdallas.edu', 'eH#XEq^0MXQp', '2021-04-02 00:00:00'),
(723, 'jcj723@utdallas.edu', 'HbScQ)xfBF^v', '2022-09-19 00:00:00'),
(724, 'fam724@utdallas.edu', 'O@xtU4@b*PUe', '2020-07-01 00:00:00'),
(725, 'hgl725@utdallas.edu', 'B_6h9_ijOTNI', '2021-06-02 00:00:00'),
(726, 'fcs726@utdallas.edu', 'QFruxZKp1T1l', '2021-11-30 00:00:00'),
(727, 'abd727@utdallas.edu', 'wmU_luRsnKK+', '2022-02-24 00:00:00'),
(728, 'fgj728@utdallas.edu', 'pEPL9A8gt8DY', '2022-01-17 00:00:00'),
(729, 'jjd729@utdallas.edu', 'Sr7aNclKeTKl', '2023-02-09 00:00:00'),
(730, 'bem730@utdallas.edu', 'YnHziyI=ace_', '2023-11-20 00:00:00'),
(731, 'bdb731@utdallas.edu', 'y+k2NAd%&Nrn', '2024-08-31 00:00:00'),
(732, 'cag732@utdallas.edu', 'X2ejOHgi@!gu', '2021-03-12 00:00:00'),
(733, 'gdl733@utdallas.edu', 'yD3%o@BIxREU', '2022-03-19 00:00:00'),
(734, 'ffj734@utdallas.edu', 'KkZR@t-Y39gm', '2022-04-02 00:00:00'),
(735, 'jgj735@utdallas.edu', 'y)7i+orJ6%G_', '2023-03-15 00:00:00'),
(736, 'ejm736@utdallas.edu', 'YMLxEMddUv9e', '2024-06-16 00:00:00'),
(737, 'fcl737@utdallas.edu', 'GDMQGI$h#eRf', '2024-02-16 00:00:00'),
(738, 'ffd738@utdallas.edu', 'DqhPZoUlYHHF', '2023-05-10 00:00:00'),
(739, 'fem739@utdallas.edu', 'Cq-&jagW!a7p', '2021-08-03 00:00:00'),
(740, 'efm740@utdallas.edu', '!!UmHLZHt$@W', '2020-08-27 00:00:00'),
(741, 'jbj741@utdallas.edu', 'Wpm6_yFbwN5!', '2023-06-14 00:00:00'),
(742, 'fed742@utdallas.edu', '2Uk1Ss+=Mdyo', '2020-10-21 00:00:00'),
(743, 'bjl743@utdallas.edu', '81w$1Zae+moN', '2021-02-27 00:00:00'),
(744, 'gfb744@utdallas.edu', 'IGJOfxRGL52^', '2024-06-26 00:00:00'),
(745, 'hhw745@utdallas.edu', 'F6!G40g8epp9', '2021-02-21 00:00:00'),
(746, 'ham746@utdallas.edu', 'giP4WhbDuqZ^', '2023-09-03 00:00:00'),
(747, 'iag747@utdallas.edu', 'Xai#3)UF@Qi%', '2019-06-16 00:00:00'),
(748, 'dcw748@utdallas.edu', '3_5VuS!k#2(Y', '2022-12-28 00:00:00');
INSERT INTO `User` (`UserID`, `School_Email`, `Password`, `Date_Created`) VALUES
(749, 'fdw749@utdallas.edu', 'CH)d^N*X4V!5', '2023-01-02 00:00:00'),
(750, 'fcw750@utdallas.edu', '(Ly8d@s@qbV7', '2021-08-24 00:00:00'),
(751, 'djl751@utdallas.edu', 'SDGpn_#&lhFY', '2024-02-12 00:00:00'),
(752, 'acs752@utdallas.edu', 'g7tzUZI!U_+x', '2024-01-08 00:00:00'),
(753, 'dhj753@utdallas.edu', '8B&%faAA8E!o', '2023-11-20 00:00:00'),
(754, 'gej754@utdallas.edu', 'AtU2IPw560U_', '2020-04-28 00:00:00'),
(755, 'hfw755@utdallas.edu', 'kELw0^Yy*9Rm', '2020-10-14 00:00:00'),
(756, 'cfb756@utdallas.edu', '-desoC-xiGsG', '2024-06-29 00:00:00'),
(757, 'hgw757@utdallas.edu', 'bMcW*0HGCAlD', '2024-05-04 00:00:00'),
(758, 'dcd758@utdallas.edu', 'FoRSwtF3DFO6', '2021-07-14 00:00:00'),
(759, 'jjw759@utdallas.edu', 'g2W5IPW$UEV@', '2022-05-03 00:00:00'),
(760, 'caj760@utdallas.edu', 'VLo6=uMeSl5j', '2023-02-06 00:00:00'),
(761, 'heb761@utdallas.edu', 'cXPK+wGKQ1UC', '2023-07-12 00:00:00'),
(762, 'fhw762@utdallas.edu', '9N^xC#48^tQ9', '2023-12-19 00:00:00'),
(763, 'dim763@utdallas.edu', 'irdg7S2*bb)w', '2023-03-21 00:00:00'),
(764, 'jhw764@utdallas.edu', 'wIBAr3wt+Fnh', '2024-04-10 00:00:00'),
(765, 'ghm765@utdallas.edu', 'S1hd!s=#%h!T', '2019-09-12 00:00:00'),
(766, 'bjj766@utdallas.edu', 'C#&^wfNsTj!U', '2022-03-17 00:00:00'),
(767, 'ccb767@utdallas.edu', '(hpppF8EBnDE', '2022-03-26 00:00:00'),
(768, 'bfm768@utdallas.edu', 'Jm^gsR!h+4_J', '2024-12-06 00:00:00'),
(769, 'jgm769@utdallas.edu', '%G#SzmWKmOu2', '2021-03-28 00:00:00'),
(770, 'ajl770@utdallas.edu', '^whVC-#rWnEv', '2024-08-22 00:00:00'),
(771, 'icg771@utdallas.edu', 'MALF&yViXbQ_', '2022-11-30 00:00:00'),
(772, 'ags772@utdallas.edu', 'VIbfNet2)y^M', '2023-11-02 00:00:00'),
(773, 'ifm773@utdallas.edu', 'kN)zG2BupMt2', '2020-11-13 00:00:00'),
(774, 'jbd774@utdallas.edu', 'rwc40d)80GI^', '2021-10-17 00:00:00'),
(775, 'cgm775@utdallas.edu', 'bxdfCBDe1pn(', '2022-09-19 00:00:00'),
(776, 'jjj776@utdallas.edu', 'iT=p1Jx=Vr2(', '2024-04-22 00:00:00'),
(777, 'aag777@utdallas.edu', 'TK5$F+2$BH^M', '2024-09-17 00:00:00'),
(778, 'abs778@utdallas.edu', 'tY-gBiSP!Z8P', '2022-12-18 00:00:00'),
(779, 'bdm779@utdallas.edu', 'r91LMZw-FuPN', '2020-11-03 00:00:00'),
(780, 'jhm780@utdallas.edu', '034-jB8NW!Y-', '2022-10-16 00:00:00'),
(781, 'gds781@utdallas.edu', 'pswaW9(swojZ', '2022-06-20 00:00:00'),
(782, 'egb782@utdallas.edu', 'kCf+eyapneA+', '2024-02-29 00:00:00'),
(783, 'jhw783@utdallas.edu', 'U84Pvw0FY1x8', '2024-12-17 00:00:00'),
(784, 'feb784@utdallas.edu', 'VU1phr0nlw0-', '2022-03-15 00:00:00'),
(785, 'ccb785@utdallas.edu', 'pdDj3_BB94sf', '2021-01-13 00:00:00'),
(786, 'gfj786@utdallas.edu', 'xxY2VH$yiyu^', '2021-01-29 00:00:00'),
(787, 'ghs787@utdallas.edu', 'Rfc6-iQ!EaKr', '2024-01-25 00:00:00'),
(788, 'cdm788@utdallas.edu', '!nqi=6#od$On', '2023-10-15 00:00:00'),
(789, 'fil789@utdallas.edu', 'PoigDyRCorh-', '2022-05-13 00:00:00'),
(790, 'icl790@utdallas.edu', 'jQX5T9t=dZe8', '2023-11-30 00:00:00'),
(791, 'bfj791@utdallas.edu', '0&kDHJi0HURu', '2024-03-04 00:00:00'),
(792, 'hjm792@utdallas.edu', 'wzXQ4cJ#8Ni4', '2019-06-12 00:00:00'),
(793, 'hgj793@utdallas.edu', 'i7@8rZEr&H0K', '2020-10-19 00:00:00'),
(794, 'bfm794@utdallas.edu', 'yvaq8$e2qRY_', '2022-10-11 00:00:00'),
(795, 'jjm795@utdallas.edu', 'i4afr6uvvUdO', '2021-06-22 00:00:00'),
(796, 'ces796@utdallas.edu', 'K3LpytFfFjMD', '2024-06-08 00:00:00'),
(797, 'hib797@utdallas.edu', 'Bxt(=+a@^#Be', '2023-12-30 00:00:00'),
(798, 'gij798@utdallas.edu', '(gvU8_B4m0zP', '2020-10-15 00:00:00'),
(799, 'ifs799@utdallas.edu', '56RM*U8F=Lkd', '2020-06-30 00:00:00'),
(800, 'ffj800@utdallas.edu', 'Jq!R6JWrOuck', '2022-03-07 00:00:00'),
(801, 'cjm801@utdallas.edu', 'wXi)AVjpv*ME', '2023-06-28 00:00:00'),
(802, 'fim802@utdallas.edu', '9i8rz79#7k-m', '2023-09-08 00:00:00'),
(803, 'hhd803@utdallas.edu', 'fp!MJ#Jl0nTD', '2024-12-18 00:00:00'),
(804, 'bhg804@utdallas.edu', 'M+#XQjHe15ZY', '2022-04-01 00:00:00'),
(805, 'hhd805@utdallas.edu', '(gi4mA@Wxp*9', '2020-09-11 00:00:00'),
(806, 'afj806@utdallas.edu', 'JV+JmBF#297s', '2023-07-25 00:00:00'),
(807, 'fbj807@utdallas.edu', 'H2@Ccx%nHC)U', '2020-03-25 00:00:00'),
(808, 'dhb808@utdallas.edu', 'Q-6ygvcHURF3', '2024-04-11 00:00:00'),
(809, 'igg809@utdallas.edu', 'NT=8ge33@#%h', '2023-05-14 00:00:00'),
(810, 'hhw810@utdallas.edu', 'HjF!Tk2+5@Oo', '2021-06-26 00:00:00'),
(811, 'icb811@utdallas.edu', 'AxL)GVE0saBz', '2022-07-28 00:00:00'),
(812, 'gam812@utdallas.edu', 'V$$q5bNrhY@t', '2023-04-28 00:00:00'),
(813, 'cdm813@utdallas.edu', 'Nq&d9Ns$dvEY', '2021-06-12 00:00:00'),
(814, 'cdg814@utdallas.edu', 'iVVwt4hJDezw', '2022-05-23 00:00:00'),
(815, 'gfj815@utdallas.edu', 'rfzxHMPQa0oq', '2021-04-06 00:00:00'),
(816, 'dhj816@utdallas.edu', '^w*4!sFB!CpZ', '2023-06-15 00:00:00'),
(817, 'jab817@utdallas.edu', 'O)28lwbj=DvS', '2019-12-21 00:00:00'),
(818, 'aab818@utdallas.edu', '(UEMZnIubzuP', '2022-04-17 00:00:00'),
(819, 'dcj819@utdallas.edu', 'CilYSa+&qCiT', '2024-05-15 00:00:00'),
(820, 'cej820@utdallas.edu', 'W34GP$IeBvxu', '2020-02-03 00:00:00'),
(821, 'ffm821@utdallas.edu', 'CdvF7pdEeqts', '2022-06-07 00:00:00'),
(822, 'aes822@utdallas.edu', 'o%OdG%lA%erH', '2019-07-10 00:00:00'),
(823, 'dcm823@utdallas.edu', '50f3iw!G_77L', '2019-11-03 00:00:00'),
(824, 'gem824@utdallas.edu', '5ElKfu_^tURF', '2024-09-02 00:00:00'),
(825, 'fgw825@utdallas.edu', 'nV9J7x8ra2V$', '2020-03-03 00:00:00'),
(826, 'eag826@utdallas.edu', '@jphItUw8#YU', '2024-02-13 00:00:00'),
(827, 'bhs827@utdallas.edu', 'wua#@5LeZ^Vc', '2022-12-05 00:00:00'),
(828, 'hgb828@utdallas.edu', 'V^U3N9Ih9YD7', '2020-06-15 00:00:00'),
(829, 'adj829@utdallas.edu', 'a$Oo=LNH-kXM', '2024-05-21 00:00:00'),
(830, 'jdw830@utdallas.edu', '(Y439-)C3QeD', '2021-07-06 00:00:00'),
(831, 'hjd831@utdallas.edu', 'NA_s#8s-4!Hn', '2021-06-02 00:00:00'),
(832, 'igd832@utdallas.edu', '7E)-l1UxkI30', '2021-03-12 00:00:00'),
(833, 'abm833@utdallas.edu', 't-p6@Qh-C1i&', '2022-06-09 00:00:00'),
(834, 'dej834@utdallas.edu', 'RtrnkQ9p74gP', '2023-08-21 00:00:00'),
(835, 'hab835@utdallas.edu', 'DhR)6RdmNW&T', '2023-10-06 00:00:00'),
(836, 'ahm836@utdallas.edu', 'yOL6DAGbro#+', '2021-12-13 00:00:00'),
(837, 'fcj837@utdallas.edu', 'SYoA32RjrTSG', '2023-12-08 00:00:00'),
(838, 'aem838@utdallas.edu', 'N+=#mQBhCfUK', '2020-03-02 00:00:00'),
(839, 'jed839@utdallas.edu', 'AghLjc*zPgt=', '2021-05-12 00:00:00'),
(840, 'gdm840@utdallas.edu', 'i%PoeDMP$MzS', '2019-07-02 00:00:00'),
(841, 'jij841@utdallas.edu', 'Vhst^9(#WbrW', '2024-07-30 00:00:00'),
(842, 'chj842@utdallas.edu', 'ihHZUitrsuxX', '2024-05-17 00:00:00'),
(843, 'dgj843@utdallas.edu', 'w2v4CUScM4-C', '2021-10-03 00:00:00'),
(844, 'cbj844@utdallas.edu', '3_#qzPquV*#)', '2021-12-25 00:00:00'),
(845, 'aes845@utdallas.edu', 'KU=dy%HiUjnE', '2023-05-25 00:00:00'),
(846, 'hjm846@utdallas.edu', 'cCHFlG3psl(E', '2020-08-06 00:00:00'),
(847, 'aiw847@utdallas.edu', 'ffzU&pRzl_6v', '2024-11-23 00:00:00'),
(848, 'jhd848@utdallas.edu', 'Vr9V0NZZGw4d', '2020-07-12 00:00:00'),
(849, 'egb849@utdallas.edu', 'ibGYCi(w*xvQ', '2024-06-13 00:00:00'),
(850, 'jbj850@utdallas.edu', 'GXQaWU)P=P*D', '2024-03-06 00:00:00'),
(851, 'djg851@utdallas.edu', 'A9*TsLZ3r(28', '2024-10-05 00:00:00'),
(852, 'abg852@utdallas.edu', '5q5t9ih5^V(4', '2022-05-28 00:00:00'),
(853, 'aiw853@utdallas.edu', '5YQ2s)02F2!8', '2023-02-06 00:00:00'),
(854, 'jjb854@utdallas.edu', 'spd&RbOEDlwB', '2024-04-25 00:00:00'),
(855, 'cjs855@utdallas.edu', '-4e(uK-ycw9B', '2024-07-11 00:00:00'),
(856, 'ial856@utdallas.edu', 'Or59LPRDqV^f', '2022-07-18 00:00:00'),
(857, 'ghd857@utdallas.edu', 'iYhxwc*uK*7B', '2020-09-30 00:00:00'),
(858, 'bjg858@utdallas.edu', '-I!-^-JT3i3-', '2019-11-02 00:00:00'),
(859, 'bfw859@utdallas.edu', ')S*f_CX4sptm', '2021-10-15 00:00:00'),
(860, 'ibd860@utdallas.edu', 'bzVk8X^=*=pB', '2023-10-11 00:00:00'),
(861, 'hgm861@utdallas.edu', 'D8R^S=&4Ga4E', '2021-08-18 00:00:00'),
(862, 'jdg862@utdallas.edu', 'Xg)qZAyhWa3j', '2021-12-04 00:00:00'),
(863, 'eab863@utdallas.edu', 'K2@d#5oa$)TU', '2024-02-23 00:00:00'),
(864, 'faw864@utdallas.edu', '+hL^7Azep=KB', '2022-02-05 00:00:00'),
(865, 'gaj865@utdallas.edu', 'V8rA7$Y$g(=M', '2022-10-01 00:00:00'),
(866, 'cfd866@utdallas.edu', 'q3l9X!kjptE&', '2023-09-20 00:00:00'),
(867, 'ias867@utdallas.edu', 'WY5hg8&8SJ&h', '2024-12-26 00:00:00'),
(868, 'jbl868@utdallas.edu', 'G&VGJbERHm_s', '2021-07-17 00:00:00'),
(869, 'ajm869@utdallas.edu', 'JNkyI!nNoz)&', '2023-12-31 00:00:00'),
(870, 'jjl870@utdallas.edu', 'mVUscdU!JkdO', '2020-06-04 00:00:00'),
(871, 'gjm871@utdallas.edu', 'C$xsl$jO_4Qi', '2024-06-23 00:00:00'),
(872, 'chg872@utdallas.edu', 'VC=riK4eL-9n', '2019-03-25 00:00:00'),
(873, 'bis873@utdallas.edu', 'FRbLzmIyJF%0', '2023-07-14 00:00:00'),
(874, 'haj874@utdallas.edu', '@A4zeDuPPg@P', '2021-09-02 00:00:00'),
(875, 'jhm875@utdallas.edu', 'Tl(8)O36I%_T', '2024-09-21 00:00:00'),
(876, 'bbj876@utdallas.edu', '4CSMlRk4Ec*P', '2022-07-24 00:00:00'),
(877, 'jcm877@utdallas.edu', 'bX_Hdk2x)MCD', '2021-07-08 00:00:00'),
(878, 'deg878@utdallas.edu', '^DRqW4^@6QPI', '2021-01-19 00:00:00'),
(879, 'djm879@utdallas.edu', 'Zf-Zj-tH2E#q', '2022-03-28 00:00:00'),
(880, 'dbg880@utdallas.edu', 'xnB6_-U&uzUg', '2024-05-15 00:00:00'),
(881, 'hhw881@utdallas.edu', 'kL@AQDw)y=2U', '2021-07-15 00:00:00'),
(882, 'dab882@utdallas.edu', 'Qs$MlnDiN7&_', '2020-06-01 00:00:00'),
(883, 'fdw883@utdallas.edu', '2Wn!cM=Of3_G', '2019-01-19 00:00:00'),
(884, 'ias884@utdallas.edu', 'a++4S1GKlWKd', '2023-05-25 00:00:00'),
(885, 'jej885@utdallas.edu', 'MmSe%v-%_@3r', '2022-05-01 00:00:00'),
(886, 'dil886@utdallas.edu', 'zUl_Ra8dsx4O', '2023-10-08 00:00:00'),
(887, 'eej887@utdallas.edu', '7UOifNvfvGHY', '2024-11-18 00:00:00'),
(888, 'edj888@utdallas.edu', 'tVk7qgV)&VuK', '2023-11-20 00:00:00'),
(889, 'hfg889@utdallas.edu', 'bF=2hq$o99RC', '2022-08-31 00:00:00'),
(890, 'jhb890@utdallas.edu', 'a&+#x%xgag(6', '2023-06-10 00:00:00'),
(891, 'ahg891@utdallas.edu', 'EZ(3@kc(Qm3A', '2021-02-24 00:00:00'),
(892, 'ces892@utdallas.edu', 'BqKz%g7OERoK', '2022-08-09 00:00:00'),
(893, 'efw893@utdallas.edu', 'ZWmk_yh^zXaS', '2024-10-13 00:00:00'),
(894, 'hjj894@utdallas.edu', 'q8^tw5jQxf=S', '2023-10-30 00:00:00'),
(895, 'jcm895@utdallas.edu', 'mho&8j32h)yq', '2022-01-22 00:00:00'),
(896, 'chb896@utdallas.edu', 'B-0WtnBY+#Y9', '2024-11-08 00:00:00'),
(897, 'dfw897@utdallas.edu', 'lTzc(pV+C)uB', '2021-04-02 00:00:00'),
(898, 'gbs898@utdallas.edu', 'U(5qrrg=AbPy', '2023-04-19 00:00:00'),
(899, 'him899@utdallas.edu', '#tdACDjP3SWG', '2024-10-02 00:00:00'),
(900, 'abm900@utdallas.edu', 'oUXbR4SZLhE4', '2023-09-15 00:00:00'),
(901, 'edm901@utdallas.edu', 'P=8W=UAbBILa', '2022-02-06 00:00:00'),
(902, 'chs902@utdallas.edu', '+bmGDXf*8o(m', '2024-12-13 00:00:00'),
(903, 'bas903@utdallas.edu', 'y#*-2YXfs%-c', '2024-11-02 00:00:00'),
(904, 'ibw904@utdallas.edu', 'vE&*NVn&8WKa', '2021-02-12 00:00:00'),
(905, 'daj905@utdallas.edu', 'pcYZH-O$Q3)4', '2023-04-17 00:00:00'),
(906, 'aim906@utdallas.edu', 'EnMW=W7cotRK', '2022-02-20 00:00:00'),
(907, 'acw907@utdallas.edu', '-U0-Z3lK2x74', '2022-05-03 00:00:00'),
(908, 'gfj908@utdallas.edu', 'B#xmT)I6wef#', '2019-05-26 00:00:00'),
(909, 'fcw909@utdallas.edu', '2@sL1eSCac((', '2023-03-28 00:00:00'),
(910, 'ibb910@utdallas.edu', 'ik#cb7YFqV=X', '2021-09-11 00:00:00'),
(911, 'bcg911@utdallas.edu', '9IsT16UAe%TE', '2022-06-26 00:00:00'),
(912, 'cjd912@utdallas.edu', 'IY#Bg$xhE$ba', '2019-12-13 00:00:00'),
(913, 'jbl913@utdallas.edu', 'W6hLG2hQ_EBa', '2021-02-08 00:00:00'),
(914, 'aas914@utdallas.edu', 'RR)mC-*@fiAI', '2019-06-21 00:00:00'),
(915, 'dcm915@utdallas.edu', 'hIQfcOUWDX**', '2021-11-09 00:00:00'),
(916, 'ggm916@utdallas.edu', 'FOVT60wdaA60', '2020-04-10 00:00:00'),
(917, 'dhm917@utdallas.edu', '-hdageeccITS', '2024-08-06 00:00:00'),
(918, 'jjg918@utdallas.edu', '3yhkzLz3sX_%', '2022-09-01 00:00:00'),
(919, 'haj919@utdallas.edu', '3QiChBF7B*K$', '2023-06-25 00:00:00'),
(920, 'jam920@utdallas.edu', 'SX68g5smPPke', '2022-01-18 00:00:00'),
(921, 'aed921@utdallas.edu', '_WEGVEAf#kef', '2023-01-20 00:00:00'),
(922, 'abm922@utdallas.edu', '^1IFLstlnlVt', '2023-08-21 00:00:00'),
(923, 'gfj923@utdallas.edu', 'KFKZqQ$T9$5h', '2021-10-19 00:00:00'),
(924, 'fjg924@utdallas.edu', '_Pegz8^oi_Kv', '2021-04-01 00:00:00'),
(925, 'bhm925@utdallas.edu', 'QgKaZ_icU5Hu', '2022-03-06 00:00:00'),
(926, 'aid926@utdallas.edu', 'K86mAyH)Atz7', '2022-11-17 00:00:00'),
(927, 'chb927@utdallas.edu', 'ROWeG(mP7dY3', '2021-05-12 00:00:00'),
(928, 'ccw928@utdallas.edu', '0uoF74H1oKNP', '2022-02-04 00:00:00'),
(929, 'gbg929@utdallas.edu', 'qmIGYtDm%m53', '2024-03-29 00:00:00'),
(930, 'dfj930@utdallas.edu', '5kosu3cFyF3I', '2021-03-30 00:00:00'),
(931, 'hhm931@utdallas.edu', 'dAxdbZ(h3Gd3', '2024-12-04 00:00:00'),
(932, 'cbd932@utdallas.edu', 'XBd3DyHo&FFv', '2020-05-18 00:00:00'),
(933, 'ejm933@utdallas.edu', 'DbLxgp4t8CH-', '2023-08-29 00:00:00'),
(934, 'ged934@utdallas.edu', 'g4b_2ux21(OB', '2021-08-10 00:00:00'),
(935, 'bad935@utdallas.edu', '44=44Uk2i^Jx', '2020-04-19 00:00:00'),
(936, 'ddj936@utdallas.edu', 'Y%(qK-YVZ75*', '2023-08-01 00:00:00'),
(937, 'cam937@utdallas.edu', 'z4Fs66a_mP0$', '2023-03-17 00:00:00'),
(938, 'chb938@utdallas.edu', 'ndJ)eyIrqc-8', '2024-05-09 00:00:00'),
(939, 'bim939@utdallas.edu', '6LK1MOVDH!Iv', '2023-05-06 00:00:00'),
(940, 'jdj940@utdallas.edu', 'x__*8MRqo@Jl', '2022-10-12 00:00:00'),
(941, 'bcw941@utdallas.edu', 'GbqUKx2ytMI#', '2020-03-02 00:00:00'),
(942, 'bcd942@utdallas.edu', 'lf-li7Gj$Y%M', '2024-04-16 00:00:00'),
(943, 'cfj943@utdallas.edu', 'OfgR55pv3xsQ', '2022-04-21 00:00:00'),
(944, 'ael944@utdallas.edu', 'mXXOq4K2pvXE', '2024-01-15 00:00:00'),
(945, 'fhj945@utdallas.edu', '#1iWd-w1^Qcs', '2023-08-31 00:00:00'),
(946, 'cgs946@utdallas.edu', '3Cp!4j8ve-^X', '2024-01-29 00:00:00'),
(947, 'aaw947@utdallas.edu', 'BJ!0nO^sl^%M', '2020-02-04 00:00:00'),
(948, 'gdm948@utdallas.edu', 'aAk1A7Hs_Vkt', '2024-10-08 00:00:00'),
(949, 'ecm949@utdallas.edu', 'w)4l4SfqHE4#', '2023-08-03 00:00:00'),
(950, 'cfg950@utdallas.edu', 'QC2#sJDznDW!', '2019-06-14 00:00:00'),
(951, 'bij951@utdallas.edu', '-p&BMVLrZV3p', '2021-09-25 00:00:00'),
(952, 'bdm952@utdallas.edu', '9h_J(*8%PmHR', '2021-11-19 00:00:00'),
(953, 'bew953@utdallas.edu', 'GK!Hp7U%O)zH', '2022-08-25 00:00:00'),
(954, 'fim954@utdallas.edu', 'S6_X6Z4^u*#=', '2020-11-04 00:00:00'),
(955, 'iam955@utdallas.edu', 'H3Ms%*u41oA1', '2022-08-02 00:00:00'),
(956, 'bgm956@utdallas.edu', 'NBOU4FnGECF1', '2021-11-14 00:00:00'),
(957, 'dbm957@utdallas.edu', '6zecn$_Xpt8%', '2021-06-11 00:00:00'),
(958, 'hib958@utdallas.edu', '^M9-OpaOK+C)', '2024-12-12 00:00:00'),
(959, 'jaj959@utdallas.edu', '+OXn-)1BNdDf', '2024-12-30 00:00:00'),
(960, 'adm960@utdallas.edu', 'uKWH#N=zvyV=', '2023-03-06 00:00:00'),
(961, 'cgm961@utdallas.edu', '6v2O)2wHE*Dl', '2020-01-10 00:00:00'),
(962, 'bfl962@utdallas.edu', 'tGHlo0EbyyK-', '2021-03-18 00:00:00'),
(963, 'beg963@utdallas.edu', 'MBTfCSMTlwx6', '2020-12-27 00:00:00'),
(964, 'fhs964@utdallas.edu', 'JO%30A9!M^#9', '2021-02-08 00:00:00'),
(965, 'bas965@utdallas.edu', '8TQ*3qSW6(1G', '2021-02-06 00:00:00'),
(966, 'fgw966@utdallas.edu', 'LAj(d-3aOB%$', '2022-01-09 00:00:00'),
(967, 'gfm967@utdallas.edu', 'cx$vAZkZtYph', '2022-09-14 00:00:00'),
(968, 'bjd968@utdallas.edu', 'iM!aU60!D$DF', '2020-06-11 00:00:00'),
(969, 'gcj969@utdallas.edu', 'f-)(F-%3%NW%', '2024-08-05 00:00:00'),
(970, 'hid970@utdallas.edu', '4RZn(L2PVKQm', '2023-09-06 00:00:00'),
(971, 'cjj971@utdallas.edu', '5CEO%liSl!8w', '2020-04-30 00:00:00'),
(972, 'giw972@utdallas.edu', 'QcdCQaiDR+jY', '2021-04-05 00:00:00'),
(973, 'hem973@utdallas.edu', '0RYOywS^w(K_', '2024-10-24 00:00:00'),
(974, 'dfm974@utdallas.edu', 'W4j+aH2P#RC+', '2023-08-12 00:00:00'),
(975, 'ejm975@utdallas.edu', 'k#w$R-#e+nn&', '2020-10-19 00:00:00'),
(976, 'gcl976@utdallas.edu', '^-d#Hx1SM+m&', '2022-06-29 00:00:00'),
(977, 'cej977@utdallas.edu', 'M_&=V3mC=($o', '2023-02-08 00:00:00'),
(978, 'ajw978@utdallas.edu', '=l&%WkX9EWZs', '2023-02-26 00:00:00'),
(979, 'hdj979@utdallas.edu', 'y4QVk+J+Pz$A', '2021-07-15 00:00:00'),
(980, 'gjm980@utdallas.edu', '#hqjPDQyB6)N', '2023-01-01 00:00:00'),
(981, 'iew981@utdallas.edu', 'HKt_(-PRQ*#$', '2021-08-04 00:00:00'),
(982, 'ehj982@utdallas.edu', 'HX8=jM9mZILE', '2019-12-26 00:00:00'),
(983, 'aaj983@utdallas.edu', 'ieGydxWRGDq!', '2024-11-14 00:00:00'),
(984, 'chl984@utdallas.edu', '+fd*hts_w)*P', '2023-05-23 00:00:00'),
(985, 'jgm985@utdallas.edu', '#^S_#7#*gILP', '2024-11-24 00:00:00'),
(986, 'idg986@utdallas.edu', 'EPZX32tThenk', '2022-07-20 00:00:00'),
(987, 'giw987@utdallas.edu', 'Khck-EdlL_AG', '2023-12-21 00:00:00'),
(988, 'efj988@utdallas.edu', '+TZ@H2@CA0M7', '2021-08-21 00:00:00'),
(989, 'cem989@utdallas.edu', 'P=jFBNkoXDy#', '2023-08-10 00:00:00'),
(990, 'jjs990@utdallas.edu', '!YH)QkD^%FFl', '2022-08-15 00:00:00'),
(991, 'ihl991@utdallas.edu', 'vy2T&-_oXu_a', '2023-10-26 00:00:00'),
(992, 'cab992@utdallas.edu', '@zcL&FY+EWzU', '2021-10-16 00:00:00'),
(993, 'eam993@utdallas.edu', 'N!ea84Y+Nw!*', '2019-07-12 00:00:00'),
(994, 'dhb994@utdallas.edu', '=mr*5p$5T9An', '2021-06-11 00:00:00'),
(995, 'bjj995@utdallas.edu', '@tSQ5H$L3Qbd', '2022-10-25 00:00:00'),
(996, 'bgm996@utdallas.edu', 'ptORmhubytso', '2020-12-22 00:00:00'),
(997, 'fdj997@utdallas.edu', 'x1XOYE4Mz_(p', '2024-08-31 00:00:00'),
(998, 'fib998@utdallas.edu', 'uIKRVDuBoAZH', '2022-06-28 00:00:00'),
(999, 'eab999@utdallas.edu', 'gn*&QVjDCi2s', '2020-08-10 00:00:00'),
(1000, 'fhb1000@utdallas.edu', '6_pZHKRgI*!=', '2023-03-11 00:00:00');

--
-- Indexes for dumped tables
--

--
-- Indexes for table `Content`
--
ALTER TABLE `Content`
  ADD PRIMARY KEY (`ContentID`),
  ADD KEY `content_ibfk_1` (`SectionID`);

--
-- Indexes for table `Course`
--
ALTER TABLE `Course`
  ADD PRIMARY KEY (`Course_ID`),
  ADD KEY `Department` (`Department`);

--
-- Indexes for table `Department`
--
ALTER TABLE `Department`
  ADD PRIMARY KEY (`Dname`);

--
-- Indexes for table `Major`
--
ALTER TABLE `Major`
  ADD PRIMARY KEY (`StudentSSN`,`Department`),
  ADD KEY `Department` (`Department`);

--
-- Indexes for table `Minor`
--
ALTER TABLE `Minor`
  ADD PRIMARY KEY (`StudentSSN`,`Department`),
  ADD KEY `Department` (`Department`);

--
-- Indexes for table `Person`
--
ALTER TABLE `Person`
  ADD PRIMARY KEY (`SSN`),
  ADD KEY `UserID` (`UserID`);

--
-- Indexes for table `Professor`
--
ALTER TABLE `Professor`
  ADD PRIMARY KEY (`ProfessorSSN`),
  ADD KEY `Department` (`Department`);

--
-- Indexes for table `Registered`
--
ALTER TABLE `Registered`
  ADD PRIMARY KEY (`StudentSSN`,`SectionID`),
  ADD KEY `registered_ibfk_2` (`SectionID`);

--
-- Indexes for table `Section`
--
ALTER TABLE `Section`
  ADD PRIMARY KEY (`SectionID`),
  ADD KEY `Course_ID` (`Course_ID`),
  ADD KEY `ProfessorSSN` (`ProfessorSSN`);

--
-- Indexes for table `Student`
--
ALTER TABLE `Student`
  ADD PRIMARY KEY (`SSN`);

--
-- Indexes for table `Transcript`
--
ALTER TABLE `Transcript`
  ADD PRIMARY KEY (`StudentSSN`,`SectionID`),
  ADD KEY `transcript_ibfk_2` (`SectionID`);

--
-- Indexes for table `User`
--
ALTER TABLE `User`
  ADD PRIMARY KEY (`UserID`),
  ADD UNIQUE KEY `School_Email` (`School_Email`);

--
-- AUTO_INCREMENT for dumped tables
--

--
-- AUTO_INCREMENT for table `Content`
--
ALTER TABLE `Content`
  MODIFY `ContentID` int(11) NOT NULL AUTO_INCREMENT, AUTO_INCREMENT=5;

--
-- AUTO_INCREMENT for table `Section`
--
ALTER TABLE `Section`
  MODIFY `SectionID` int(11) NOT NULL AUTO_INCREMENT, AUTO_INCREMENT=4;

--
-- Constraints for dumped tables
--

--
-- Constraints for table `Content`
--
ALTER TABLE `Content`
  ADD CONSTRAINT `content_ibfk_1` FOREIGN KEY (`SectionID`) REFERENCES `Section` (`SectionID`) ON DELETE CASCADE ON UPDATE CASCADE;

--
-- Constraints for table `Course`
--
ALTER TABLE `Course`
  ADD CONSTRAINT `course_ibfk_1` FOREIGN KEY (`Department`) REFERENCES `Department` (`Dname`) ON DELETE CASCADE ON UPDATE CASCADE;

--
-- Constraints for table `Major`
--
ALTER TABLE `Major`
  ADD CONSTRAINT `major_ibfk_1` FOREIGN KEY (`StudentSSN`) REFERENCES `Student` (`SSN`) ON DELETE CASCADE ON UPDATE CASCADE,
  ADD CONSTRAINT `major_ibfk_2` FOREIGN KEY (`Department`) REFERENCES `Department` (`Dname`) ON DELETE CASCADE ON UPDATE CASCADE;

--
-- Constraints for table `Minor`
--
ALTER TABLE `Minor`
  ADD CONSTRAINT `minor_ibfk_1` FOREIGN KEY (`StudentSSN`) REFERENCES `Student` (`SSN`) ON DELETE CASCADE ON UPDATE CASCADE,
  ADD CONSTRAINT `minor_ibfk_2` FOREIGN KEY (`Department`) REFERENCES `Department` (`Dname`) ON DELETE CASCADE ON UPDATE CASCADE;

--
-- Constraints for table `Person`
--
ALTER TABLE `Person`
  ADD CONSTRAINT `person_ibfk_1` FOREIGN KEY (`UserID`) REFERENCES `User` (`UserID`) ON DELETE SET NULL ON UPDATE CASCADE;

--
-- Constraints for table `Professor`
--
ALTER TABLE `Professor`
  ADD CONSTRAINT `professor_ibfk_1` FOREIGN KEY (`ProfessorSSN`) REFERENCES `Person` (`SSN`) ON DELETE CASCADE ON UPDATE CASCADE,
  ADD CONSTRAINT `professor_ibfk_2` FOREIGN KEY (`Department`) REFERENCES `Department` (`Dname`) ON DELETE SET NULL ON UPDATE CASCADE;

--
-- Constraints for table `Registered`
--
ALTER TABLE `Registered`
  ADD CONSTRAINT `registered_ibfk_1` FOREIGN KEY (`StudentSSN`) REFERENCES `Student` (`SSN`) ON DELETE CASCADE ON UPDATE CASCADE,
  ADD CONSTRAINT `registered_ibfk_2` FOREIGN KEY (`SectionID`) REFERENCES `Section` (`SectionID`) ON DELETE CASCADE ON UPDATE CASCADE;

--
-- Constraints for table `Section`
--
ALTER TABLE `Section`
  ADD CONSTRAINT `section_ibfk_1` FOREIGN KEY (`Course_ID`) REFERENCES `Course` (`Course_ID`) ON DELETE CASCADE ON UPDATE CASCADE,
  ADD CONSTRAINT `section_ibfk_2` FOREIGN KEY (`ProfessorSSN`) REFERENCES `Professor` (`ProfessorSSN`) ON UPDATE CASCADE;

--
-- Constraints for table `Student`
--
ALTER TABLE `Student`
  ADD CONSTRAINT `student_ibfk_1` FOREIGN KEY (`SSN`) REFERENCES `Person` (`SSN`) ON DELETE CASCADE ON UPDATE CASCADE;

--
-- Constraints for table `Transcript`
--
ALTER TABLE `Transcript`
  ADD CONSTRAINT `transcript_ibfk_1` FOREIGN KEY (`StudentSSN`) REFERENCES `Student` (`SSN`) ON DELETE CASCADE ON UPDATE CASCADE,
  ADD CONSTRAINT `transcript_ibfk_2` FOREIGN KEY (`SectionID`) REFERENCES `Section` (`SectionID`) ON DELETE CASCADE ON UPDATE CASCADE;
COMMIT;

/*!40101 SET CHARACTER_SET_CLIENT=@OLD_CHARACTER_SET_CLIENT */;
/*!40101 SET CHARACTER_SET_RESULTS=@OLD_CHARACTER_SET_RESULTS */;
/*!40101 SET COLLATION_CONNECTION=@OLD_COLLATION_CONNECTION */;
