StudentSSN,Section_ID
569379641,183
569379641,214
569379641,280
569379641,276
721899056,88
721899056,12
721899056,138
721899056,27
721899056,235
721899056,110
278385512,310
278385512,58
278385512,213
278385512,245
278385512,196
792516743,261
792516743,78
792516743,233
792516743,66
792516743,158
792516743,219
518135220,53
518135220,319
518135220,273
518135220,299
518135220,308
372736581,59
372736581,134
372736581,258
372736581,8
372736581,131
775699667,235
775699667,81
775699667,48
775699667,180
775699667,193
775699667,106
231748591,218
231748591,100
231748591,49
231748591,192
231748591,72
231748591,211
231748591,122
175992227,214
175992227,103
175992227,238
175992227,117
175992227,167
100000030,304
100000030,175
100000030,13
100000030,31
100000030,179
100000030,293
100000030,24
170752202,121
170752202,182
170752202,208
170752202,259
170752202,165
170752202,201
382309263,259
382309263,126
382309263,256
382309263,82
382309263,106
382309263,141
382309263,65
771769527,151
771769527,32
771769527,50
771769527,1
771769527,80
750793970,168
750793970,40
750793970,318
750793970,238
744675232,186
744675232,164
744675232,179
744675232,291
744675232,69
744675232,271
542384857,248
542384857,185
542384857,151
542384857,135
634276401,316
634276401,114
634276401,178
634276401,126
634276401,59
634276401,89
817949260,197
817949260,115
817949260,240
817949260,208
817949260,9
817949260,232
817949260,184
120915055,293
120915055,17
120915055,148
120915055,199
120915055,118
936096402,29
936096402,194
936096402,4
936096402,9
936096402,159
424527880,20
424527880,103
424527880,192
424527880,29
424527880,68
424527880,319
424527880,28
509240053,183
509240053,219
509240053,97
509240053,264
509240053,249
509240053,143
509240053,31
878686104,173
878686104,141
878686104,251
878686104,286
492965119,145
492965119,211
492965119,27
492965119,231
492965119,14
519233506,289
519233506,118
519233506,201
519233506,121
519233506,254
519233506,229
113129880,96
113129880,131
113129880,162
113129880,85
113129880,239
828130093,243
828130093,92
828130093,162
828130093,51
444199247,237
444199247,229
444199247,147
444199247,217
444199247,190
444199247,74
949654912,242
949654912,250
949654912,188
949654912,250
949654912,130
854960070,105
854960070,89
854960070,26
854960070,147
854960070,26
854960070,115
318653319,190
318653319,197
318653319,166
318653319,42
318653319,106
816946341,99
816946341,8
816946341,159
816946341,172
816946341,181
816946341,155
816946341,156
100000050,292
100000050,85
100000050,310
100000050,281
100000050,262
100000050,166
100000049,123
100000049,20
100000049,1
100000049,182
100000049,243
727209592,302
727209592,108
727209592,164
727209592,123
727209592,33
643323582,131
643323582,112
643323582,23
643323582,90
643323582,183
941338455,257
941338455,279
941338455,121
941338455,192
252681093,68
252681093,27
252681093,228
252681093,283
252681093,32
252681093,193
252681093,45
468496763,79
468496763,160
468496763,29
468496763,44
468496763,180
468496763,77
581097716,108
581097716,131
581097716,257
581097716,211
581097716,120
581097716,208
581097716,84
100000056,246
100000056,77
100000056,66
100000056,27
100000056,167
100000056,118
100000056,91
100000087,129
100000087,112
100000087,125
100000087,212
100000087,204
664982578,126
664982578,290
664982578,76
664982578,123
664982578,191
664982578,308
664982578,147
878113706,213
878113706,269
878113706,181
878113706,70
878113706,13
878113706,69
878113706,13
418256535,275
418256535,214
418256535,180
418256535,241
418256535,21
610363248,20
610363248,197
610363248,128
610363248,186
610363248,77
610363248,46
610363248,244
370546816,239
370546816,256
370546816,250
370546816,208
370546816,122
399265425,306
399265425,88
399265425,71
399265425,281
399265425,142
399265425,207
295296741,82
295296741,192
295296741,277
295296741,146
295296741,117
295296741,57
100000032,246
100000032,112
100000032,49
100000032,287
100000032,29
100000032,13
696379272,50
696379272,109
696379272,22
696379272,57
696379272,80
969872661,60
969872661,228
969872661,278
969872661,314
969872661,102
185437537,237
185437537,253
185437537,127
185437537,264
185437537,134
567401867,206
567401867,80
567401867,163
567401867,216
567401867,156
567401867,310
567401867,301
209345817,153
209345817,98
209345817,139
209345817,278
209345817,273
679411264,23
679411264,284
679411264,165
679411264,280
679411264,120
679411264,278
246499922,214
246499922,84
246499922,240
246499922,207
246499922,52
617819228,9
617819228,230
617819228,73
617819228,278
617819228,187
617819228,53
248946972,223
248946972,71
248946972,99
248946972,138
248946972,143
248946972,247
347842732,157
347842732,141
347842732,70
347842732,118
347842732,246
347842732,239
555638528,38
555638528,121
555638528,103
555638528,219
873784666,72
873784666,291
873784666,294
873784666,122
873784666,250
873784666,165
448757944,83
448757944,174
448757944,156
448757944,95
448757944,73
448757944,237
247902318,248
247902318,108
247902318,213
247902318,56
247902318,152
247902318,219
247902318,7
853677263,131
853677263,253
853677263,29
853677263,177
853677263,84
853677263,75
684848478,287
684848478,156
684848478,121
684848478,243
433200315,249
433200315,229
433200315,141
433200315,68
433200315,303
433200315,260
562898293,51
562898293,187
562898293,138
562898293,204
562898293,106
562898293,216
932555948,273
932555948,102
932555948,153
932555948,64
932555948,9
339708300,142
339708300,109
339708300,78
339708300,10
339708300,80
339708300,273
872197714,194
872197714,315
872197714,92
872197714,147
872197714,57
872197714,24
100000026,196
100000026,119
100000026,175
100000026,25
100000026,107
100000026,290
455496409,295
455496409,112
455496409,175
455496409,94
634577579,49
634577579,232
634577579,104
634577579,187
634577579,201
213046640,205
213046640,131
213046640,178
213046640,123
213046640,15
789244692,32
789244692,224
789244692,64
789244692,137
789244692,232
550141983,218
550141983,246
550141983,94
550141983,152
550141983,253
872400342,124
872400342,43
872400342,2
872400342,66
872400342,315
872400342,41
859707809,301
859707809,122
859707809,104
859707809,197
490512774,56
490512774,64
490512774,191
490512774,317
490512774,152
490512774,164
764007942,69
764007942,39
764007942,131
764007942,218
764007942,300
375352489,135
375352489,85
375352489,77
375352489,191
375352489,194
375352489,30
375352489,118
100000082,25
100000082,238
100000082,91
100000082,211
100000082,55
100000082,83
100000082,116
390716057,291
390716057,59
390716057,273
390716057,203
390716057,172
390716057,290
931829666,151
931829666,301
931829666,264
931829666,82
931829666,83
456744286,63
456744286,99
456744286,156
456744286,318
456744286,40
100000067,293
100000067,255
100000067,269
100000067,72
100000067,214
100000067,122
100000067,320
702951002,243
702951002,15
702951002,152
702951002,140
702951002,172
702951002,107
200700144,78
200700144,138
200700144,202
200700144,269
139620818,68
139620818,249
139620818,288
139620818,178
139620818,218
400536409,240
400536409,157
400536409,90
400536409,33
400536409,96
127440715,93
127440715,161
127440715,3
127440715,233
127440715,226
127440715,179
232463973,29
232463973,141
232463973,251
232463973,139
232463973,273
917119093,14
917119093,199
917119093,63
917119093,101
917119093,56
917119093,122
917119093,236
863861244,288
863861244,279
863861244,181
863861244,180
863861244,294
863861244,313
863861244,123
421168155,197
421168155,102
421168155,54
421168155,60
421168155,82
818021944,179
818021944,41
818021944,139
818021944,35
818021944,195
818021944,74
818021944,69
139675375,248
139675375,92
139675375,170
139675375,244
139675375,227
731921613,173
731921613,125
731921613,68
731921613,53
731921613,70
731921613,75
877831367,165
877831367,141
877831367,62
877831367,256
877831367,262
877831367,293
877831367,135
697479426,242
697479426,135
697479426,29
697479426,64
697479426,260
148738946,91
148738946,76
148738946,47
148738946,312
148738946,120
148738946,249
148738946,46
100000062,106
100000062,3
100000062,91
100000062,140
100000062,33
100000062,134
100000062,64
577483577,215
577483577,291
577483577,209
577483577,55
577483577,19
577483577,245
577483577,137
922625532,278
922625532,28
922625532,318
922625532,151
922625532,278
511379958,90
511379958,253
511379958,17
511379958,32
511379958,147
511379958,203
511379958,313
578896162,166
578896162,49
578896162,294
578896162,223
578896162,209
578896162,173
448517496,33
448517496,174
448517496,125
448517496,299
448517496,106
448517496,317
848500860,154
848500860,11
848500860,121
848500860,187
848500860,312
848500860,128
848500860,316
592515220,62
592515220,305
592515220,147
592515220,10
592515220,177
100000068,8
100000068,182
100000068,45
100000068,271
378100947,189
378100947,161
378100947,309
378100947,296
378100947,277
378100947,162
287986033,272
287986033,128
287986033,307
287986033,110
287986033,307
287986033,259
695769552,253
695769552,165
695769552,210
695769552,285
695769552,70
665084529,271
665084529,78
665084529,28
665084529,12
665084529,87
665084529,282
619319418,293
619319418,127
619319418,8
619319418,27
415343665,61
415343665,298
415343665,160
415343665,17
415343665,273
100000059,26
100000059,101
100000059,34
100000059,201
100000059,70
100000059,134
100000059,165
100000065,149
100000065,288
100000065,321
100000065,226
100000065,283
100000065,238
558020914,42
558020914,251
558020914,32
558020914,91
558020914,311
558020914,149
558020914,56
575250883,255
575250883,51
575250883,221
575250883,195
575250883,237
497423343,31
497423343,33
497423343,204
497423343,314
497423343,113
222025475,105
222025475,246
222025475,85
222025475,81
222025475,113
981073463,247
981073463,65
981073463,129
981073463,31
981073463,8
981073463,252
350916127,290
350916127,151
350916127,80
350916127,305
350916127,27
903552170,2
903552170,60
903552170,68
903552170,149
903552170,249
903552170,90
564813482,295
564813482,58
564813482,10
564813482,194
564813482,72
564813482,211
469554539,115
469554539,178
469554539,150
469554539,275
469554539,173
469554539,311
428474999,321
428474999,178
428474999,71
428474999,306
428474999,218
100000017,66
100000017,93
100000017,176
100000017,190
100000017,111
610807352,164
610807352,193
610807352,289
610807352,289
610807352,57
854562728,196
854562728,175
854562728,80
854562728,294
854562728,165
854562728,118
220660195,122
220660195,194
220660195,185
220660195,216
220660195,59
797964938,122
797964938,85
797964938,37
797964938,222
797964938,60
140504709,163
140504709,134
140504709,234
140504709,207
140504709,76
140504709,43
492915814,149
492915814,211
492915814,187
492915814,177
798378606,119
798378606,51
798378606,84
798378606,28
798378606,171
798378606,209
614231199,166
614231199,56
614231199,33
614231199,228
614231199,222
614231199,223
614231199,275
532823545,299
532823545,297
532823545,15
532823545,253
532823545,204
140514537,78
140514537,165
140514537,308
140514537,192
140514537,70
140514537,127
493112501,273
493112501,7
493112501,92
493112501,155
493112501,135
493112501,260
493112501,173
100000052,207
100000052,183
100000052,54
100000052,257
100000052,39
552297348,43
552297348,297
552297348,267
552297348,262
552297348,316
552297348,72
563951297,275
563951297,61
563951297,320
563951297,24
563951297,147
855319285,248
855319285,134
855319285,309
855319285,149
855319285,93
855319285,18
796710786,76
796710786,130
796710786,38
796710786,223
796710786,97
796710786,166
796710786,291
289329422,9
289329422,64
289329422,15
289329422,229
289329422,131
289329422,36
670178227,108
670178227,315
670178227,309
670178227,27
670178227,186
608651863,191
608651863,79
608651863,155
608651863,60
608651863,80
608651863,107
608651863,9
576687226,102
576687226,171
576687226,118
576687226,32
576687226,248
576687226,256
576687226,222
174332696,131
174332696,18
174332696,146
174332696,85
174332696,263
174332696,16
444364698,51
444364698,220
444364698,139
444364698,202
444364698,252
629067319,34
629067319,245
629067319,264
629067319,83
629067319,263
629067319,72
100000036,186
100000036,119
100000036,36
100000036,214
100000036,146
100000036,162
545686211,72
545686211,176
545686211,23
545686211,267
545686211,166
545686211,263
545686211,239
959441262,314
959441262,291
959441262,89
959441262,66
959441262,102
959441262,155
959441262,272
123155514,137
123155514,176
123155514,99
123155514,134
123155514,258
951367056,175
951367056,96
951367056,276
951367056,21
951367056,171
951367056,253
947378132,180
947378132,64
947378132,252
947378132,105
947378132,224
947378132,221
100000051,192
100000051,180
100000051,52
100000051,248
100000051,216
100000054,189
100000054,296
100000054,258
100000054,36
100000054,60
100000054,284
100000076,110
100000076,261
100000076,255
100000076,18
100000076,88
100000076,107
100000076,171
553115802,266
553115802,213
553115802,299
553115802,318
553115802,40
553115802,3
553115802,149
652611160,201
652611160,242
652611160,242
652611160,157
652611160,42
652611160,180
652611160,250
925018754,249
925018754,29
925018754,97
925018754,120
925018754,306
568885552,182
568885552,128
568885552,144
568885552,234
931138684,11
931138684,94
931138684,301
931138684,310
931138684,52
931138684,46
931138684,4
173346369,46
173346369,192
173346369,149
173346369,160
173346369,248
984951643,46
984951643,259
984951643,136
984951643,244
984951643,90
984951643,207
351694746,250
351694746,142
351694746,216
351694746,257
351694746,24
351694746,96
351694746,223
713964741,240
713964741,199
713964741,246
713964741,53
713964741,68
713964741,191
655470897,128
655470897,167
655470897,233
655470897,108
200326629,213
200326629,236
200326629,185
200326629,192
200326629,239
200326629,308
200326629,85
920850538,147
920850538,165
920850538,239
920850538,275
920850538,237
586894827,287
586894827,26
586894827,221
586894827,111
586894827,234
354896138,290
354896138,216
354896138,22
354896138,2
354896138,34
354896138,78
354896138,171
300178145,39
300178145,280
300178145,163
300178145,317
300178145,257
381743739,292
381743739,145
381743739,273
381743739,306
381743739,82
632058071,116
632058071,178
632058071,128
632058071,76
632058071,282
632058071,179
175673079,86
175673079,175
175673079,18
175673079,1
175673079,127
175673079,251
175673079,155
365328759,185
365328759,176
365328759,268
365328759,21
365328759,294
365328759,155
365328759,13
523698157,31
523698157,19
523698157,315
523698157,85
523698157,8
100000029,315
100000029,27
100000029,284
100000029,122
380068897,187
380068897,19
380068897,93
380068897,273
380068897,87
380068897,57
538279222,290
538279222,263
538279222,249
538279222,228
538279222,123
705281293,20
705281293,52
705281293,17
705281293,305
705281293,317
705281293,109
204673498,169
204673498,60
204673498,34
204673498,176
204673498,297
204673498,292
709464906,97
709464906,104
709464906,202
709464906,236
709464906,46
709464906,31
385332923,207
385332923,148
385332923,205
385332923,251
385332923,148
354735680,136
354735680,153
354735680,139
354735680,8
354735680,214
114203867,313
114203867,110
114203867,146
114203867,188
114203867,165
100000060,245
100000060,279
100000060,18
100000060,65
100000060,239
532010062,206
532010062,265
532010062,100
532010062,210
532010062,190
532010062,195
245120297,314
245120297,252
245120297,169
245120297,174
245120297,24
288593626,154
288593626,223
288593626,311
288593626,107
288593626,10
865728004,316
865728004,200
865728004,212
865728004,277
865728004,133
865728004,285
226323832,69
226323832,220
226323832,23
226323832,58
226323832,270
643940275,250
643940275,285
643940275,185
643940275,174
643940275,154
562361311,17
562361311,23
562361311,250
562361311,277
562361311,28
562361311,294
126902403,240
126902403,189
126902403,195
126902403,103
126902403,266
126902403,202
126902403,311
863425755,90
863425755,19
863425755,231
863425755,154
863425755,56
863425755,136
693959601,41
693959601,287
693959601,188
693959601,71
693959601,297
548952570,120
548952570,287
548952570,286
548952570,95
548952570,270
691369051,11
691369051,100
691369051,214
691369051,198
691369051,65
691369051,153
622244780,178
622244780,35
622244780,105
622244780,213
622244780,18
622244780,166
974650131,94
974650131,182
974650131,58
974650131,50
974650131,309
974650131,69
878803525,130
878803525,4
878803525,246
878803525,251
878803525,190
878803525,212
750176742,147
750176742,281
750176742,49
750176742,275
325266190,27
325266190,31
325266190,247
325266190,82
325266190,110
325266190,229
100000028,191
100000028,148
100000028,284
100000028,112
100000028,177
100000028,249
100000009,43
100000009,210
100000009,111
100000009,168
100000009,56
626067603,69
626067603,34
626067603,163
626067603,28
626067603,149
129280263,139
129280263,308
129280263,280
129280263,27
129280263,255
609492883,86
609492883,208
609492883,221
609492883,71
609492883,14
609492883,61
273069947,283
273069947,286
273069947,309
273069947,211
728533392,157
728533392,82
728533392,74
728533392,265
728533392,212
728533392,29
598032398,58
598032398,267
598032398,90
598032398,10
598032398,51
546664614,208
546664614,214
546664614,271
546664614,46
546664614,270
546664614,129
484315908,141
484315908,254
484315908,117
484315908,99
484315908,20
484315908,269
665866163,188
665866163,265
665866163,314
665866163,200
665866163,66
665866163,212
305548431,157
305548431,74
305548431,15
305548431,295
305548431,32
305548431,220
826354697,240
826354697,118
826354697,251
826354697,279
826354697,185
826354697,210
789313016,55
789313016,250
789313016,1
789313016,202
789313016,144
427441052,252
427441052,92
427441052,186
427441052,58
427441052,52
427441052,22
427441052,49
962003519,104
962003519,251
962003519,248
962003519,317
962003519,318
204569801,64
204569801,81
204569801,125
204569801,85
992677232,7
992677232,146
992677232,303
992677232,282
992677232,225
992677232,22
992677232,121
222772332,123
222772332,209
222772332,136
222772332,318
222772332,139
222772332,178
100000096,203
100000096,84
100000096,170
100000096,228
100000096,44
100000096,82
100000096,217
675345800,39
675345800,162
675345800,298
675345800,218
675345800,83
675345800,26
438701890,11
438701890,162
438701890,98
438701890,217
438701890,81
459333929,255
459333929,39
459333929,143
459333929,248
459333929,282
459333929,32
459333929,300
784358717,85
784358717,179
784358717,76
784358717,144
784358717,259
784358717,246
784358717,10
100000033,14
100000033,212
100000033,199
100000033,205
100000033,298
100000033,312
100000033,145
100000086,161
100000086,58
100000086,34
100000086,319
100000086,225
100000086,12
100000008,44
100000008,304
100000008,75
100000008,119
100000008,35
653139111,183
653139111,202
653139111,169
653139111,72
653139111,259
653139111,64
653139111,218
109730698,22
109730698,86
109730698,29
109730698,1
109730698,82
109730698,70
109730698,97
811705918,292
811705918,158
811705918,161
811705918,201
811705918,16
858977303,193
858977303,294
858977303,254
858977303,54
858977303,313
858977303,225
920150314,181
920150314,254
920150314,54
920150314,252
920150314,196
559519684,30
559519684,58
559519684,193
559519684,61
559519684,76
412722540,95
412722540,178
412722540,276
412722540,77
412722540,15
439516495,186
439516495,195
439516495,259
439516495,181
976061078,159
976061078,31
976061078,159
976061078,33
976061078,160
976061078,281
976061078,137
642064066,204
642064066,112
642064066,10
642064066,125
642064066,244
239723563,253
239723563,136
239723563,233
239723563,239
239723563,52
239723563,37
239723563,214
768332960,100
768332960,25
768332960,295
768332960,250
768332960,107
768332960,289
420943618,76
420943618,59
420943618,212
420943618,88
420943618,241
420943618,202
689586330,188
689586330,198
689586330,28
689586330,39
689586330,156
689586330,153
272348825,27
272348825,261
272348825,131
272348825,300
272348825,45
272348825,60
272348825,78
630763594,51
630763594,279
630763594,164
630763594,296
630763594,99
630763594,83
630763594,305
452066640,160
452066640,239
452066640,260
452066640,65
452066640,241
452066640,321
605425137,37
605425137,203
605425137,260
605425137,28
605425137,21
605425137,161
605425137,281
100000025,131
100000025,176
100000025,228
100000025,284
100000025,53
100000025,40
841368422,230
841368422,80
841368422,110
841368422,49
841368422,3
841368422,123
841368422,195
704418877,243
704418877,155
704418877,128
704418877,176
704418877,127
704418877,81
704418877,14
936650072,240
936650072,7
936650072,175
936650072,108
936650072,204
936650072,89
939233821,261
939233821,282
939233821,182
939233821,143
939233821,33
939233821,263
939233821,91
941330580,212
941330580,162
941330580,262
941330580,264
941330580,289
941330580,131
372745862,225
372745862,309
372745862,2
372745862,184
372745862,168
372745862,166
315730461,163
315730461,91
315730461,275
315730461,17
315730461,39
315730461,31
423003161,119
423003161,147
423003161,204
423003161,125
768048671,296
768048671,106
768048671,287
768048671,88
768048671,115
768048671,166
768048671,44
311401416,195
311401416,26
311401416,282
311401416,34
311401416,182
311401416,5
311401416,147
100000061,202
100000061,318
100000061,216
100000061,156
100000061,142
842727338,197
842727338,152
842727338,170
842727338,22
842727338,229
842727338,113
459870631,121
459870631,120
459870631,125
459870631,173
459870631,182
459870631,172
100000018,131
100000018,225
100000018,210
100000018,178
481585099,313
481585099,308
481585099,251
481585099,62
481585099,24
481585099,313
100000047,132
100000047,296
100000047,288
100000047,105
100000047,49
100000047,203
834118527,136
834118527,140
834118527,234
834118527,210
834118527,117
834118527,232
508175756,18
508175756,58
508175756,249
508175756,232
508175756,181
508175756,89
100000088,262
100000088,267
100000088,74
100000088,68
100000088,52
100000088,280
100000088,138
673823620,259
673823620,43
673823620,119
673823620,72
673823620,178
673823620,318
818977738,59
818977738,231
818977738,271
818977738,31
818977738,52
572224617,131
572224617,209
572224617,163
572224617,306
572224617,142
747380244,21
747380244,138
747380244,78
747380244,39
747380244,49
747380244,169
249430699,158
249430699,183
249430699,95
249430699,94
249430699,56
249430699,282
444794052,296
444794052,290
444794052,160
444794052,11
444794052,223
444794052,179
448950483,248
448950483,194
448950483,170
448950483,284
448950483,267
448950483,202
448950483,46
944480866,67
944480866,216
944480866,136
944480866,227
944480866,134
944480866,314
724134517,269
724134517,42
724134517,180
724134517,238
724134517,6
724134517,230
724134517,145
951402384,97
951402384,231
951402384,23
951402384,97
951402384,202
951402384,132
736252074,167
736252074,115
736252074,161
736252074,249
135467474,290
135467474,155
135467474,48
135467474,191
135467474,130
135467474,98
532373775,275
532373775,221
532373775,17
532373775,43
532373775,311
100000093,1
100000093,197
100000093,123
100000093,57
100000093,178
100000093,295
291301763,155
291301763,68
291301763,70
291301763,157
291301763,93
291301763,214
656843612,43
656843612,260
656843612,126
656843612,162
656843612,51
656843612,78
734381336,8
734381336,276
734381336,321
734381336,296
734381336,289
985381569,90
985381569,266
985381569,20
985381569,263
985381569,133
985381569,24
985381569,280
122610077,85
122610077,188
122610077,233
122610077,76
122610077,315
122610077,221
929736750,285
929736750,266
929736750,46
929736750,65
929736750,286
929736750,267
734475637,43
734475637,7
734475637,245
734475637,270
126201917,320
126201917,287
126201917,10
126201917,179
126201917,10
126201917,27
126201917,146
100000044,221
100000044,33
100000044,68
100000044,182
100000044,86
935311638,184
935311638,197
935311638,196
935311638,77
935311638,74
935311638,50
935311638,49
182466487,300
182466487,236
182466487,66
182466487,79
182466487,47
182466487,186
809227630,221
809227630,150
809227630,73
809227630,128
809227630,309
809227630,152
809227630,70
592694106,153
592694106,98
592694106,269
592694106,67
592694106,255
557024415,156
557024415,265
557024415,169
557024415,67
557024415,132
557024415,72
100000019,241
100000019,243
100000019,133
100000019,129
100000019,164
100000019,2
293186456,12
293186456,252
293186456,203
293186456,282
293186456,124
293186456,33
149973719,275
149973719,97
149973719,138
149973719,175
149973719,140
149973719,151
149973719,61
962139099,218
962139099,28
962139099,289
962139099,143
962139099,248
962139099,226
962139099,260
305615009,170
305615009,319
305615009,24
305615009,246
305615009,35
305615009,119
305615009,191
972109917,194
972109917,58
972109917,82
972109917,191
972109917,250
972109917,277
396683565,204
396683565,141
396683565,308
396683565,260
396683565,269
396683565,127
396683565,227
817303771,141
817303771,191
817303771,268
817303771,19
817303771,144
817303771,111
969182868,140
969182868,70
969182868,215
969182868,155
969182868,199
969182868,89
969182868,103
174631601,311
174631601,59
174631601,265
174631601,36
174631601,264
174631601,203
100000081,317
100000081,146
100000081,167
100000081,220
100000081,231
359196383,274
359196383,167
359196383,75
359196383,21
359196383,172
359196383,74
988405591,137
988405591,64
988405591,229
988405591,49
988405591,25
988405591,121
918394307,179
918394307,273
918394307,265
918394307,294
918394307,220
918394307,73
918394307,136
165090933,155
165090933,82
165090933,290
165090933,165
165090933,164
165090933,189
100000031,166
100000031,191
100000031,257
100000031,160
100000031,305
100000031,297
378989510,246
378989510,23
378989510,53
378989510,319
378989510,121
378989510,263
686895345,290
686895345,13
686895345,230
686895345,299
686895345,189
686895345,24
686895345,168
451218285,225
451218285,267
451218285,90
451218285,20
451218285,291
236904003,148
236904003,189
236904003,317
236904003,223
236904003,52
236904003,175
784151492,21
784151492,182
784151492,109
784151492,69
784151492,284
784151492,316
784151492,3
197458669,35
197458669,233
197458669,257
197458669,231
197458669,224
627517641,147
627517641,95
627517641,156
627517641,272
627517641,134
627517641,45
699678615,92
699678615,228
699678615,174
699678615,176
699678615,174
792385108,264
792385108,72
792385108,164
792385108,201
376664011,226
376664011,40
376664011,101
376664011,111
376664011,23
376664011,66
772580855,44
772580855,95
772580855,6
772580855,309
772580855,226
772580855,205
772580855,4
394365269,68
394365269,268
394365269,70
394365269,33
394365269,101
907951242,13
907951242,226
907951242,264
907951242,110
907951242,286
992315967,163
992315967,102
992315967,115
992315967,54
992315967,312
659413809,253
659413809,196
659413809,173
659413809,209
659413809,38
659413809,127
659413809,111
100000089,226
100000089,205
100000089,256
100000089,293
100000089,61
100000089,51
100000089,73
371770700,140
371770700,206
371770700,63
371770700,137
371770700,308
371770700,280
528602885,127
528602885,245
528602885,78
528602885,302
528602885,233
528602885,35
525268183,263
525268183,125
525268183,239
525268183,61
525268183,87
388211450,318
388211450,246
388211450,40
388211450,244
388211450,17
961243520,44
961243520,190
961243520,46
961243520,70
961243520,143
989916266,272
989916266,254
989916266,5
989916266,33
989916266,171
989916266,53
589805086,189
589805086,320
589805086,57
589805086,65
589805086,285
589805086,298
547635042,18
547635042,15
547635042,134
547635042,304
547635042,169
450010674,148
450010674,321
450010674,72
450010674,126
450010674,124
546222657,242
546222657,276
546222657,146
546222657,318
546222657,268
546222657,42
980343898,21
980343898,296
980343898,197
980343898,128
980343898,186
985075643,88
985075643,51
985075643,184
985075643,55
959151452,152
959151452,87
959151452,236
959151452,28
959151452,227
704371183,250
704371183,217
704371183,8
704371183,224
704371183,225
704371183,61
704371183,174
932770935,57
932770935,264
932770935,47
932770935,139
932770935,187
140854214,264
140854214,250
140854214,172
140854214,70
140854214,295
140854214,202
140854214,36
100000012,272
100000012,100
100000012,5
100000012,233
100000012,171
100000012,230
100000012,225
954328143,63
954328143,38
954328143,266
954328143,125
954328143,151
954328143,257
954328143,313
868356701,51
868356701,200
868356701,191
868356701,153
868356701,149
868356701,183
100000013,225
100000013,153
100000013,207
100000013,188
100000013,123
100000013,234
837349019,106
837349019,9
837349019,60
837349019,253
837349019,85
398790005,96
398790005,32
398790005,312
398790005,321
100000078,14
100000078,104
100000078,173
100000078,28
100000078,295
100000078,40
100000007,21
100000007,19
100000007,41
100000007,302
100000007,148
100000007,121
644201171,194
644201171,226
644201171,301
644201171,106
644201171,222
256215940,248
256215940,142
256215940,183
256215940,136
501266473,63
501266473,65
501266473,180
501266473,31
501266473,79
501266473,241
501266473,314
692505615,61
692505615,105
692505615,112
692505615,110
692505615,44
692505615,205
197937220,140
197937220,74
197937220,303
197937220,290
197937220,91
197937220,73
197937220,316
848463319,275
848463319,55
848463319,287
848463319,122
848463319,319
848463319,120
100000021,88
100000021,85
100000021,200
100000021,60
100000021,136
100000021,113
296542833,212
296542833,185
296542833,18
296542833,157
296542833,194
296542833,223
296542833,306
208560084,278
208560084,80
208560084,113
208560084,87
208560084,175
912615981,239
912615981,289
912615981,305
912615981,213
912615981,177
912615981,137
667047595,230
667047595,307
667047595,227
667047595,285
667047595,175
667047595,57
667047595,128
100000091,157
100000091,271
100000091,9
100000091,42
100000091,76
100000091,82
246310500,93
246310500,113
246310500,222
246310500,259
246310500,193
315727734,171
315727734,152
315727734,62
315727734,125
315727734,179
719207995,194
719207995,277
719207995,271
719207995,202
490512206,280
490512206,301
490512206,188
490512206,293
490512206,205
490512206,7
602696012,301
602696012,259
602696012,109
602696012,47
100000006,206
100000006,46
100000006,8
100000006,310
230419529,39
230419529,191
230419529,238
230419529,39
954729948,144
954729948,211
954729948,308
954729948,62
954729948,242
327094002,154
327094002,217
327094002,195
327094002,230
327094002,20
833125144,138
833125144,192
833125144,85
833125144,250
100000005,169
100000005,151
100000005,19
100000005,29
780161480,38
780161480,21
780161480,143
780161480,287
107110226,138
107110226,283
107110226,255
107110226,187
117355142,190
117355142,313
117355142,102
117355142,174
688777625,37
688777625,197
688777625,7
688777625,36
787560780,139
787560780,204
787560780,140
787560780,99
824566824,305
824566824,134
824566824,320
350825420,180
350825420,34
350825420,220
350825420,103
350825420,62
808966474,171
808966474,59
808966474,19
808966474,185
808966474,244
808966474,313
808966474,169
100000046,111
100000046,302
100000046,280
384921160,317
384921160,170
384921160,63
384921160,207
384921160,72
384921160,79
317026478,290
317026478,274
317026478,205
317026478,206
317026478,75
317026478,118
857184401,227
857184401,104
857184401,58
703371040,240
703371040,207
703371040,316
378099207,101
378099207,208
378099207,80
937564802,252
937564802,195
937564802,194
937564802,220
937564802,136
937564802,6
854481856,15
854481856,19
854481856,92
792693264,204
792693264,216
792693264,172
792693264,110
792693264,125
792693264,245
940867683,270
940867683,24
940867683,30
542536212,253
542536212,112
542536212,212
845842315,126
845842315,27
845842315,201
845842315,87
845842315,2
845842315,47
155022875,28
155022875,243
155022875,198
100000037,306
100000037,74
100000037,64
100000037,15
100000037,308
100000037,127
359578474,281
359578474,198
159057629,291
159057629,17
746423780,231
746423780,21
746423780,100
746423780,283
746423780,100
360724385,141
360724385,5
552839373,29
552839373,194
552839373,264
552839373,297
541880068,123
541880068,189
315859447,208
315859447,59
315859447,56
315859447,293
248395736,127
248395736,284
248395736,275
248395736,317
420861378,243
420861378,227
420861378,163
420861378,55
420861378,196
660296604,146
660296604,157
660296604,213
660296604,47
660296604,89
660296604,241
100000002,264
100000002,262
100000002,253
100000002,11
100000002,209
100000002,1
569709267,299
569709267,301
513973005,224
513973005,319
416892316,242
416892316,305
416892316,129
416892316,6
416892316,300
416892316,231
986741551,31
986741551,208
986741551,28
986741551,50
515366444,122
515366444,201
418461660,85
418461660,28
212932310,313
212932310,313
275469003,229
275469003,149
275469003,62
275469003,109
275469003,239
275469003,318
531962051,311
531962051,217
531962051,293
531962051,217
531962051,206
172507097,270
172507097,122
172507097,101
172507097,213
172507097,281
231865958,176
231865958,305
816334009,312
816334009,102
816334009,281
816334009,9
657564362,303
657564362,219
657564362,54
657564362,234
657564362,143
387611836,289
387611836,219
387611836,27
387611836,58
387611836,151
829954517,17
829954517,23
571673439,67
571673439,126
571673439,259
571673439,39
571673439,49
270848482,10
270848482,260
834112233,253
834112233,133
156526146,206
156526146,240
613091281,114
613091281,129
613091281,137
613091281,204
613091281,317
785418685,58
785418685,10
785418685,17
785418685,146
785418685,306
233591784,185
233591784,286
233591784,235
233591784,253
233591784,86
233591784,183
370375018,143
370375018,45
370375018,65
370375018,78
370375018,248
370375018,146
733700590,226
733700590,225
733700590,293
733700590,303
733700590,235
290277089,41
290277089,71
290277089,118
290277089,281
290277089,153
979966424,106
979966424,190
979966424,190
979966424,64
979966424,297
916952800,142
916952800,42
322635152,182
322635152,208
322635152,141
322635152,43
322635152,256
100000034,172
100000034,8
100000034,238
100000034,29
100000034,251
100000034,247
632698840,44
632698840,181
632698840,273
632698840,175
632698840,139
655500756,187
655500756,151
927304408,92
927304408,176
115774329,33
115774329,103
115774329,28
115774329,24
115774329,70
115774329,77
465735607,85
465735607,92
560458287,231
560458287,280
560458287,70
560458287,67
560458287,278
560458287,255
504448684,174
504448684,295
504448684,215
504448684,83
504448684,319
509736956,90
509736956,271
695459820,259
695459820,291
524078148,73
524078148,283
524078148,15
524078148,17
524078148,42
647506395,129
647506395,148
647506395,283
647506395,126
647506395,14
647506395,58
512038250,316
512038250,186
987260886,80
987260886,97
514086103,19
514086103,222
514086103,109
514086103,6
514086103,290
626176346,77
626176346,29
706572534,287
706572534,69
914408084,320
914408084,194
759603011,282
759603011,172
338354016,121
338354016,92
338354016,190
338354016,75
156438046,228
156438046,263
455628746,304
455628746,278
455628746,278
455628746,171
238352398,138
238352398,144
857149319,155
857149319,115
635926566,86
635926566,196
635926566,129
635926566,147
635926566,215
297149847,171
297149847,165
500019392,280
500019392,155
500019392,79
500019392,275
796740966,138
796740966,242
202448052,92
202448052,314
380910782,107
380910782,144
775632900,165
775632900,315
775632900,166
775632900,226
775632900,298
690275357,286
690275357,321
457743532,290
457743532,31
418483364,234
418483364,226
304665873,91
304665873,263
568629556,97
568629556,4
487452265,313
487452265,117
101739660,247
101739660,31
885256329,160
885256329,222
171799316,261
171799316,321
171799316,187
171799316,314
569423933,296
569423933,164
871575955,269
871575955,98
574300329,143
574300329,273
538711442,309
538711442,1
584937760,38
584937760,181
100000048,250
100000048,33
100000048,182
100000048,256
100000048,248
100000048,35
377839834,125
377839834,9
202313370,319
202313370,284
100000003,243
100000003,126
978250576,54
978250576,164
508652510,141
616819312,29
224163916,99
458509960,142
651780571,290
651780571,56
651780571,192
651780571,180
651780571,304
202440930,165
607152926,61
102283760,178
100000022,143
823810119,196
328304786,3
712848348,216
712848348,244
712848348,223
712848348,80
130849538,28
885740203,253
200311227,237
627311685,167
968964215,17
968964215,125
968964215,241
968964215,178
968964215,292
426920038,39
894584013,174
571243192,95
321518394,41
843456677,221
244310583,215
815498989,61
649526960,153
627362409,288
155884239,108
695317014,28
695317014,239
695317014,149
695317014,270
164683291,221
446449911,56
806336128,178
732191692,192
732191692,279
732191692,291
732191692,79
557548716,184
557548716,196
557548716,321
557548716,49
557548716,122
100000040,86
411620820,94
352674156,285
639433342,319
738787985,317
586864135,284
968684148,227
968684148,80
968684148,42
968684148,139
968684148,5
705919886,178
705919886,172
705919886,81
705919886,173
705919886,288
287768702,88
287768702,62
287768702,107
287768702,42
287768702,78
379308077,61
887079062,55
185164376,8
185164376,54
185164376,67
185164376,190
896453458,41
896453458,266
896453458,293
896453458,202
348188268,195
619554042,171
100000010,194
159228671,147
472021651,136
431903294,242
100000094,316
645926739,125
804055173,101
939171260,106
743234410,75
773852123,37
767348248,228
100000098,240
100000098,244
100000098,273
100000098,61
397874025,175
979347367,65
387675834,126
598157287,2
576714281,7
579406719,47
847262215,151
846986397,35
569317071,266
569317071,109
569317071,297
569317071,318
569317071,209
913261728,190
191247014,170
191247014,191
191247014,299
191247014,277
406730036,100
917134528,182
997926025,95
684634282,147
915553981,169
967195265,207
992888150,312
992888150,155
992888150,125
992888150,97
992888150,306
170915019,261
498274608,253
730232380,295
951297565,81
249898537,318
552411116,288
172798883,266
945623225,304
639158373,82
639158373,42
639158373,280
639158373,239
639158373,287
348996489,279
821230172,196
976248110,273
376226153,298
479364124,273
479364124,278
479364124,205
479364124,112
929699153,317
929699153,17
929699153,130
929699153,265
172615399,281
860858292,234
327476774,211
641748253,159
641748253,263
641748253,53
641748253,260
641748253,308
492303831,98
143525711,126
622507523,300
465507294,317
596877282,30
335667229,37
335667229,97
335667229,225
335667229,58
335667229,307
587348156,70
785725811,57
785725811,144
785725811,120
785725811,98
785725811,272
122766420,134
944318588,10
100000014,33
100000014,43
100000014,144
100000014,16
100000014,306
246613425,109
194548435,198
964885267,7
964885267,30
964885267,144
964885267,107
964885267,242
100000072,186
100000072,267
100000072,78
100000072,281
665782379,269
700696802,2
731941847,138
731941847,144
731941847,136
731941847,34
807783937,81
316405161,206
101193188,175
361400779,243
100000090,64
751972468,193
100000004,242
100000004,176
100000004,251
100000004,152
100000004,235
630144281,292
713710184,27
713710184,238
713710184,122
713710184,101
129474045,15
811579203,165
801414156,115
511830307,1
511830307,107
511830307,310
511830307,314
511830307,114
515957515,145
421176673,9
421176673,297
421176673,292
421176673,56
540421525,290
100000084,300
329661340,125
329661340,52
329661340,285
329661340,321
329661340,303
459155804,52
773993718,225
399433889,268
399433889,239
399433889,287
399433889,254
399433889,241
335306418,254
335306418,231
335306418,56
335306418,88
335306418,89
454374104,51
675981741,174
463885038,131
472427205,121
472427205,132
472427205,172
472427205,260
368852692,267
317423834,271
774550255,224
188522794,140
188522794,85
188522794,149
188522794,24
188522794,68
188522794,112
380576265,137
290953684,57
150590028,99
150590028,152
150590028,280
150590028,174
150590028,238
360696328,182
749942194,100
508046778,257
256338470,291
113446224,313
596087488,308
596087488,145
596087488,269
596087488,257
506902216,310
432790588,272
432790588,172
432790588,53
432790588,313
432790588,149
521254384,296
667242478,196
667242478,25
667242478,260
667242478,218
667242478,147
578425364,257
556795788,159
669393590,144
669393590,187
669393590,236
669393590,315
870542815,216
870542815,171
870542815,66
870542815,274
870542815,166
225683584,59
225683584,206
225683584,48
225683584,39
948088395,165
948088395,155
948088395,50
948088395,187
948088395,229
100000039,188
918163362,104
918163362,61
918163362,87
918163362,12
710143224,243
100000055,100
810893430,27
810893430,214
810893430,113
810893430,189
810893430,298
480134868,318
422926638,130
422926638,253
422926638,78
422926638,155
457703052,189
214783445,255
214783445,249
214783445,94
214783445,238
693105427,305
872890293,56
872890293,116
872890293,54
872890293,274
194417344,88
194417344,213
194417344,26
194417344,263
381627527,181
381627527,60
381627527,20
381627527,311
855786372,213
855786372,217
855786372,46
855786372,247
855786372,78
905807520,80
905807520,94
905807520,168
905807520,110
527064819,180
527064819,219
527064819,295
527064819,188
306164905,2
175768293,241
175768293,59
175768293,310
175768293,161
100000064,196
496644618,192
799907038,317
100000074,240
100000074,28
100000074,124
100000074,281
623463642,6
339113928,158
555946347,37
555946347,74
555946347,202
555946347,240
551041612,168
628758312,37
100000058,239
915440837,248
915440837,35
915440837,134
915440837,287
907934014,213
907934014,216
907934014,31
907934014,69
977618865,62
977618865,55
977618865,165
977618865,128
977618865,84
364395136,43
272062947,138
272062947,151
272062947,17
272062947,294
177664067,23
717034347,236
199147070,90
252628024,154
252628024,158
252628024,253
252628024,31
268473315,155
268473315,266
268473315,12
268473315,118
268473315,95
507461788,277
507461788,150
507461788,3
507461788,167
507461788,89
435837039,155
435837039,249
435837039,309
435837039,311
857940763,250
857940763,118
857940763,136
857940763,156
555794856,167
555794856,166
555794856,280
555794856,196
398186645,10
398186645,94
398186645,204
398186645,262
383669257,235
383669257,163
383669257,79
383669257,122
221268808,240
221268808,143
221268808,36
221268808,50
