StudentSSN,SectionID,Grade
569379641,183,3.8
569379641,214,2.2
569379641,280,3.6
569379641,276,3.8
721899056,88,3.4
721899056,12,3.7
721899056,138,3.6
721899056,27,2.6
721899056,235,2.4
721899056,110,2.7
278385512,310,2.6
278385512,58,3.5
278385512,213,3.2
278385512,245,3.3
278385512,196,3.2
792516743,261,3.1
792516743,78,2.3
792516743,233,2.3
792516743,66,2.9
792516743,158,2.4
792516743,219,2.2
518135220,53,2.6
518135220,319,3.1
518135220,273,2.6
518135220,299,2.6
518135220,308,2.8
372736581,59,2.8
372736581,134,2.9
372736581,258,2.7
372736581,8,2.7
372736581,131,3.8
775699667,235,3.8
775699667,81,3.4
775699667,48,2.3
775699667,180,2.3
775699667,193,2.8
775699667,106,2.9
231748591,218,2.2
231748591,100,2
231748591,49,3
231748591,192,3.3
231748591,72,2.5
231748591,211,3.8
231748591,122,3.2
175992227,214,2.7
175992227,103,3.3
175992227,238,2.3
175992227,117,3.4
175992227,167,2.6
100000030,304,3.2
100000030,175,2.9
100000030,13,3.1
100000030,31,2.9
100000030,179,2.4
100000030,293,2.2
100000030,24,2.6
170752202,121,3.8
170752202,182,3.6
170752202,208,3.7
170752202,259,2.2
170752202,165,3.5
170752202,201,3.2
382309263,259,3.7
382309263,126,3.7
382309263,256,2.1
382309263,82,3.6
382309263,106,3.5
382309263,141,4
382309263,65,3.4
771769527,151,3.4
771769527,32,3.3
771769527,50,2.4
771769527,1,2.2
771769527,80,2.4
750793970,168,3.7
750793970,40,2.1
750793970,318,3
750793970,238,2.5
744675232,186,2.1
744675232,164,2.7
744675232,179,3.1
744675232,291,3.7
744675232,69,2.7
744675232,271,3
542384857,248,3.3
542384857,185,2.2
542384857,151,3.7
542384857,135,3.5
634276401,316,3.9
634276401,114,2.9
634276401,114,3.7
634276401,178,2.5
634276401,126,2.4
634276401,59,3.8
634276401,89,3
817949260,197,2.1
817949260,115,2.4
817949260,240,2.1
817949260,208,3.5
817949260,9,2
817949260,232,2.2
817949260,184,2
120915055,293,2.1
120915055,17,2.4
120915055,148,3.8
120915055,199,3
120915055,118,3
936096402,29,2.7
936096402,194,2.5
936096402,4,2.8
936096402,9,2.1
936096402,159,3.1
424527880,20,2.2
424527880,103,2.9
424527880,192,3.4
424527880,29,3
424527880,68,3
424527880,319,3.9
424527880,28,2.9
509240053,183,2.7
509240053,219,3.4
509240053,97,3.6
509240053,264,3.2
509240053,249,3
509240053,143,2.5
509240053,31,3.2
878686104,173,2
878686104,141,2.4
878686104,251,2.5
878686104,286,3.1
492965119,145,4
492965119,211,2
492965119,27,3
492965119,231,2.4
492965119,14,3.5
519233506,289,3.5
519233506,118,2.5
519233506,201,2.1
519233506,121,2.5
519233506,254,2.8
519233506,229,3.3
113129880,96,3.6
113129880,131,2.2
113129880,162,2.9
113129880,85,2.4
113129880,239,2.3
828130093,243,3.1
828130093,92,3.2
828130093,162,3.8
828130093,51,3
444199247,237,2.7
444199247,229,3.4
444199247,147,3.5
444199247,217,3.1
444199247,190,3.3
444199247,74,2.3
949654912,242,2.1
949654912,250,3.4
949654912,188,2.2
949654912,250,2.3
949654912,130,2.4
854960070,105,2
854960070,89,3.9
854960070,26,3.1
854960070,147,2.3
854960070,26,2.7
854960070,115,2
318653319,190,3.5
318653319,197,2.2
318653319,166,2.9
318653319,42,4
318653319,106,3.7
816946341,99,3.8
816946341,8,3.3
816946341,159,2.4
816946341,172,2.3
816946341,181,2.4
816946341,155,3.5
816946341,156,3.3
100000050,292,3.7
100000050,85,2.8
100000050,310,2.3
100000050,281,3
100000050,262,3.7
100000050,166,2.8
100000049,123,3.1
100000049,20,3.4
100000049,1,2.2
100000049,182,2.3
100000049,243,3.9
727209592,302,2.1
727209592,108,4
727209592,164,2
727209592,123,3.5
727209592,33,2.6
643323582,131,3.7
643323582,112,4
643323582,23,4
643323582,90,3.9
643323582,183,2.4
941338455,257,2.5
941338455,279,2.5
941338455,121,3.7
941338455,192,3.6
252681093,68,4
252681093,27,3.5
252681093,228,2.5
252681093,283,2.2
252681093,32,3
252681093,193,2.1
252681093,45,2.6
468496763,79,3.8
468496763,160,3.8
468496763,29,2.5
468496763,44,2.4
468496763,180,2.8
468496763,77,3.9
581097716,108,2.7
581097716,131,3.4
581097716,257,3.4
581097716,211,3.9
581097716,120,3.3
581097716,208,3.4
581097716,84,2.1
100000056,246,3.8
100000056,77,3.2
100000056,66,3.4
100000056,27,3.9
100000056,167,2.5
100000056,118,2.1
100000056,91,3.3
100000087,129,2.5
100000087,112,3.6
100000087,125,3.9
100000087,212,3.3
100000087,204,3.8
664982578,126,3.9
664982578,290,3.9
664982578,76,3.8
664982578,123,3.1
664982578,191,3.6
664982578,308,2.8
664982578,147,2.2
878113706,213,3.9
878113706,269,3
878113706,181,3.9
878113706,70,3
878113706,13,3.7
878113706,69,2.2
878113706,13,2.2
418256535,275,2.4
418256535,214,3.3
418256535,180,3
418256535,241,2.4
418256535,21,3
610363248,20,3.7
610363248,197,2.9
610363248,128,3.5
610363248,186,2.1
610363248,77,2.5
610363248,46,3.4
610363248,244,2.3
370546816,239,3.5
370546816,256,2.2
370546816,250,3.6
370546816,208,2.7
370546816,122,3.7
399265425,306,3.5
399265425,88,3
399265425,71,2.1
399265425,281,3.3
399265425,142,3.9
399265425,207,3
295296741,82,3.1
295296741,192,2.4
295296741,277,3.5
295296741,146,2.4
295296741,117,2.2
295296741,57,3.1
100000032,246,3.2
100000032,112,3.1
100000032,49,2.9
100000032,287,3.3
100000032,29,3.4
100000032,13,2.2
696379272,50,2.5
696379272,109,3
696379272,22,2.1
696379272,57,2
696379272,80,2.9
969872661,60,3.4
969872661,228,2.8
969872661,278,3.3
969872661,314,3.9
969872661,102,2.1
185437537,237,3.9
185437537,253,2.9
185437537,127,2.6
185437537,264,2.3
185437537,134,2.5
567401867,206,3.6
567401867,80,3.2
567401867,163,2.9
567401867,216,2.3
567401867,156,3.5
567401867,310,2.7
567401867,301,3.7
209345817,153,3.4
209345817,98,2.1
209345817,139,2.7
209345817,278,2.5
209345817,273,3.5
679411264,23,3.2
679411264,284,3.1
679411264,165,3.5
679411264,280,3.6
679411264,120,3.8
679411264,278,3.7
246499922,214,2.9
246499922,84,2.4
246499922,240,3.8
246499922,207,3.7
246499922,52,3.9
617819228,9,2.3
617819228,230,2.1
617819228,73,2.5
617819228,278,2.5
617819228,187,2.3
617819228,53,3.1
248946972,223,2.5
248946972,71,3.4
248946972,99,3.4
248946972,138,2.3
248946972,143,2.6
248946972,247,3
347842732,157,3.8
347842732,141,3.5
347842732,70,2.1
347842732,118,3.4
347842732,246,3
347842732,239,2.3
555638528,38,3.8
555638528,121,3.7
555638528,103,2.4
555638528,219,3.5
873784666,72,2.7
873784666,291,2.8
873784666,294,3.7
873784666,122,3.9
873784666,250,4
873784666,165,3.7
448757944,83,3.6
448757944,174,3.3
448757944,156,2.4
448757944,95,3.2
448757944,73,2.1
448757944,237,3.6
247902318,248,3.8
247902318,108,2.9
247902318,213,4
247902318,56,3.9
247902318,152,2.8
247902318,219,4
247902318,7,3.9
853677263,131,3.5
853677263,253,3.6
853677263,29,2.8
853677263,177,3.6
853677263,84,2.1
853677263,75,2.1
684848478,287,3.7
684848478,156,2.5
684848478,121,3.4
684848478,243,3.7
433200315,249,3.3
433200315,229,2.6
433200315,141,2.5
433200315,68,2.7
433200315,303,2.1
433200315,260,3.6
562898293,51,2.8
562898293,187,3.1
562898293,138,2.7
562898293,204,3.3
562898293,106,2.9
562898293,216,2.4
932555948,273,3.1
932555948,102,3.5
932555948,153,3.2
932555948,64,3.7
932555948,9,3.1
339708300,142,2.5
339708300,109,3.4
339708300,78,3
339708300,10,2.7
339708300,80,3
339708300,273,3.7
872197714,194,3.1
872197714,315,2.6
872197714,92,2.4
872197714,147,2.9
872197714,57,3.9
872197714,24,2.8
100000026,196,3.1
100000026,119,2.3
100000026,175,2.6
100000026,25,2
100000026,107,2.7
100000026,290,3.3
455496409,295,2.5
455496409,112,3
455496409,175,3.5
455496409,94,3.4
634577579,49,2.1
634577579,232,2.8
634577579,104,3.2
634577579,187,2.1
634577579,201,3.5
213046640,205,2.9
213046640,131,3.2
213046640,178,2.8
213046640,123,3.7
213046640,15,3.5
789244692,32,2.8
789244692,224,3.9
789244692,64,3.4
789244692,137,3.1
789244692,232,3.1
550141983,218,3.1
550141983,246,3.8
550141983,94,3.8
550141983,152,2.4
550141983,253,2.8
872400342,124,3.3
872400342,43,2.2
872400342,2,2.4
872400342,66,3.4
872400342,315,3
872400342,41,3
859707809,301,3.5
859707809,122,3.1
859707809,104,3.5
859707809,197,4
490512774,56,2.8
490512774,64,3.4
490512774,191,2.2
490512774,317,3
490512774,152,3.5
490512774,164,2.3
764007942,69,3.4
764007942,39,2.6
764007942,131,3.9
764007942,218,2.1
764007942,300,2.7
375352489,135,3.9
375352489,85,2.2
375352489,77,4
375352489,191,2.8
375352489,194,3.3
375352489,30,2.3
375352489,118,2.4
100000082,25,3.6
100000082,238,2.1
100000082,91,2.5
100000082,211,3.1
100000082,55,3.5
100000082,83,2.9
100000082,116,2.6
390716057,291,3.5
390716057,59,2.2
390716057,273,2.6
390716057,203,2.4
390716057,172,3.5
390716057,290,3.1
931829666,151,3.4
931829666,301,3.1
931829666,264,3.2
931829666,82,2.7
931829666,83,3.1
456744286,63,3.1
456744286,99,3.5
456744286,156,3.7
456744286,318,2.6
456744286,40,2.9
100000067,293,2.8
100000067,255,3.8
100000067,269,3.8
100000067,72,3.6
100000067,214,3.3
100000067,122,2.5
100000067,320,3.7
702951002,243,3.3
702951002,15,3
702951002,152,4
702951002,140,2
702951002,172,2
702951002,107,2.9
200700144,78,3.4
200700144,138,3.5
200700144,202,3.8
200700144,269,2.3
139620818,68,3.6
139620818,249,3.2
139620818,288,3.7
139620818,178,2.4
139620818,218,2.8
400536409,240,2.1
400536409,157,3.1
400536409,90,2.6
400536409,33,3.5
400536409,96,3.7
127440715,93,2.3
127440715,161,3
127440715,3,3.1
127440715,233,2.6
127440715,226,2.6
127440715,179,2.5
232463973,29,3.8
232463973,141,4
232463973,251,2.4
232463973,139,3.3
232463973,273,3.2
917119093,14,3.5
917119093,199,2.9
917119093,63,3.4
917119093,101,2.4
917119093,56,2.9
917119093,122,3.9
917119093,236,3.2
863861244,288,2.3
863861244,279,3.7
863861244,181,3.7
863861244,180,3.1
863861244,294,2.2
863861244,313,3.6
863861244,123,2.4
421168155,197,2.8
421168155,102,2.9
421168155,54,3
421168155,60,2.9
421168155,82,3.7
818021944,179,3.1
818021944,41,2.3
818021944,139,3.7
818021944,35,2.4
818021944,195,3.4
818021944,74,2.4
818021944,69,3.9
139675375,248,3.5
139675375,92,3.3
139675375,170,3.9
139675375,244,3.2
139675375,227,2.9
731921613,173,2.5
731921613,125,3.3
731921613,68,4
731921613,53,3.1
731921613,70,2.1
731921613,75,2.9
877831367,165,2.9
877831367,141,3.4
877831367,62,2.5
877831367,256,2.3
877831367,262,2
877831367,293,3.8
877831367,135,2.8
697479426,242,3.6
697479426,135,2.7
697479426,29,2.2
697479426,64,2.4
697479426,260,3.8
148738946,91,3.8
148738946,76,2.3
148738946,47,3.2
148738946,312,3.5
148738946,120,2.7
148738946,249,2.3
148738946,46,2.3
100000062,106,2.2
100000062,3,3.6
100000062,91,3.7
100000062,140,3.6
100000062,33,2.1
100000062,134,2.3
100000062,64,2.8
577483577,215,3.2
577483577,291,3.6
577483577,209,3.9
577483577,55,2.5
577483577,19,3.1
577483577,245,3.9
577483577,137,2.3
922625532,278,2.9
922625532,28,3.4
922625532,318,3
922625532,151,2.1
922625532,278,3.2
511379958,90,3.5
511379958,253,3.7
511379958,17,3.3
511379958,32,2.2
511379958,147,2
511379958,203,2.2
511379958,313,3.4
578896162,166,3.6
578896162,49,4
578896162,294,2.3
578896162,223,3.7
578896162,209,3.8
578896162,173,2.9
448517496,33,2.1
448517496,174,3
448517496,125,2.5
448517496,299,2.4
448517496,106,3.3
448517496,317,3.4
848500860,154,3.6
848500860,11,2.5
848500860,121,2.4
848500860,187,2.9
848500860,312,2
848500860,128,3
848500860,316,3.7
592515220,62,2.4
592515220,305,2.8
592515220,147,2.2
592515220,10,3.1
592515220,177,2.3
100000068,8,3.8
100000068,182,3.3
100000068,45,2.3
100000068,271,2.1
378100947,189,2.5
378100947,161,3.9
378100947,309,3.8
378100947,296,3.8
378100947,277,3.3
378100947,162,3.3
287986033,272,2.1
287986033,128,3.1
287986033,307,2
287986033,110,2.1
287986033,307,2.5
287986033,259,3.4
695769552,253,2.9
695769552,165,2.6
695769552,210,4
695769552,285,2.2
695769552,70,3.4
665084529,271,3.8
665084529,78,3.2
665084529,28,3.6
665084529,12,2.8
665084529,87,3.2
665084529,282,3.4
619319418,293,2.9
619319418,127,2.8
619319418,8,3.9
619319418,27,2.2
415343665,61,2.6
415343665,298,2
415343665,160,2.7
415343665,17,3.2
415343665,273,3.9
100000059,26,2.6
100000059,101,2.3
100000059,34,2.3
100000059,201,2
100000059,70,2.1
100000059,134,2.2
100000059,165,3.8
100000065,149,3.5
100000065,288,3.5
100000065,321,3
100000065,226,2.9
100000065,283,2.8
100000065,238,2.9
558020914,42,2.2
558020914,251,2.5
558020914,32,2.3
558020914,91,2.8
558020914,311,2.1
558020914,149,2.8
558020914,56,2.5
575250883,255,2.2
575250883,51,3.2
575250883,221,2.9
575250883,195,2.4
575250883,237,3.8
497423343,31,2.1
497423343,33,3.3
497423343,204,3.8
497423343,314,3.2
497423343,113,2.9
222025475,105,2.8
222025475,246,3.8
222025475,85,3
222025475,81,2.4
222025475,113,3.3
981073463,247,3.6
981073463,65,3.8
981073463,129,3.8
981073463,31,3.3
981073463,8,2.4
981073463,252,2.3
350916127,290,2.4
350916127,151,2
350916127,80,2.3
350916127,305,3.3
350916127,27,2.2
903552170,2,3.4
903552170,60,3.6
903552170,68,2.9
903552170,149,3.2
903552170,249,3.9
903552170,90,2.5
564813482,295,3.1
564813482,58,3.1
564813482,10,3.4
564813482,194,3.5
564813482,72,3.3
564813482,211,2.4
469554539,115,3.4
469554539,178,3.3
469554539,150,3.1
469554539,275,2.5
469554539,173,3
469554539,311,3.5
428474999,321,3.2
428474999,178,2.1
428474999,71,3.4
428474999,306,3.6
428474999,218,2
100000017,66,2.9
100000017,93,3.8
100000017,176,2.1
100000017,190,2.7
100000017,111,3
610807352,164,3.9
610807352,193,2.8
610807352,289,3.3
610807352,289,3.4
610807352,57,3.9
854562728,196,3.1
854562728,175,2
854562728,80,3.2
854562728,294,3.3
854562728,165,3.1
854562728,118,3.7
220660195,122,3.1
220660195,194,3.1
220660195,185,2.3
220660195,216,3.4
220660195,59,3.8
797964938,122,3.6
797964938,85,3.1
797964938,37,3.2
797964938,222,2.1
797964938,60,3.7
140504709,163,3.3
140504709,134,2.1
140504709,234,3.4
140504709,207,2.1
140504709,76,3.2
140504709,43,3.5
492915814,149,2.9
492915814,211,3.2
492915814,187,3.2
492915814,177,2.5
798378606,119,3
798378606,51,3.2
798378606,84,2.5
798378606,28,3.7
798378606,171,2.4
798378606,209,3.3
614231199,166,2.8
614231199,56,2.9
614231199,33,2.7
614231199,228,2.1
614231199,222,3.3
614231199,223,3.4
614231199,275,2.2
532823545,299,2.4
532823545,297,2.1
532823545,15,3.7
532823545,253,2
532823545,204,2.7
140514537,78,2.4
140514537,165,3.6
140514537,308,3.5
140514537,192,2.5
140514537,70,2.6
140514537,127,3.9
493112501,273,3.9
493112501,7,3.6
493112501,92,2.2
493112501,155,2.4
493112501,135,2.4
493112501,260,3.6
493112501,173,2.3
100000052,207,2.9
100000052,183,3.1
100000052,54,2.6
100000052,257,3.6
100000052,39,3.5
552297348,43,3.4
552297348,297,2.5
552297348,267,2.2
552297348,262,2.9
552297348,316,3.8
552297348,72,2.8
563951297,275,3.8
563951297,61,3.9
563951297,320,2.5
563951297,24,4
563951297,147,3.3
855319285,248,2
855319285,134,3.7
855319285,309,3.4
855319285,149,2.4
855319285,93,2.2
855319285,18,3.7
796710786,76,2.8
796710786,130,2.3
796710786,38,2.5
796710786,223,2.9
796710786,97,3.5
796710786,166,2.1
796710786,291,2.5
289329422,9,2.2
289329422,64,2.5
289329422,15,2.2
289329422,229,3.2
289329422,131,3.2
289329422,36,3.1
670178227,108,3.2
670178227,315,3
670178227,309,3.4
670178227,27,4
670178227,186,3.8
608651863,191,2.1
608651863,79,2.3
608651863,155,3.2
608651863,60,2.8
608651863,80,3.3
608651863,107,3.7
608651863,9,2.4
576687226,102,3.8
576687226,171,2.9
576687226,118,3.6
576687226,32,3.3
576687226,248,3.9
576687226,256,3.2
576687226,222,2.9
174332696,131,3.7
174332696,18,2.4
174332696,146,2.8
174332696,85,3.3
174332696,263,2.8
174332696,16,2.6
444364698,51,3.9
444364698,220,2.2
444364698,139,3.4
444364698,202,2.7
444364698,252,3.3
629067319,34,3.9
629067319,245,3.8
629067319,264,3.7
629067319,83,3.4
629067319,263,2.1
629067319,72,3.3
100000036,186,3.1
100000036,119,3.3
100000036,36,2.9
100000036,214,4
100000036,146,2.4
100000036,162,3.3
545686211,72,2.5
545686211,176,2.2
545686211,23,2
545686211,267,2.9
545686211,166,2.4
545686211,263,2.3
545686211,239,2.8
959441262,314,3.8
959441262,291,2.5
959441262,89,3.2
959441262,66,4
959441262,102,3.6
959441262,155,2.5
959441262,272,3.6
123155514,137,3.5
123155514,176,3.5
123155514,99,2.6
123155514,134,3.8
123155514,258,3.6
951367056,175,3.3
951367056,96,3.4
951367056,276,3.8
951367056,21,3.4
951367056,171,3.9
951367056,253,3.1
947378132,180,3.6
947378132,64,3.3
947378132,252,2.2
947378132,105,2.2
947378132,224,3.2
947378132,221,2.8
100000051,192,3.1
100000051,180,3.6
100000051,52,2.5
100000051,248,2.7
100000051,216,3.1
100000054,189,3.5
100000054,296,3.4
100000054,258,3.4
100000054,36,3.5
100000054,60,3.3
100000054,284,3.7
100000076,110,3.9
100000076,261,3.8
100000076,255,2.9
100000076,18,3.7
100000076,88,2.1
100000076,107,2.6
100000076,171,3.7
553115802,266,2.3
553115802,213,3.8
553115802,299,2.7
553115802,318,3.3
553115802,40,3.4
553115802,3,3.2
553115802,149,2.8
652611160,201,2.4
652611160,242,3
652611160,242,3.9
652611160,157,3.1
652611160,42,3.1
652611160,180,3.1
652611160,250,3.3
925018754,249,3
925018754,29,2.8
925018754,97,3
925018754,120,2.9
925018754,306,3.2
568885552,182,2.8
568885552,128,2.1
568885552,144,2.8
568885552,234,2.6
931138684,11,3.4
931138684,94,3.7
931138684,301,3.4
931138684,310,2
931138684,52,2.3
931138684,46,2.6
931138684,4,3.8
173346369,46,3.8
173346369,192,2.6
173346369,149,2.4
173346369,160,3.3
173346369,248,3.3
984951643,46,2.5
984951643,259,3
984951643,136,3.8
984951643,244,2.6
984951643,90,2.7
984951643,207,3
351694746,250,3.7
351694746,142,2.4
351694746,216,2.1
351694746,257,2.5
351694746,24,3.6
351694746,96,3.3
351694746,223,3.3
713964741,240,2.4
713964741,199,3.9
713964741,246,3.2
713964741,53,2.6
713964741,68,3
713964741,191,3.9
655470897,128,3.8
655470897,167,2.3
655470897,233,3.1
655470897,108,2
200326629,213,3.3
200326629,236,3.4
200326629,185,2.9
200326629,192,3.7
200326629,239,2.8
200326629,308,2.9
200326629,85,3
920850538,147,2.6
920850538,165,3.1
920850538,239,2.5
920850538,275,3.3
920850538,237,3.2
586894827,287,3.6
586894827,26,3.1
586894827,221,3.3
586894827,111,3.6
586894827,234,2.3
354896138,290,3.9
354896138,216,4
354896138,22,3.1
354896138,2,3.5
354896138,34,2.9
354896138,78,2.1
354896138,171,2.9
300178145,39,2.1
300178145,280,3.2
300178145,163,2.9
300178145,317,2.2
300178145,257,3.5
381743739,292,2.5
381743739,145,3.6
381743739,273,3.3
381743739,306,2.5
381743739,82,3
632058071,116,2.8
632058071,178,2.5
632058071,128,2.9
632058071,76,3.4
632058071,282,3.5
632058071,179,3.6
175673079,86,3.3
175673079,175,3.3
175673079,18,2.1
175673079,1,3.6
175673079,127,2.9
175673079,251,2.7
175673079,155,2.9
365328759,185,2.9
365328759,176,3.2
365328759,268,3.9
365328759,21,2.7
365328759,294,3.3
365328759,155,3.7
365328759,13,3.2
523698157,31,2.7
523698157,19,2.1
523698157,315,2.8
523698157,85,2.3
523698157,8,3.9
100000029,315,2.2
100000029,27,3.2
100000029,284,3.9
100000029,122,3.5
380068897,187,3.6
380068897,19,3.4
380068897,93,2.3
380068897,273,2.8
380068897,87,2.1
380068897,57,3.2
538279222,290,3.1
538279222,263,3.1
538279222,249,2.1
538279222,228,2.5
538279222,123,3.9
705281293,20,2.1
705281293,52,3.4
705281293,17,3.8
705281293,305,4
705281293,317,3.9
705281293,109,3.4
204673498,169,2.8
204673498,60,2.1
204673498,34,2.3
204673498,176,3.4
204673498,297,2.8
204673498,292,3.2
709464906,97,2.1
709464906,104,3.9
709464906,202,2.6
709464906,236,4
709464906,46,3.2
709464906,31,3.6
385332923,207,2.9
385332923,148,2.8
385332923,205,3.6
385332923,251,2.9
385332923,148,3.3
354735680,136,3.3
354735680,153,3
354735680,139,3.3
354735680,8,3.5
354735680,214,3.5
114203867,313,3.3
114203867,110,2.6
114203867,146,3.5
114203867,188,3.3
114203867,165,3.4
100000060,245,2.5
100000060,279,2.6
100000060,18,3.2
100000060,65,3.5
100000060,239,3.7
532010062,206,2.8
532010062,265,3.1
532010062,100,2.4
532010062,210,2.8
532010062,190,3.5
532010062,195,2.5
245120297,314,3.8
245120297,252,2
245120297,169,3.1
245120297,174,3.6
245120297,24,3.7
288593626,154,3.5
288593626,223,2.3
288593626,311,2.4
288593626,107,3.1
288593626,10,3.1
865728004,316,3.3
865728004,200,3.1
865728004,212,3
865728004,277,2.8
865728004,133,3.8
865728004,285,3.6
226323832,69,3.3
226323832,220,3.3
226323832,23,2.6
226323832,58,3.2
226323832,270,2.8
643940275,250,2.3
643940275,285,3.2
643940275,185,2.1
643940275,174,2.8
643940275,154,3
562361311,17,2.4
562361311,23,2.3
562361311,250,3.8
562361311,277,2.9
562361311,28,2
562361311,294,3
126902403,240,2.7
126902403,189,2
126902403,195,2.5
126902403,103,3.3
126902403,266,3.9
126902403,202,2.5
126902403,311,3.4
863425755,90,2.7
863425755,19,2.3
863425755,231,3.9
863425755,154,2.5
863425755,56,3.7
863425755,136,2.8
693959601,41,3.3
693959601,287,3.2
693959601,188,2.9
693959601,71,2.7
693959601,297,3.8
548952570,120,3.5
548952570,287,3.3
548952570,286,2.3
548952570,95,2.1
548952570,270,3.3
691369051,11,2.8
691369051,100,3.1
691369051,214,2.9
691369051,198,3.8
691369051,65,2.1
691369051,153,2.6
622244780,178,2.4
622244780,35,3.6
622244780,105,3.6
622244780,213,2.4
622244780,18,2.8
622244780,166,3.1
974650131,94,3.5
974650131,182,3.2
974650131,58,2.5
974650131,50,3.2
974650131,309,2.9
974650131,69,2.5
878803525,130,2.5
878803525,4,3.8
878803525,246,3.4
878803525,251,3
878803525,190,3.8
878803525,212,2.1
750176742,147,3.5
750176742,281,3.2
750176742,49,2.4
750176742,275,3.8
325266190,27,3.7
325266190,31,2.6
325266190,247,3.9
325266190,82,4
325266190,110,3.6
325266190,229,2.1
100000028,191,2.1
100000028,148,2.6
100000028,284,2.6
100000028,112,3.8
100000028,177,3.6
100000028,249,2
100000009,43,2.9
100000009,210,3.7
100000009,111,2.7
100000009,168,2.8
100000009,56,2.5
626067603,69,2.3
626067603,34,2.6
626067603,163,2.9
626067603,28,2.4
626067603,149,2.6
129280263,139,2.5
129280263,308,2.9
129280263,280,3.9
129280263,27,2.3
129280263,255,2.2
609492883,86,3.5
609492883,208,2.9
609492883,221,3.8
609492883,71,2.7
609492883,14,2.4
609492883,61,3.8
273069947,283,2.1
273069947,286,2.1
273069947,309,2
273069947,211,2.4
728533392,157,2
728533392,82,3.4
728533392,74,2.2
728533392,265,2.5
728533392,212,2.9
728533392,29,2.9
598032398,58,2.7
598032398,267,2.9
598032398,90,2.7
598032398,10,2.4
598032398,51,3.8
546664614,208,3
546664614,214,2.5
546664614,271,3.8
546664614,46,2.6
546664614,270,3.2
546664614,129,4
484315908,141,2.7
484315908,254,3.9
484315908,117,2
484315908,99,2.2
484315908,20,2.4
484315908,269,2.6
665866163,188,4
665866163,265,2.9
665866163,314,2.6
665866163,200,3.5
665866163,66,3.9
665866163,212,3.5
305548431,157,2.8
305548431,74,3.9
305548431,15,2.7
305548431,295,2.3
305548431,32,2.6
305548431,220,2
826354697,240,3.5
826354697,118,2.7
826354697,251,3.4
826354697,279,3.3
826354697,185,2.1
826354697,210,3.9
789313016,55,2.1
789313016,250,2.2
789313016,1,2.1
789313016,202,3.5
789313016,144,3.5
427441052,252,2.3
427441052,92,3.6
427441052,186,2.5
427441052,58,2.9
427441052,52,2
427441052,22,2.3
427441052,49,2.5
962003519,104,3
962003519,251,3.1
962003519,248,2.7
962003519,317,3
962003519,318,3.7
204569801,64,2.5
204569801,81,2.9
204569801,125,2.6
204569801,85,3.7
992677232,7,3
992677232,146,2.4
992677232,303,3
992677232,282,2.9
992677232,225,2.5
992677232,22,2.1
992677232,121,2
222772332,123,3.8
222772332,209,2.7
222772332,136,2.5
222772332,318,3.4
222772332,139,2.8
222772332,178,2
100000096,203,3.1
100000096,84,3.8
100000096,170,3.5
100000096,228,3.4
100000096,44,2.6
100000096,82,2.2
100000096,217,3.3
675345800,39,3.2
675345800,162,2.4
675345800,298,3.4
675345800,218,3.2
675345800,83,3.2
675345800,26,3
438701890,11,3.5
438701890,162,2.8
438701890,98,3.2
438701890,217,3.5
438701890,81,3.5
459333929,255,3.6
459333929,39,2.4
459333929,143,2.1
459333929,248,2.8
459333929,282,2.3
459333929,32,2.7
459333929,300,2.2
784358717,85,3.2
784358717,179,2.6
784358717,76,3.3
784358717,144,4
784358717,259,2.8
784358717,246,2
784358717,10,2.5
100000033,14,2.5
100000033,212,3.4
100000033,199,2.2
100000033,205,2.5
100000033,298,2.9
100000033,312,4
100000033,145,2
100000086,161,4
100000086,58,2.7
100000086,34,3.7
100000086,319,2.8
100000086,225,2.1
100000086,12,3.7
100000008,44,2.8
100000008,304,2.6
100000008,75,2.9
100000008,119,2.9
100000008,35,3.7
653139111,183,3.4
653139111,202,2.5
653139111,169,3.5
653139111,72,3.3
653139111,259,2.6
653139111,64,3.6
653139111,218,3.7
109730698,22,3.3
109730698,86,3.5
109730698,29,3.3
109730698,1,3.1
109730698,82,3.8
109730698,70,2.3
109730698,97,2.5
811705918,292,2.4
811705918,158,3.9
811705918,161,2.7
811705918,201,3.4
811705918,16,2.5
858977303,193,3.5
858977303,294,2.2
858977303,254,2.3
858977303,54,2
858977303,313,3.1
858977303,225,3
920150314,181,3.2
920150314,254,3.7
920150314,54,3.7
920150314,252,2.7
920150314,196,2.4
559519684,30,2.3
559519684,58,2.5
559519684,193,2
559519684,61,3.4
559519684,76,2.4
412722540,95,2.2
412722540,178,4
412722540,276,3.8
412722540,77,3.3
412722540,15,3.9
439516495,186,3.3
439516495,195,3.5
439516495,259,3.4
439516495,181,2.9
976061078,159,3.6
976061078,31,2.6
976061078,159,2.4
976061078,33,3.5
976061078,160,3.5
976061078,281,2.3
976061078,137,3.6
642064066,204,3.5
642064066,112,2.8
642064066,10,2.2
642064066,125,3
642064066,244,2.2
239723563,253,3.7
239723563,136,3.3
239723563,233,2.1
239723563,239,2.5
239723563,52,3.4
239723563,37,3.6
239723563,214,3.1
768332960,100,2.9
768332960,25,3.8
768332960,295,3
768332960,250,3.5
768332960,107,3.2
768332960,289,3.4
420943618,76,3.5
420943618,59,2.1
420943618,212,2.7
420943618,88,2.6
420943618,241,2.2
420943618,202,3.8
689586330,188,3.4
689586330,198,3.9
689586330,28,3.9
689586330,39,3.9
689586330,156,2.8
689586330,153,3.5
272348825,27,2.3
272348825,261,3.1
272348825,131,4
272348825,300,3.7
272348825,45,2.1
272348825,60,3.9
272348825,78,2
630763594,51,2.7
630763594,279,3
630763594,164,3.9
630763594,296,2.2
630763594,99,3.7
630763594,83,3.5
630763594,305,2.1
452066640,160,2.6
452066640,239,3.7
452066640,260,3.4
452066640,65,3.6
452066640,241,3.2
452066640,321,2.9
605425137,37,3.9
605425137,203,2.6
605425137,260,2.6
605425137,28,2.9
605425137,21,3
605425137,161,2.8
605425137,281,3.5
100000025,131,2.9
100000025,176,2.9
100000025,228,2.7
100000025,284,3.5
100000025,53,3.5
100000025,40,2.9
841368422,230,2.7
841368422,80,3.8
841368422,110,2.1
841368422,49,2.1
841368422,3,3.8
841368422,123,3.6
841368422,195,2.5
704418877,243,2.6
704418877,155,2.6
704418877,128,3.9
704418877,176,2.8
704418877,127,3
704418877,81,2.3
704418877,14,3.9
936650072,240,3.1
936650072,7,3.5
936650072,175,3.3
936650072,108,2.1
936650072,204,3.5
936650072,89,3.7
939233821,261,2.7
939233821,282,3.8
939233821,182,2.1
939233821,143,2
939233821,33,2.6
939233821,263,2.3
939233821,91,3.4
941330580,212,3.9
941330580,162,3
941330580,262,3.5
941330580,264,3
941330580,289,2.5
941330580,131,2.4
372745862,225,3.8
372745862,309,2.2
372745862,2,2.5
372745862,184,3
372745862,168,2.6
372745862,166,2.3
315730461,163,3.3
315730461,91,3.5
315730461,275,2.9
315730461,17,2.2
315730461,39,2.4
315730461,31,2
423003161,119,2.3
423003161,147,3.6
423003161,204,2.1
423003161,125,3
768048671,296,2.2
768048671,106,2.2
768048671,287,2.6
768048671,88,2.7
768048671,115,4
768048671,166,2.3
768048671,44,3.3
311401416,195,2
311401416,26,2.4
311401416,282,3.5
311401416,34,2.2
311401416,182,3.9
311401416,5,3.1
311401416,147,2.2
100000061,202,2.9
100000061,318,2.6
100000061,216,2.2
100000061,156,4
100000061,142,2.3
842727338,197,2.5
842727338,152,2.1
842727338,170,2.6
842727338,22,3
842727338,229,2.4
842727338,113,3.1
459870631,121,4
459870631,120,2.9
459870631,125,3.4
459870631,173,2.1
459870631,182,2.4
459870631,172,3.1
100000018,131,3.5
100000018,225,2.3
100000018,210,3.7
100000018,178,3.3
481585099,313,2.3
481585099,308,3.5
481585099,251,2.3
481585099,62,2.2
481585099,24,3.9
481585099,313,2.9
100000047,132,2.6
100000047,296,3.5
100000047,288,2.6
100000047,105,2
100000047,49,3.3
100000047,203,4
834118527,136,3.1
834118527,140,3.4
834118527,234,2.1
834118527,210,2.2
834118527,117,2.5
834118527,232,2.3
508175756,18,2.6
508175756,58,3.6
508175756,249,3.8
508175756,232,3.8
508175756,181,3.7
508175756,89,3.9
100000088,262,3.5
100000088,267,2.6
100000088,74,2.2
100000088,68,2.7
100000088,52,2.1
100000088,280,2.9
100000088,138,2.9
673823620,259,2.7
673823620,43,3.2
673823620,119,3.4
673823620,72,2.4
673823620,178,3.5
673823620,318,3.6
818977738,59,3.2
818977738,231,2.8
818977738,271,3.8
818977738,31,3.4
818977738,52,3.9
572224617,131,2.8
572224617,209,2.7
572224617,163,2.3
572224617,306,2.8
572224617,142,2.2
747380244,21,2.1
747380244,138,3.9
747380244,78,3.5
747380244,39,3.9
747380244,49,3.9
747380244,169,2.9
249430699,158,2
249430699,183,2.4
249430699,95,2.5
249430699,94,2.2
249430699,56,2.2
249430699,282,2.7
444794052,296,4
444794052,290,2.2
444794052,160,2.5
444794052,11,3.8
444794052,223,3.7
444794052,179,3.7
448950483,248,3.4
448950483,194,3.6
448950483,170,2.2
448950483,284,2.1
448950483,267,2.7
448950483,202,2.4
448950483,46,2.5
944480866,67,3.2
944480866,216,2.6
944480866,136,2.4
944480866,227,2.8
944480866,134,2.3
944480866,314,2.1
724134517,269,3.3
724134517,42,3.2
724134517,180,3.5
724134517,238,2
724134517,6,3.9
724134517,230,3.9
724134517,145,3
951402384,97,3.5
951402384,231,2.6
951402384,23,2.7
951402384,97,3.3
951402384,202,3
951402384,132,3.3
736252074,167,3.7
736252074,115,3.3
736252074,161,2.5
736252074,249,3.1
135467474,290,2.4
135467474,155,3.5
135467474,48,3
135467474,191,3.8
135467474,130,4
135467474,98,2.8
532373775,275,2.5
532373775,221,3.9
532373775,17,2.4
532373775,43,3.6
532373775,311,3.3
100000093,1,3.8
100000093,197,4
100000093,123,3.9
100000093,57,3.5
100000093,178,2.5
100000093,295,3.6
291301763,155,3.6
291301763,68,2.6
291301763,70,3.1
291301763,157,2.6
291301763,93,2
291301763,214,2.9
656843612,43,2.5
656843612,260,2.3
656843612,126,2.1
656843612,162,2.4
656843612,51,2.8
656843612,78,2.6
734381336,8,3.8
734381336,276,2.8
734381336,321,2.2
734381336,296,3.9
734381336,289,2.9
985381569,90,2.9
985381569,266,3.5
985381569,20,3
985381569,263,2.7
985381569,133,2.3
985381569,24,2.6
985381569,280,3.5
122610077,85,2.3
122610077,188,2.2
122610077,233,3.7
122610077,76,3.1
122610077,315,3.4
122610077,221,4
929736750,285,2.8
929736750,266,2.1
929736750,46,3.4
929736750,65,2.3
929736750,286,2.8
929736750,267,3.5
734475637,43,2.6
734475637,7,3.2
734475637,245,2.6
734475637,270,2.7
126201917,320,3.3
126201917,287,2.8
126201917,10,3.2
126201917,179,4
126201917,10,2.3
126201917,27,2.1
126201917,146,3.1
100000044,221,4
100000044,33,3.4
100000044,68,3.7
100000044,182,3
100000044,86,2.7
935311638,184,3.9
935311638,197,3.2
935311638,196,3.2
935311638,77,3.1
935311638,74,2.8
935311638,50,2.5
935311638,49,3
182466487,300,3.2
182466487,236,2.1
182466487,66,2.1
182466487,79,4
182466487,47,2.2
182466487,186,3.7
809227630,221,3.3
809227630,150,3.8
809227630,73,2.6
809227630,128,2.1
809227630,309,3.4
809227630,152,3.7
809227630,70,3.7
592694106,153,3.4
592694106,98,3.3
592694106,269,2.4
592694106,67,2.2
592694106,255,3.4
557024415,156,2.6
557024415,265,3
557024415,169,2.7
557024415,67,2.5
557024415,132,3.6
557024415,72,2.5
100000019,241,2.3
100000019,243,2.2
100000019,133,3.2
100000019,129,3.5
100000019,164,3.8
100000019,2,2.7
293186456,12,2.7
293186456,252,3.4
293186456,203,3.6
293186456,282,3.8
293186456,124,2.2
293186456,33,2.7
149973719,275,3.6
149973719,97,2.5
149973719,138,3.5
149973719,175,2.3
149973719,140,2.3
149973719,151,2.9
149973719,61,2.7
962139099,218,3.9
962139099,28,3.3
962139099,289,2.9
962139099,143,3.1
962139099,248,2.7
962139099,226,3.8
962139099,260,2.2
305615009,170,3.1
305615009,319,2.6
305615009,24,3.9
305615009,246,2.8
305615009,35,2.4
305615009,119,3
305615009,191,2.5
972109917,194,2.6
972109917,58,3.1
972109917,82,3.2
972109917,191,3.6
972109917,250,2.7
972109917,277,3
396683565,204,2.9
396683565,141,3
396683565,308,2.6
396683565,260,4
396683565,269,2.7
396683565,127,3.9
396683565,227,3.2
817303771,141,3.6
817303771,191,3.3
817303771,268,3.5
817303771,19,2.9
817303771,144,3.1
817303771,111,2.3
969182868,140,3.8
969182868,70,2.8
969182868,215,2.1
969182868,155,2.2
969182868,199,2.7
969182868,89,3.1
969182868,103,2.6
174631601,311,3.9
174631601,59,2.6
174631601,265,2.6
174631601,36,2.3
174631601,264,2.3
174631601,203,3.8
100000081,317,2.3
100000081,146,3.9
100000081,167,3
100000081,220,3.9
100000081,231,3.2
359196383,274,2.9
359196383,167,3.7
359196383,75,3.8
359196383,21,3.8
359196383,172,3.6
359196383,74,2.1
988405591,137,3.1
988405591,64,3.3
988405591,229,2.3
988405591,49,3.9
988405591,25,3.8
988405591,121,2
918394307,179,3.1
918394307,273,3.7
918394307,265,3.8
918394307,294,2
918394307,220,3.4
918394307,73,3.1
918394307,136,3
165090933,155,2.4
165090933,82,3.1
165090933,290,2
165090933,165,2.8
165090933,164,3.8
165090933,189,2.2
100000031,166,3.3
100000031,191,3.8
100000031,257,2.8
100000031,160,2.3
100000031,305,3
100000031,297,3.9
378989510,246,2.2
378989510,23,3.5
378989510,53,2.5
378989510,319,2.3
378989510,121,2.3
378989510,263,3.6
686895345,290,2.8
686895345,13,2.8
686895345,230,3.2
686895345,299,4
686895345,189,3.7
686895345,24,3
686895345,168,3.9
451218285,225,2.7
451218285,267,2.7
451218285,90,3
451218285,20,2.8
451218285,291,3.6
236904003,148,2
236904003,189,3.5
236904003,317,3.1
236904003,223,2.4
236904003,52,3.8
236904003,175,2.7
784151492,21,2.2
784151492,182,2.7
784151492,109,3.4
784151492,69,2.1
784151492,284,3.1
784151492,316,3
784151492,3,3.5
197458669,35,2.8
197458669,233,2.7
197458669,257,3.4
197458669,231,3
197458669,224,2.8
627517641,147,3.5
627517641,95,2.7
627517641,156,3.7
627517641,272,3.4
627517641,134,3.2
627517641,45,2.8
699678615,92,3.4
699678615,228,3.1
699678615,174,3.1
699678615,176,2
699678615,174,3
792385108,264,3.4
792385108,72,3.9
792385108,164,3.1
792385108,201,2.4
376664011,226,2.8
376664011,40,2.3
376664011,101,3.2
376664011,111,3.4
376664011,23,3.3
376664011,66,2.4
772580855,44,2.6
772580855,95,2.8
772580855,6,3.3
772580855,309,2.6
772580855,226,2.5
772580855,205,2.7
772580855,4,2.5
394365269,68,2.1
394365269,268,3.5
394365269,70,2.8
394365269,33,3.6
394365269,101,3.8
907951242,13,2.7
907951242,226,3.3
907951242,264,2.2
907951242,110,2
907951242,286,3.8
992315967,163,2.6
992315967,102,2.2
992315967,115,2.8
992315967,54,3.7
992315967,312,3.4
659413809,253,3
659413809,196,3
659413809,173,2
659413809,209,2.7
659413809,38,4
659413809,127,2.2
659413809,111,3
100000089,226,2.4
100000089,205,2.6
100000089,256,3.4
100000089,293,3.7
100000089,61,3.5
100000089,51,2.4
100000089,73,2
371770700,140,3.9
371770700,206,3.6
371770700,63,3
371770700,137,2
371770700,308,2.7
371770700,280,3.6
528602885,127,3.2
528602885,245,2
528602885,78,2.5
528602885,302,2.4
528602885,233,3.4
528602885,35,2.3
525268183,263,3.4
525268183,125,3.8
525268183,239,3.5
525268183,61,2.7
525268183,87,2.7
388211450,318,3.3
388211450,246,2.5
388211450,40,3.3
388211450,244,3.7
388211450,17,3.2
961243520,44,2.1
961243520,190,3.4
961243520,46,2.3
961243520,70,2.2
961243520,143,2.2
989916266,272,2
989916266,254,3.6
989916266,5,2.5
989916266,33,2.6
989916266,171,3.5
989916266,53,2.1
589805086,189,2.6
589805086,320,2.1
589805086,57,3.1
589805086,65,3.6
589805086,285,2.5
589805086,298,3
547635042,18,3.1
547635042,15,3.4
547635042,134,2.2
547635042,304,2.9
547635042,169,2.7
450010674,148,3.9
450010674,321,3.1
450010674,72,2.3
450010674,126,2
450010674,124,4
546222657,242,2.1
546222657,276,3.3
546222657,146,2.4
546222657,318,2.1
546222657,268,2.3
546222657,42,2.2
980343898,21,3.9
980343898,296,2.8
980343898,197,2.2
980343898,128,2.1
980343898,186,3.8
985075643,88,3.4
985075643,51,2.8
985075643,184,3.3
985075643,55,3.2
959151452,152,2.2
959151452,87,2.8
959151452,236,2.8
959151452,28,2.6
959151452,227,3.8
704371183,250,2.1
704371183,217,3.5
704371183,8,2.4
704371183,224,2.9
704371183,225,2.4
704371183,61,2.2
704371183,174,2
932770935,57,3
932770935,264,2.6
932770935,47,2.1
932770935,139,3.9
932770935,187,3.9
140854214,264,2.5
140854214,250,2.8
140854214,172,3.3
140854214,70,2.4
140854214,295,2.6
140854214,202,3.6
140854214,36,3.1
100000012,272,3.7
100000012,100,4
100000012,5,3.4
100000012,233,3.3
100000012,171,3.4
100000012,230,3.7
100000012,225,2.7
954328143,63,4
954328143,38,2.7
954328143,266,2.9
954328143,125,3.1
954328143,151,3.4
954328143,257,3.6
954328143,313,3.3
868356701,51,3
868356701,200,3.3
868356701,191,3.6
868356701,153,3
868356701,149,3
868356701,183,3.4
100000013,225,2.3
100000013,153,2.9
100000013,207,2.6
100000013,188,3.5
100000013,123,3.3
100000013,234,2.6
837349019,106,2.4
837349019,9,2.2
837349019,60,2.5
837349019,253,3.3
837349019,85,3.8
398790005,96,3.8
398790005,32,3.4
398790005,312,3.6
398790005,321,3.4
100000078,14,3.1
100000078,104,2.2
100000078,173,2.6
100000078,28,2.3
100000078,295,3.1
100000078,40,3.5
100000007,21,2.7
100000007,19,2.3
100000007,41,2.4
100000007,302,2.9
100000007,148,3.9
100000007,121,2.5
644201171,194,3.2
644201171,226,2.7
644201171,301,2.1
644201171,106,4
644201171,222,3.8
256215940,248,3.9
256215940,142,2.6
256215940,183,3.1
256215940,136,3.9
501266473,63,2.7
501266473,65,2
501266473,180,4
501266473,31,3.5
501266473,79,3.8
501266473,241,3.2
501266473,314,3
692505615,61,3.4
692505615,105,2.2
692505615,112,2.3
692505615,110,3.6
692505615,44,3.2
692505615,205,3.3
197937220,140,2.3
197937220,74,2.2
197937220,303,2.3
197937220,290,2.6
197937220,91,2.7
197937220,73,3.8
197937220,316,2.2
848463319,275,2.5
848463319,55,3.1
848463319,287,2
848463319,122,2.8
848463319,319,3.2
848463319,120,3.5
100000021,88,2.1
100000021,85,2.9
100000021,200,3.7
100000021,60,3.6
100000021,136,3.1
100000021,113,2.6
296542833,212,3.5
296542833,185,2.5
296542833,18,2.9
296542833,157,2.4
296542833,194,3.1
296542833,223,2.8
296542833,306,3
208560084,278,3.1
208560084,80,4
208560084,113,3.7
208560084,87,2.1
208560084,175,2
912615981,239,3.3
912615981,289,3.6
912615981,305,3.1
912615981,213,2.8
912615981,177,2.6
912615981,137,3.5
667047595,230,3.4
667047595,307,2.7
667047595,227,3.3
667047595,285,2.3
667047595,175,3.7
667047595,57,2.7
667047595,128,2.8
100000091,157,3.8
100000091,271,2.2
100000091,9,2.1
100000091,42,3.4
100000091,76,3.3
100000091,82,2.9
246310500,93,2.3
246310500,113,2.3
246310500,222,2.3
246310500,259,2.3
246310500,193,3.2
315727734,171,3.7
315727734,152,2.9
315727734,62,3.8
315727734,125,2
315727734,179,2.3
719207995,194,3.2
719207995,277,3.3
719207995,271,2.4
719207995,202,2.4
490512206,280,2.8
490512206,301,2.4
490512206,188,2.4
490512206,293,3.5
490512206,205,3.5
490512206,7,2.9
602696012,301,3.2
602696012,259,2.1
602696012,109,2.8
602696012,47,3.1
100000006,206,3.5
100000006,46,4
100000006,8,2.7
100000006,310,3.2
230419529,39,3.2
230419529,191,2.2
230419529,238,2.8
230419529,39,3.8
954729948,144,2.8
954729948,211,3.4
954729948,308,2.2
954729948,62,2.8
954729948,242,3.6
327094002,154,2.8
327094002,217,2.5
327094002,195,3.6
327094002,230,3.2
327094002,20,3
833125144,138,3.7
833125144,192,2.1
833125144,85,2.8
833125144,250,2.2
100000005,169,3.1
100000005,151,3.7
100000005,19,3
100000005,29,2.3
780161480,38,2.5
780161480,21,3.4
780161480,143,3.6
780161480,287,2.5
107110226,138,3.6
107110226,283,3.8
107110226,255,2.8
107110226,187,3.5
117355142,190,2.7
117355142,313,2.5
117355142,102,3.6
117355142,174,2.9
688777625,37,2.6
688777625,197,3.6
688777625,7,2.5
688777625,36,3.2
787560780,139,3.4
787560780,204,2.5
787560780,140,3.1
787560780,99,2.4
824566824,305,2.1
824566824,134,2.1
824566824,320,2.1
350825420,180,2.3
350825420,34,2.8
350825420,220,3
350825420,103,2.3
350825420,62,3
808966474,171,3.3
808966474,59,3
808966474,19,3.2
808966474,185,3
808966474,244,2.8
808966474,313,3.2
808966474,169,3.6
100000046,111,2.6
100000046,302,2.6
100000046,280,2
384921160,317,3.1
384921160,170,3.6
384921160,63,3.7
384921160,207,3.1
384921160,72,2.6
384921160,79,4
317026478,290,2.6
317026478,274,3.5
317026478,205,3.1
317026478,206,2.1
317026478,75,2.1
317026478,118,2.7
857184401,227,3.1
857184401,104,2.8
857184401,58,3.2
703371040,240,2.2
703371040,207,2.9
703371040,316,2.8
378099207,101,2.4
378099207,208,2.2
378099207,80,3
937564802,252,3.4
937564802,195,2.5
937564802,194,2.8
937564802,220,3.7
937564802,136,4
937564802,6,2.4
854481856,15,3.3
854481856,19,2.7
854481856,92,3.9
792693264,204,3.9
792693264,216,2.6
792693264,172,2.3
792693264,110,2.6
792693264,125,3.4
792693264,245,2.7
940867683,270,3.5
940867683,24,3.2
940867683,30,3.1
542536212,253,3.2
542536212,112,3.6
542536212,212,2
845842315,126,2.7
845842315,27,2.3
845842315,201,4
845842315,87,3.2
845842315,2,2.2
845842315,47,3.9
155022875,28,2.2
155022875,243,2
155022875,198,2.6
100000037,306,2.4
100000037,74,3
100000037,64,3
100000037,15,2.9
100000037,308,2.9
100000037,127,2
359578474,281,3.7
359578474,198,3.6
159057629,291,2.7
159057629,17,2.8
746423780,231,3.6
746423780,21,2.3
746423780,100,2.1
746423780,283,3.8
746423780,100,2
360724385,141,2
360724385,5,2.5
552839373,29,3.1
552839373,194,2.3
552839373,264,2.6
552839373,297,2.5
541880068,123,3
541880068,189,3.1
315859447,208,2.3
315859447,59,2.9
315859447,56,3.7
315859447,293,2.3
248395736,127,3.6
248395736,284,3.8
248395736,275,3.1
248395736,317,3.8
420861378,243,3.9
420861378,227,3.5
420861378,163,2.4
420861378,55,2.5
420861378,196,2.4
660296604,146,3
660296604,157,3.9
660296604,213,3.6
660296604,47,2.8
660296604,89,3.3
660296604,241,2.4
100000002,264,3.7
100000002,262,2
100000002,253,4
100000002,11,3.8
100000002,209,4
100000002,1,3.7
569709267,299,2.5
569709267,301,2.7
513973005,224,2.5
513973005,319,3.7
416892316,242,3.3
416892316,305,3.5
416892316,129,3.7
416892316,6,2.1
416892316,300,2.2
416892316,231,4
986741551,31,3.3
986741551,208,2.1
986741551,28,2.6
986741551,50,2.1
515366444,122,3.8
515366444,201,3.6
418461660,85,2.3
418461660,28,3.4
212932310,313,2.6
212932310,313,2.5
275469003,229,2.1
275469003,149,3.8
275469003,62,3.7
275469003,109,3.9
275469003,239,2
275469003,318,2.9
531962051,311,2.7
531962051,217,2.5
531962051,293,2.2
531962051,217,3.8
531962051,206,2.1
172507097,270,2.4
172507097,122,2.6
172507097,101,2.1
172507097,213,2.1
172507097,281,3.2
231865958,176,3.2
231865958,305,3.2
816334009,312,3.8
816334009,102,3.4
816334009,281,2
816334009,9,2.4
657564362,303,3
657564362,219,2.8
657564362,54,3.1
657564362,234,3.3
657564362,143,2.3
387611836,289,2.8
387611836,219,3.8
387611836,27,2.9
387611836,58,3.8
387611836,151,2.7
829954517,17,3.4
829954517,23,2.1
571673439,67,3.5
571673439,126,3.9
571673439,259,3.7
571673439,39,2.6
571673439,49,3.5
270848482,10,2.2
270848482,260,2.4
834112233,253,2.3
834112233,133,2.3
156526146,206,3.3
156526146,240,3.8
613091281,114,3.5
613091281,129,3.7
613091281,137,3
613091281,204,2.5
613091281,317,3.8
785418685,58,2
785418685,10,2.4
785418685,17,3.8
785418685,146,2.8
785418685,306,2.4
233591784,185,3.9
233591784,286,3.8
233591784,235,3.3
233591784,253,3.4
233591784,86,2.7
233591784,183,3
370375018,143,3.1
370375018,45,2.9
370375018,65,2.6
370375018,78,2.9
370375018,248,2.5
370375018,146,2.1
733700590,226,2
733700590,225,3.2
733700590,293,2.4
733700590,303,2.8
733700590,235,2.9
290277089,41,3.9
290277089,71,3.6
290277089,118,3.6
290277089,281,2.7
290277089,153,2.6
979966424,106,3.7
979966424,190,2.6
979966424,190,3.2
979966424,64,2.5
979966424,297,3.7
916952800,142,3.9
916952800,42,3.5
322635152,182,3.1
322635152,208,3.6
322635152,141,2.4
322635152,43,3.6
322635152,256,2.5
100000034,172,2.8
100000034,8,3.1
100000034,238,2.3
100000034,29,2.8
100000034,251,2.6
100000034,247,3.1
632698840,44,2.6
632698840,181,4
632698840,273,2.4
632698840,175,3.2
632698840,139,3.8
655500756,187,2.3
655500756,151,3.5
927304408,92,3.9
927304408,176,2.3
115774329,33,2.1
115774329,103,2.5
115774329,28,3.5
115774329,24,2.5
115774329,70,2.2
115774329,77,3.4
465735607,85,3
465735607,92,3.5
560458287,231,2.9
560458287,280,3.4
560458287,70,2.4
560458287,67,2.6
560458287,278,2.2
560458287,255,2.2
504448684,174,2.1
504448684,295,2.2
504448684,215,2.8
504448684,83,3.6
504448684,319,2.6
509736956,90,2.6
509736956,271,3.4
695459820,259,2.8
695459820,291,2.3
524078148,73,2.8
524078148,283,2.6
524078148,15,2.8
524078148,17,3.6
524078148,42,3.8
647506395,129,2.7
647506395,148,3.5
647506395,283,2.1
647506395,126,2.1
647506395,14,2.1
647506395,58,3.3
512038250,316,3
512038250,186,2.5
987260886,80,2.9
987260886,97,2.6
514086103,19,3.9
514086103,222,3
514086103,109,3.8
514086103,6,2.4
514086103,290,2.9
626176346,77,2.8
626176346,29,2.9
706572534,287,3.6
706572534,69,2.4
914408084,320,2.8
914408084,194,3.7
759603011,282,3.3
759603011,172,3.3
338354016,121,3.2
338354016,92,3.9
338354016,190,2
338354016,75,2.3
156438046,228,3.1
156438046,263,3.7
455628746,304,3.7
455628746,278,2.8
455628746,278,3.1
455628746,171,2.5
238352398,138,3.3
238352398,144,3
857149319,155,3.6
857149319,115,2.1
635926566,86,3.7
635926566,196,3.2
635926566,129,2.3
635926566,147,3.6
635926566,215,2.5
297149847,171,3.7
297149847,165,3.3
500019392,280,3.8
500019392,155,2.7
500019392,79,2.1
500019392,275,2
796740966,138,2.5
796740966,242,2.2
202448052,92,3.6
202448052,314,2
380910782,107,3.6
380910782,144,2.2
775632900,165,3.3
775632900,315,3.8
775632900,166,2.8
775632900,226,3.9
775632900,298,2.5
690275357,286,3.1
690275357,321,2.8
457743532,290,3.8
457743532,31,3.1
418483364,234,2.3
418483364,226,2.8
304665873,91,2.8
304665873,263,3
568629556,97,3.6
568629556,4,2.6
487452265,313,3
487452265,117,2.2
101739660,247,3.3
101739660,31,3.3
885256329,160,2.8
885256329,222,3.2
171799316,261,3.7
171799316,321,2.9
171799316,187,2
171799316,314,3.4
569423933,296,3.8
569423933,164,3.8
871575955,269,2.6
871575955,98,3.1
574300329,143,2.4
574300329,273,2.8
538711442,309,2.2
538711442,1,2.1
584937760,38,2.1
584937760,181,3.3
100000048,250,2
100000048,33,3.6
100000048,182,2.6
100000048,256,2.2
100000048,248,3.2
100000048,35,2.6
377839834,125,4
377839834,9,2.4
202313370,319,3.5
202313370,284,3.3
100000003,243,2.4
100000003,126,2.5
978250576,54,3.4
978250576,164,2.8
508652510,141,3
616819312,29,3.5
224163916,99,4
458509960,142,3
651780571,290,3.2
651780571,56,3.9
651780571,192,2.4
651780571,180,3
651780571,304,3.3
202440930,165,2.9
607152926,61,2.3
102283760,178,2.2
100000022,143,3.8
823810119,196,2.9
328304786,3,3
712848348,216,3
712848348,244,3.8
712848348,223,2.9
712848348,80,3
130849538,28,3.3
885740203,253,3.4
200311227,237,2.7
627311685,167,2.4
968964215,17,3.6
968964215,125,3.2
968964215,241,3.9
968964215,178,3.5
968964215,292,3.5
426920038,39,2.1
894584013,174,2.6
571243192,95,3.6
321518394,41,2.7
843456677,221,3.1
244310583,215,2.6
815498989,61,3.2
649526960,153,3.3
627362409,288,3.7
155884239,108,2.3
695317014,28,3.3
695317014,239,3.3
695317014,149,3.8
695317014,270,2.3
164683291,221,3.8
446449911,56,3.5
806336128,178,3.8
732191692,192,3.5
732191692,279,3.5
732191692,291,3.4
732191692,79,3.9
557548716,184,2.6
557548716,196,3.1
557548716,321,2.5
557548716,49,2.8
557548716,122,3.8
100000040,86,3.4
411620820,94,2.3
352674156,285,2.7
639433342,319,3.5
738787985,317,3.3
586864135,284,3.1
968684148,227,3.7
968684148,80,3.8
968684148,42,3.6
968684148,139,2.8
968684148,5,2
705919886,178,2.9
705919886,172,3.2
705919886,81,3.8
705919886,173,3.7
705919886,288,2.9
287768702,88,3.6
287768702,62,2.8
287768702,107,3.7
287768702,42,3.5
287768702,78,3.5
379308077,61,3.8
887079062,55,3.9
185164376,8,3.5
185164376,54,2.4
185164376,67,3.2
185164376,190,2.1
896453458,41,3.2
896453458,266,2.7
896453458,293,2.9
896453458,202,3.3
348188268,195,2.1
619554042,171,4
100000010,194,3.3
159228671,147,2
472021651,136,3.1
431903294,242,3.6
100000094,316,3
645926739,125,3.3
804055173,101,2.1
939171260,106,3.1
743234410,75,2.9
773852123,37,2.9
767348248,228,2.6
100000098,240,2.9
100000098,244,2.8
100000098,273,3.3
100000098,61,2
397874025,175,3.6
979347367,65,2.6
387675834,126,2.4
598157287,2,2.9
576714281,7,2.2
579406719,47,3.8
847262215,151,3.3
846986397,35,3.8
569317071,266,3.1
569317071,109,2.9
569317071,297,2.7
569317071,318,3.2
569317071,209,2.8
913261728,190,2.4
191247014,170,2.8
191247014,191,2.2
191247014,299,2.1
191247014,277,2.1
406730036,100,3.3
917134528,182,2
997926025,95,3.6
684634282,147,2.6
915553981,169,2.2
967195265,207,3.2
992888150,312,2.6
992888150,155,4
992888150,125,2.4
992888150,97,3.5
992888150,306,3.3
170915019,261,2.4
498274608,253,2.5
730232380,295,3.4
951297565,81,2.8
249898537,318,3
552411116,288,3.5
172798883,266,4
945623225,304,3
639158373,82,3.2
639158373,42,3.9
639158373,280,2.4
639158373,239,3
639158373,287,3.3
348996489,279,2.9
821230172,196,2.3
976248110,273,2.2
376226153,298,3.8
479364124,273,2.9
479364124,278,3
479364124,205,3
479364124,112,3.8
929699153,317,2.9
929699153,17,3
929699153,130,3.3
929699153,265,3.4
172615399,281,2.7
860858292,234,2.4
327476774,211,3.6
641748253,159,3.2
641748253,263,3.9
641748253,53,3.5
641748253,260,3.5
641748253,308,2.1
492303831,98,2.6
143525711,126,3.6
622507523,300,2.7
465507294,317,3.1
596877282,30,2.6
335667229,37,3.2
335667229,97,3.3
335667229,225,3.7
335667229,58,2.3
335667229,307,3.3
587348156,70,3.3
785725811,57,3.8
785725811,144,2.3
785725811,120,3.8
785725811,98,3.5
785725811,272,3.8
122766420,134,3.5
944318588,10,3.5
100000014,33,3.4
100000014,43,3.9
100000014,144,2.6
100000014,16,3.1
100000014,306,2.5
246613425,109,2.8
194548435,198,3.8
964885267,7,3.4
964885267,30,2.3
964885267,144,2.7
964885267,107,3.5
964885267,242,3.3
100000072,186,3.1
100000072,267,3.7
100000072,78,3.8
100000072,281,3.6
665782379,269,2.8
700696802,2,2
731941847,138,2.9
731941847,144,3.2
731941847,136,3.8
731941847,34,3.7
807783937,81,2.9
316405161,206,3.6
101193188,175,2.8
361400779,243,3.7
100000090,64,3.5
751972468,193,3.5
100000004,242,3.8
100000004,176,3.9
100000004,251,3.5
100000004,152,2.4
100000004,235,3.2
630144281,292,2.1
713710184,27,3.2
713710184,238,2.7
713710184,122,2.9
713710184,101,3.3
129474045,15,2.1
811579203,165,4
801414156,115,3.3
511830307,1,2
511830307,107,3.1
511830307,310,3.6
511830307,314,3
511830307,114,3.3
515957515,145,2.1
421176673,9,3.1
421176673,297,2.9
421176673,292,2.9
421176673,56,2.6
540421525,290,2.9
100000084,300,2.8
329661340,125,3.3
329661340,52,2
329661340,285,3.6
329661340,321,2.6
329661340,303,2.4
459155804,52,2.9
773993718,225,2.2
399433889,268,3.8
399433889,239,3.3
399433889,287,3.8
399433889,254,3.1
399433889,241,2.9
335306418,254,2.7
335306418,231,3.2
335306418,56,2.8
335306418,88,2.4
335306418,89,2.8
454374104,51,2.2
675981741,174,2.1
463885038,131,2.1
472427205,121,3.3
472427205,132,2
472427205,172,3.6
472427205,260,2.6
368852692,267,2.2
317423834,271,3.2
774550255,224,2.6
188522794,140,4
188522794,85,2.4
188522794,149,3.5
188522794,24,3.3
188522794,68,2.4
188522794,112,2.5
380576265,137,3.4
290953684,57,2.8
150590028,99,3
150590028,152,3.5
150590028,280,4
150590028,174,3
150590028,238,3.2
360696328,182,3.9
749942194,100,2.4
508046778,257,3
256338470,291,3.3
113446224,313,2.9
596087488,308,2.3
596087488,145,2.2
596087488,269,3.8
596087488,257,2.9
506902216,310,3
432790588,272,3
432790588,172,3.8
432790588,53,2.9
432790588,313,3
432790588,149,3.3
521254384,296,3.4
667242478,196,2.7
667242478,25,2.4
667242478,260,3.6
667242478,218,3.2
667242478,147,3.9
578425364,257,3.5
556795788,159,3.5
669393590,144,2.1
669393590,187,2.6
669393590,236,3.6
669393590,315,2.7
870542815,216,3.1
870542815,171,2.6
870542815,66,3.2
870542815,274,3.3
870542815,166,3.7
225683584,59,2.3
225683584,206,3.3
225683584,48,3.3
225683584,39,3.8
948088395,165,2.3
948088395,155,3.8
948088395,50,3.5
948088395,187,3.8
948088395,229,3.5
100000039,188,3.5
918163362,104,3.4
918163362,61,3.9
918163362,87,2.6
918163362,12,3.1
710143224,243,2.5
100000055,100,2.8
810893430,27,3.8
810893430,214,3.4
810893430,113,2.3
810893430,189,2.7
810893430,298,3.5
480134868,318,3.3
422926638,130,3.1
422926638,253,3.7
422926638,78,3.8
422926638,155,3.6
457703052,189,2.8
214783445,255,2
214783445,249,2.9
214783445,94,3.2
214783445,238,3.8
693105427,305,3.7
872890293,56,2.9
872890293,116,3.6
872890293,54,2.8
872890293,274,3.7
194417344,88,3.5
194417344,213,3.5
194417344,26,3.8
194417344,263,3.9
381627527,181,3.5
381627527,60,2.4
381627527,20,3.2
381627527,311,2.1
855786372,213,3.2
855786372,217,2.7
855786372,46,2.9
855786372,247,3.3
855786372,78,2.1
905807520,80,4
905807520,94,3.3
905807520,168,2
905807520,110,3.1
527064819,180,3.6
527064819,219,3
527064819,295,3.3
527064819,188,2.1
306164905,2,3.1
175768293,241,2.9
175768293,59,2.9
175768293,310,2.6
175768293,161,2.9
100000064,196,2.8
496644618,192,3.3
799907038,317,2
100000074,240,3.6
100000074,28,2.6
100000074,124,2.4
100000074,281,2.9
623463642,6,2.2
339113928,158,3.8
555946347,37,3.3
555946347,74,3.8
555946347,202,3.1
555946347,240,2.9
551041612,168,2.7
628758312,37,3.2
100000058,239,2.8
915440837,248,2.4
915440837,35,2.8
915440837,134,2.2
915440837,287,2.1
907934014,213,2.1
907934014,216,3.3
907934014,31,2
907934014,69,3.6
977618865,62,2.6
977618865,55,2.2
977618865,165,3.2
977618865,128,2.6
977618865,84,4
364395136,43,2.4
272062947,138,3.5
272062947,151,3.3
272062947,17,2.4
272062947,294,2.5
177664067,23,3.4
717034347,236,2.8
199147070,90,3
252628024,154,3.5
252628024,158,4
252628024,253,3
252628024,31,3.2
268473315,155,3.9
268473315,266,2.4
268473315,12,3
268473315,118,3.3
268473315,95,2.9
507461788,277,2.3
507461788,150,2.2
507461788,3,3.8
507461788,167,2.9
507461788,89,3
435837039,155,3
435837039,249,3.8
435837039,309,2.9
435837039,311,3
857940763,250,3.3
857940763,118,3.4
857940763,136,2.7
857940763,156,2.4
555794856,167,3.6
555794856,166,3.2
555794856,280,3.9
555794856,196,3.5
398186645,10,3.5
398186645,94,2.1
398186645,204,2.6
398186645,262,3.6
383669257,235,2.7
383669257,163,3.1
383669257,79,2.6
383669257,122,3.2
221268808,240,3.3
221268808,143,3.7
221268808,36,2.3
221268808,50,3.3
